#
# A fatal error has been detected by the Java Runtime Environment:
#
#  EXCEPTION_ACCESS_VIOLATION (0xc0000005) at pc=0x00007ffe6fdb7fff, pid=15156, tid=17688
#
# JRE version: OpenJDK Runtime Environment Temurin-21.0.7+6 (21.0.7+6) (build 21.0.7+6-LTS)
# Java VM: OpenJDK 64-Bit Server VM Temurin-21.0.7+6 (21.0.7+6-LTS, mixed mode, sharing, tiered, compressed oops, compressed class ptrs, g1 gc, windows-amd64)
# Problematic frame:
# C  [libcef.dll+0x4717fff]
#
# No core dump will be written. Minidumps are not enabled by default on client versions of Windows
#
# If you would like to submit a bug report, please visit:
#   https://github.com/adoptium/adoptium-support/issues
# The crash happened outside the Java Virtual Machine in native code.
# See problematic frame for where to report the bug.
#

---------------  S U M M A R Y ------------

Command Line: -Declipse.p2.max.threads=10 -Dosgi.requiredJavaVersion=17 -Dorg.slf4j.simpleLogger.defaultLogLevel=off -XX:+UseG1GC -XX:+UseStringDeduplication -Xms512m -Xmx3g --add-modules=ALL-SYSTEM -Dcom.renesas.cdt.core.ui.menus.RenesasViewsMenuFactory.hide=true -Dswt.autoScale=quarter -Dswt.autoScale.method=smooth 

Host: 12th Gen Intel(R) Core(TM) i5-12500H, 16 cores, 15G,  Windows 11 , 64 bit Build 26100 (10.0.26100.7623)
Time: Tue Jan 27 14:51:47 2026  Windows 11 , 64 bit Build 26100 (10.0.26100.7623) elapsed time: 12.316813 seconds (0d 0h 0m 12s)

---------------  T H R E A D  ---------------

Current thread (0x000001f7b33d3ae0):  JavaThread "main"             [_thread_in_native, id=17688, stack(0x0000000c356d0000,0x0000000c357d0000) (1024K)]

Stack: [0x0000000c356d0000,0x0000000c357d0000],  sp=0x0000000c357cae00,  free space=1003k
Native frames: (J=compiled Java code, j=interpreted, Vv=VM code, C=native code)
C  [libcef.dll+0x4717fff]

Java frames: (J=compiled Java code, j=interpreted, Vv=VM code)
j  org.cef.CefApp.N_Initialize(Lorg/cef/handler/CefAppHandler;Lorg/cef/CefSettings;)Z+0
j  org.cef.CefApp.access$5(Lorg/cef/CefApp;Lorg/cef/handler/CefAppHandler;Lorg/cef/CefSettings;)Z+3
j  org.cef.CefApp$2.run()V+264
j  org.cef.CefApp.initialize()V+21
j  org.cef.CefApp.createClient()Lorg/cef/CefClient;+43
j  com.equo.chromium.internal.Engine.createClient()Lorg/cef/CefClient;+3
j  com.equo.chromium.swt.internal.Chromium.createClienthandler()V+0
j  com.equo.chromium.swt.internal.Chromium.getClientHandler()Lorg/cef/CefClientSwt;+15
j  com.equo.chromium.swt.internal.Chromium.prepareBrowser()V+38
j  com.equo.chromium.swt.internal.Chromium.createBrowser()V+1
j  com.equo.chromium.swt.internal.Chromium.create(Lorg/eclipse/swt/widgets/Composite;I)V+87
j  com.equo.chromium.swt.Browser.<init>(Lorg/eclipse/swt/widgets/Composite;I)V+129
j  org.eclipse.swt.browser.Browser.<init>(Lorg/eclipse/swt/widgets/Composite;I)V+6
j  com.renesas.cdt.ddsc.settingseditor.pages.PageSummary.createContents(Lorg/eclipse/swt/widgets/Composite;)Lorg/eclipse/swt/widgets/Control;+216
j  com.renesas.cdt.ddsc.settingseditor.pages.ConfigPageCompositeWrapper.createContents(Lorg/eclipse/swt/widgets/Composite;)Lorg/eclipse/swt/widgets/Control;+18
j  com.renesas.cdt.ddsc.settingseditor.pages.ConfigPageCompositeWrapper.createFormContent(Lorg/eclipse/ui/forms/IManagedForm;)V+70
j  org.eclipse.ui.forms.editor.FormPage.lambda$0()V+5
j  org.eclipse.ui.forms.editor.FormPage$$Lambda+0x000001f7d1990000.run()V+4
j  org.eclipse.swt.custom.BusyIndicator.showWhile(Lorg/eclipse/swt/widgets/Display;Ljava/lang/Runnable;)V+33
j  org.eclipse.ui.forms.editor.FormPage.createPartControl(Lorg/eclipse/swt/widgets/Composite;)V+35
j  org.eclipse.ui.part.MultiPageEditorPart.addPage(ILorg/eclipse/ui/IEditorPart;Lorg/eclipse/ui/IEditorInput;)V+49
j  org.eclipse.ui.forms.editor.FormEditor.addPage(ILorg/eclipse/ui/IEditorPart;Lorg/eclipse/ui/IEditorInput;)V+4
j  org.eclipse.ui.part.MultiPageEditorPart.addPage(Lorg/eclipse/ui/IEditorPart;Lorg/eclipse/ui/IEditorInput;)I+9
j  org.eclipse.ui.forms.editor.FormEditor.addPage(Lorg/eclipse/ui/IEditorPart;Lorg/eclipse/ui/IEditorInput;)I+3
j  com.renesas.cdt.ddsc.settingseditor.internal.editors.DDSCSettingsEditor.addConfigurationPages()V+335
j  com.renesas.cdt.ddsc.settingseditor.internal.editors.DDSCSettingsEditor.createPages()V+53
j  org.eclipse.ui.part.MultiPageEditorPart.createPartControl(Lorg/eclipse/swt/widgets/Composite;)V+16
j  org.eclipse.ui.internal.e4.compatibility.CompatibilityPart.createPartControl(Lorg/eclipse/ui/IWorkbenchPart;Lorg/eclipse/swt/widgets/Composite;)Z+65
j  org.eclipse.ui.internal.e4.compatibility.CompatibilityEditor.createPartControl(Lorg/eclipse/ui/IWorkbenchPart;Lorg/eclipse/swt/widgets/Composite;)Z+3
j  org.eclipse.ui.internal.e4.compatibility.CompatibilityPart.create()V+145
j  java.lang.invoke.LambdaForm$DMH+0x000001f7d1017400.invokeVirtual(Ljava/lang/Object;Ljava/lang/Object;)V+10 java.base@21.0.7
j  java.lang.invoke.LambdaForm$MH+0x000001f7d110a400.invoke(Ljava/lang/Object;Ljava/lang/Object;)Ljava/lang/Object;+31 java.base@21.0.7
J 1617 c1 jdk.internal.reflect.DirectMethodHandleAccessor.invoke(Ljava/lang/Object;[Ljava/lang/Object;)Ljava/lang/Object; java.base@21.0.7 (92 bytes) @ 0x000001f7b8eda6c4 [0x000001f7b8ed8a60+0x0000000000001c64]
J 10085 c1 org.eclipse.e4.core.internal.di.MethodRequestor.execute()Ljava/lang/Object; (176 bytes) @ 0x000001f7b93621fc [0x000001f7b9360c00+0x00000000000015fc]
J 10091 c1 org.eclipse.e4.core.internal.di.InjectorImpl.processAnnotated(Lorg/eclipse/e4/core/internal/di/AnnotationLookup$AnnotationProxy;Ljava/lang/Object;Ljava/lang/Class;Lorg/eclipse/e4/core/di/suppliers/PrimaryObjectSupplier;Lorg/eclipse/e4/core/di/suppliers/PrimaryObjectSupplier;Ljava/util/List;)V (417 bytes) @ 0x000001f7b926ac5c [0x000001f7b926a280+0x00000000000009dc]
J 10091 c1 org.eclipse.e4.core.internal.di.InjectorImpl.processAnnotated(Lorg/eclipse/e4/core/internal/di/AnnotationLookup$AnnotationProxy;Ljava/lang/Object;Ljava/lang/Class;Lorg/eclipse/e4/core/di/suppliers/PrimaryObjectSupplier;Lorg/eclipse/e4/core/di/suppliers/PrimaryObjectSupplier;Ljava/util/List;)V (417 bytes) @ 0x000001f7b926a59c [0x000001f7b926a280+0x000000000000031c]
j  org.eclipse.e4.core.internal.di.InjectorImpl.internalInject(Ljava/lang/Object;Lorg/eclipse/e4/core/di/suppliers/PrimaryObjectSupplier;Lorg/eclipse/e4/core/di/suppliers/PrimaryObjectSupplier;)V+175
j  org.eclipse.e4.core.internal.di.InjectorImpl.internalMake(Ljava/lang/Class;Lorg/eclipse/e4/core/di/suppliers/PrimaryObjectSupplier;Lorg/eclipse/e4/core/di/suppliers/PrimaryObjectSupplier;)Ljava/lang/Object;+310
j  org.eclipse.e4.core.internal.di.InjectorImpl.make(Ljava/lang/Class;Lorg/eclipse/e4/core/di/suppliers/PrimaryObjectSupplier;)Ljava/lang/Object;+11
j  org.eclipse.e4.core.contexts.ContextInjectionFactory.make(Ljava/lang/Class;Lorg/eclipse/e4/core/contexts/IEclipseContext;)Ljava/lang/Object;+13
j  org.eclipse.e4.ui.internal.workbench.ReflectionContributionFactory.createFromBundle(Lorg/osgi/framework/Bundle;Lorg/eclipse/e4/core/contexts/IEclipseContext;Lorg/eclipse/e4/core/contexts/IEclipseContext;Lorg/eclipse/emf/common/util/URI;)Ljava/lang/Object;+158
j  org.eclipse.e4.ui.internal.workbench.ReflectionContributionFactory.doCreate(Ljava/lang/String;Lorg/eclipse/e4/core/contexts/IEclipseContext;Lorg/eclipse/e4/core/contexts/IEclipseContext;)Ljava/lang/Object;+78
j  org.eclipse.e4.ui.internal.workbench.ReflectionContributionFactory.create(Ljava/lang/String;Lorg/eclipse/e4/core/contexts/IEclipseContext;)Ljava/lang/Object;+4
j  org.eclipse.ui.internal.WorkbenchContributionFactory.create(Ljava/lang/String;Lorg/eclipse/e4/core/contexts/IEclipseContext;)Ljava/lang/Object;+6
j  org.eclipse.e4.ui.workbench.renderers.swt.ContributedPartRenderer.createWidget(Lorg/eclipse/e4/ui/model/application/ui/MUIElement;Ljava/lang/Object;)Ljava/lang/Object;+132
j  org.eclipse.e4.ui.internal.workbench.swt.PartRenderingEngine.createWidget(Lorg/eclipse/e4/ui/model/application/ui/MUIElement;Ljava/lang/Object;)Ljava/lang/Object;+21
j  org.eclipse.e4.ui.internal.workbench.swt.PartRenderingEngine.safeCreateGui(Lorg/eclipse/e4/ui/model/application/ui/MUIElement;Ljava/lang/Object;Lorg/eclipse/e4/core/contexts/IEclipseContext;)Ljava/lang/Object;+563
j  org.eclipse.e4.ui.internal.workbench.swt.PartRenderingEngine.safeCreateGui(Lorg/eclipse/e4/ui/model/application/ui/MUIElement;)Ljava/lang/Object;+168
j  org.eclipse.e4.ui.internal.workbench.swt.PartRenderingEngine$2.run()V+13
J 8568 c1 org.eclipse.core.runtime.SafeRunner.run(Lorg/eclipse/core/runtime/ISafeRunnable;)V (20 bytes) @ 0x000001f7ba11f1bc [0x000001f7ba11f020+0x000000000000019c]
j  org.eclipse.e4.ui.internal.workbench.swt.PartRenderingEngine.createGui(Lorg/eclipse/e4/ui/model/application/ui/MUIElement;)Ljava/lang/Object;+15
j  org.eclipse.e4.ui.internal.workbench.PartServiceImpl.lambda$0(Lorg/osgi/service/event/Event;)V+183
j  org.eclipse.e4.ui.internal.workbench.PartServiceImpl$$Lambda+0x000001f7d13eea78.handleEvent(Lorg/osgi/service/event/Event;)V+5
J 10121 c1 org.eclipse.e4.ui.services.internal.events.UIEventHandler$$Lambda+0x000001f7d13e5a80.run()V (12 bytes) @ 0x000001f7b90cbf2c [0x000001f7b90cbdc0+0x000000000000016c]
J 10038 c1 org.eclipse.swt.widgets.Synchronizer.syncExec(Ljava/lang/Runnable;)V (312 bytes) @ 0x000001f7b8d2cb94 [0x000001f7b8d2c1c0+0x00000000000009d4]
J 10036 c1 org.eclipse.ui.internal.UISynchronizer.syncExec(Ljava/lang/Runnable;)V (144 bytes) @ 0x000001f7b946e17c [0x000001f7b946d2c0+0x0000000000000ebc]
J 10035 c1 org.eclipse.swt.widgets.Display.syncExec(Ljava/lang/Runnable;)V (37 bytes) @ 0x000001f7b9470e84 [0x000001f7b9470b00+0x0000000000000384]
J 10119 c1 org.eclipse.e4.ui.services.internal.events.UIEventHandler.handleEvent(Lorg/osgi/service/event/Event;)V (35 bytes) @ 0x000001f7b9391b44 [0x000001f7b9391560+0x00000000000005e4]
J 10026 c1 org.eclipse.equinox.internal.event.EventHandlerWrapper.handleEvent(Lorg/osgi/service/event/Event;Ljava/security/Permission;)V (135 bytes) @ 0x000001f7b92b4c84 [0x000001f7b92b4660+0x0000000000000624]
J 10024 c1 org.eclipse.equinox.internal.event.EventHandlerTracker.dispatchEvent(Ljava/lang/Object;Ljava/lang/Object;ILjava/lang/Object;)V (19 bytes) @ 0x000001f7b8f52804 [0x000001f7b8f52460+0x00000000000003a4]
J 11554 c2 org.eclipse.osgi.framework.eventmgr.ListenerQueue.dispatchEventSynchronous(ILjava/lang/Object;)V (81 bytes) @ 0x000001f7c10057ac [0x000001f7c1005380+0x000000000000042c]
J 9391 c1 org.eclipse.equinox.internal.event.EventAdminImpl.dispatchEvent(Lorg/osgi/service/event/Event;Z)V (228 bytes) @ 0x000001f7b8cc77bc [0x000001f7b8cc68c0+0x0000000000000efc]
J 10267 c1 org.eclipse.equinox.internal.event.EventComponent.sendEvent(Lorg/osgi/service/event/Event;)V (9 bytes) @ 0x000001f7b8d21824 [0x000001f7b8d21740+0x00000000000000e4]
J 9779 c1 org.eclipse.e4.ui.internal.workbench.UIEventPublisher.notifyChanged(Lorg/eclipse/emf/common/notify/Notification;)V (61 bytes) @ 0x000001f7b92ff24c [0x000001f7b92fe6e0+0x0000000000000b6c]
J 7878 c1 org.eclipse.emf.common.notify.impl.BasicNotifierImpl.eNotify(Lorg/eclipse/emf/common/notify/Notification;)V (44 bytes) @ 0x000001f7b9f6749c [0x000001f7b9f67180+0x000000000000031c]
j  org.eclipse.e4.ui.model.application.ui.impl.ElementContainerImpl.setSelectedElementGen(Lorg/eclipse/e4/ui/model/application/ui/MUIElement;)V+34
j  org.eclipse.e4.ui.model.application.ui.impl.ElementContainerImpl.setSelectedElement(Lorg/eclipse/e4/ui/model/application/ui/MUIElement;)V+63
j  org.eclipse.e4.ui.internal.workbench.ModelServiceImpl.showElementInWindow(Lorg/eclipse/e4/ui/model/application/ui/basic/MWindow;Lorg/eclipse/e4/ui/model/application/ui/MUIElement;)V+121
j  org.eclipse.e4.ui.internal.workbench.ModelServiceImpl.bringToTop(Lorg/eclipse/e4/ui/model/application/ui/MUIElement;)V+53
j  org.eclipse.e4.ui.internal.workbench.PartServiceImpl.delegateBringToTop(Lorg/eclipse/e4/ui/model/application/ui/basic/MPart;)V+5
j  org.eclipse.e4.ui.internal.workbench.PartServiceImpl.bringToTop(Lorg/eclipse/e4/ui/model/application/ui/basic/MPart;)V+140
j  org.eclipse.e4.ui.internal.workbench.PartServiceImpl.showPart(Lorg/eclipse/e4/ui/model/application/ui/basic/MPart;Lorg/eclipse/e4/ui/workbench/modeling/EPartService$PartState;)Lorg/eclipse/e4/ui/model/application/ui/basic/MPart;+133
j  org.eclipse.ui.internal.WorkbenchPage.busyOpenEditor(Lorg/eclipse/ui/IEditorInput;Ljava/lang/String;ZILorg/eclipse/ui/IMemento;Z)Lorg/eclipse/ui/IEditorPart;+540
j  org.eclipse.ui.internal.WorkbenchPage.lambda$11([Lorg/eclipse/ui/IEditorPart;Lorg/eclipse/ui/IEditorInput;Ljava/lang/String;ZILorg/eclipse/ui/IMemento;Z[Lorg/eclipse/ui/PartInitException;)V+13
j  org.eclipse.ui.internal.WorkbenchPage$$Lambda+0x000001f7d1694450.run()V+36
j  org.eclipse.swt.custom.BusyIndicator.showWhile(Lorg/eclipse/swt/widgets/Display;Ljava/lang/Runnable;)V+33
j  org.eclipse.ui.internal.WorkbenchPage.openEditor(Lorg/eclipse/ui/IEditorInput;Ljava/lang/String;ZILorg/eclipse/ui/IMemento;Z)Lorg/eclipse/ui/IEditorPart;+59
j  org.eclipse.ui.internal.WorkbenchPage.openEditor(Lorg/eclipse/ui/IEditorInput;Ljava/lang/String;ZI)Lorg/eclipse/ui/IEditorPart;+8
j  org.eclipse.ui.internal.WorkbenchPage.openEditor(Lorg/eclipse/ui/IEditorInput;Ljava/lang/String;)Lorg/eclipse/ui/IEditorPart;+5
j  com.renesas.cdt.ddsc.standalone.internal.StandaloneApplication.runConfiguratorFlow(Lorg/eclipse/ui/IWorkbenchWindow;Lcom/renesas/cdt/ddsc/standalone/internal/StandaloneApplication$StandaloneOperation;)V+56
j  com.renesas.cdt.ddsc.standalone.internal.StandaloneApplication.performWorkbenchOperation(Lcom/renesas/cdt/ddsc/standalone/internal/StandaloneApplication$StandaloneOperation;Lorg/eclipse/ui/IWorkbenchWindow;)V+47
j  com.renesas.cdt.ddsc.standalone.internal.StandaloneApplication$4.run()V+35
j  org.eclipse.swt.widgets.RunnableLock.run(Lorg/eclipse/swt/widgets/Display;)V+11
j  org.eclipse.swt.widgets.Synchronizer.runAsyncMessages(Z)Z+41
j  org.eclipse.swt.widgets.Display.runAsyncMessages(Z)Z+5
j  org.eclipse.swt.widgets.Display.readAndDispatch()Z+84
j  org.eclipse.e4.ui.internal.workbench.swt.PartRenderingEngine$5.run()V+564
j  org.eclipse.core.databinding.observable.Realm.runWithDefault(Lorg/eclipse/core/databinding/observable/Realm;Ljava/lang/Runnable;)V+12
j  org.eclipse.e4.ui.internal.workbench.swt.PartRenderingEngine.run(Lorg/eclipse/e4/ui/model/application/MApplicationElement;Lorg/eclipse/e4/core/contexts/IEclipseContext;)Ljava/lang/Object;+57
j  org.eclipse.e4.ui.internal.workbench.E4Workbench.createAndRunUI(Lorg/eclipse/e4/ui/model/application/MApplicationElement;)V+20
j  org.eclipse.ui.internal.Workbench.lambda$3(Lorg/eclipse/swt/widgets/Display;Lorg/eclipse/ui/application/WorkbenchAdvisor;[I)V+334
j  org.eclipse.ui.internal.Workbench$$Lambda+0x000001f7d12b4708.run()V+12
j  org.eclipse.core.databinding.observable.Realm.runWithDefault(Lorg/eclipse/core/databinding/observable/Realm;Ljava/lang/Runnable;)V+12
j  org.eclipse.ui.internal.Workbench.createAndRunWorkbench(Lorg/eclipse/swt/widgets/Display;Lorg/eclipse/ui/application/WorkbenchAdvisor;)I+16
j  org.eclipse.ui.PlatformUI.createAndRunWorkbench(Lorg/eclipse/swt/widgets/Display;Lorg/eclipse/ui/application/WorkbenchAdvisor;)I+2
j  com.renesas.cdt.ddsc.standalone.internal.StandaloneApplication.runWorkbench()Ljava/lang/Object;+23
j  com.renesas.cdt.ddsc.standalone.internal.StandaloneApplication.queueWorkbenchOperation(Lcom/renesas/cdt/ddsc/standalone/internal/StandaloneApplication$StandaloneOperation;)V+49
j  com.renesas.cdt.ddsc.standalone.internal.StandaloneApplication.doRcpEdit(Lcom/renesas/cdt/ddsc/standalone/internal/options/IEditOptions;)Ljava/lang/Object;+39
j  com.renesas.cdt.ddsc.standalone.internal.StandaloneApplication.start(Lorg/eclipse/equinox/app/IApplicationContext;)Ljava/lang/Object;+150
j  org.eclipse.equinox.internal.app.EclipseAppHandle.run(Ljava/lang/Object;)Ljava/lang/Object;+138
j  org.eclipse.core.runtime.internal.adaptor.EclipseAppLauncher.runApplication(Ljava/lang/Object;)Ljava/lang/Object;+85
j  org.eclipse.core.runtime.internal.adaptor.EclipseAppLauncher.start(Ljava/lang/Object;)Ljava/lang/Object;+79
j  org.eclipse.core.runtime.adaptor.EclipseStarter.run(Ljava/lang/Object;)Ljava/lang/Object;+99
j  org.eclipse.core.runtime.adaptor.EclipseStarter.run([Ljava/lang/String;Ljava/lang/Runnable;)Ljava/lang/Object;+132
J 425 c1 java.lang.invoke.DirectMethodHandle$Holder.invokeStatic(Ljava/lang/Object;Ljava/lang/Object;Ljava/lang/Object;)Ljava/lang/Object; java.base@21.0.7 (15 bytes) @ 0x000001f7b8c871f4 [0x000001f7b8c86ee0+0x0000000000000314]
j  java.lang.invoke.LambdaForm$MH+0x000001f7d101c800.invoke(Ljava/lang/Object;Ljava/lang/Object;Ljava/lang/Object;Ljava/lang/Object;)Ljava/lang/Object;+54 java.base@21.0.7
j  java.lang.invoke.LambdaForm$MH+0x000001f7d101cc00.invokeExact_MT(Ljava/lang/Object;Ljava/lang/Object;Ljava/lang/Object;Ljava/lang/Object;Ljava/lang/Object;)Ljava/lang/Object;+22 java.base@21.0.7
j  jdk.internal.reflect.DirectMethodHandleAccessor.invokeImpl(Ljava/lang/Object;[Ljava/lang/Object;)Ljava/lang/Object;+72 java.base@21.0.7
j  jdk.internal.reflect.DirectMethodHandleAccessor.invoke(Ljava/lang/Object;[Ljava/lang/Object;)Ljava/lang/Object;+23 java.base@21.0.7
j  java.lang.reflect.Method.invoke(Ljava/lang/Object;[Ljava/lang/Object;)Ljava/lang/Object;+102 java.base@21.0.7
j  org.eclipse.equinox.launcher.Main.invokeFramework([Ljava/lang/String;[Ljava/net/URL;)V+155
j  org.eclipse.equinox.launcher.Main.basicRun([Ljava/lang/String;)V+310
j  org.eclipse.equinox.launcher.Main.run([Ljava/lang/String;)I+4
v  ~StubRoutines::call_stub 0x000001f7c005100d

siginfo: EXCEPTION_ACCESS_VIOLATION (0xc0000005), reading address 0xffffffffffffffff


Registers:
RAX=0x00450900983b0000, RBX=0x0000000c357cae30, RCX=0x00003b9800094300, RDX=0x0000000c357cadc0
RSP=0x0000000c357cae00, RBP=0x0000000c357cb250, RSI=0x00003b98000700e0, RDI=0x00003b98000600a0
R8 =0x0000000c357cadc0, R9 =0x0000000000000000, R10=0x0000000000000000, R11=0x0000000000000246
R12=0x00003b9800018500, R13=0x0000000000000000, R14=0x0000000000000000, R15=0x0000000c357cb188
RIP=0x00007ffe6fdb7fff, EFLAGS=0x0000000000010206

XMM[0]=0x0000000000000000 0x0000000000000000
XMM[1]=0x0000000000000000 0x0000000000000000
XMM[2]=0x0000000000000000 0x0000000000000000
XMM[3]=0x0000000000000000 0x0000000000000000
XMM[4]=0x0000000000000000 0x0000000000000000
XMM[5]=0x0000000000000000 0x0000000000000000
XMM[6]=0x0000000000000000 0xbd0e8f15b60fbb47
XMM[7]=0x0000000000000000 0x4f623a8fe192774f
XMM[8]=0x0000000000000000 0x32689367727d8e81
XMM[9]=0x0000000000000000 0xbf3fd9fa4fd9f757
XMM[10]=0x0000000000000000 0x00000000909a1d5d
XMM[11]=0x0000000000000000 0xfa96a9a34a70a0fa
XMM[12]=0x0000000000000000 0x000000004fd9f757
XMM[13]=0x0000000000000000 0x00000000c695f4be
XMM[14]=0x0000000000000000 0x646131f5924665ff
XMM[15]=0x0000000000000000 0x000000002de5340a
  MXCSR=0x00001fa2


Register to memory mapping:

RAX=0x00450900983b0000 is an unknown value
RBX=0x0000000c357cae30 is pointing into the stack for thread: 0x000001f7b33d3ae0
RCX=0x00003b9800094300 points into unknown readable memory: 0x00450900983b0000 | 00 00 3b 98 00 09 45 00
RDX=0x0000000c357cadc0 is pointing into the stack for thread: 0x000001f7b33d3ae0
RSP=0x0000000c357cae00 is pointing into the stack for thread: 0x000001f7b33d3ae0
RBP=0x0000000c357cb250 is pointing into the stack for thread: 0x000001f7b33d3ae0
RSI=0x00003b98000700e0 points into unknown readable memory: 0x00007ffe78325520 | 20 55 32 78 fe 7f 00 00
RDI=0x00003b98000600a0 points into unknown readable memory: 0x0000000000000000 | 00 00 00 00 00 00 00 00
R8 =0x0000000c357cadc0 is pointing into the stack for thread: 0x000001f7b33d3ae0
R9 =0x0 is null
R10=0x0 is null
R11=0x0000000000000246 is an unknown value
R12=0x00003b9800018500 points into unknown readable memory: 0x00000018983b0101 | 01 01 3b 98 18 00 00 00
R13=0x0 is null
R14=0x0 is null
R15=0x0000000c357cb188 is pointing into the stack for thread: 0x000001f7b33d3ae0

Top of Stack: (sp=0x0000000c357cae00)
0x0000000c357cae00:   00003b9800094390 00003b9800094368
0x0000000c357cae10:   00003b98000014a0 00007ffe704f3aa1
0x0000000c357cae20:   00007ffe77f6df31 0000000000000004
0x0000000c357cae30:   0000000000000000 0000000000000000
0x0000000c357cae40:   0000000000000000 0000b1ac6e76ca49
0x0000000c357cae50:   00003b9800018500 0000000000000001
0x0000000c357cae60:   00003b98000700e0 00007ffe6fdb6ae7
0x0000000c357cae70:   00003b9800060cd0 00003b9800018500
0x0000000c357cae80:   0000000c357cb250 00003b9800018500
0x0000000c357cae90:   00003b98000540d0 0000000000000001
0x0000000c357caea0:   00003b98000700e0 00007ffe6fdb8120
0x0000000c357caeb0:   00003b980002c3c0 00003b9800018500
0x0000000c357caec0:   0000000c357cb250 aaaaaaaaaaaa0000
0x0000000c357caed0:   aaaaaaaaaaaaaaaa 00003b98000a8060
0x0000000c357caee0:   00003b9800018500 00007ffe6b745257
0x0000000c357caef0:   8000000000000068 0000b1ac6e76c9b9
0x0000000c357caf00:   0000000c357cafc0 0000000c357caf01
0x0000000c357caf10:   00003b98000501d0 00003b9800018500
0x0000000c357caf20:   0000000c357caf01 00003b98000501d0
0x0000000c357caf30:   0000000000000000 00007ffe6b744bdb
0x0000000c357caf40:   0000000c357cb278 0000000c357cafc8
0x0000000c357caf50:   000001f81ab25ed0 00007ffe6b6a4f65
0x0000000c357caf60:   0000000000000000 000001f81ab25ed0
0x0000000c357caf70:   0000000c357cafc8 0000000000000000
0x0000000c357caf80:   00007ffe77ba6040 00003b98000501d0
0x0000000c357caf90:   00003b98000501c0 00007ffe6b6a1308
0x0000000c357cafa0:   0000000000000030 00007fff62a3cde4
0x0000000c357cafb0:   000001f7b32c0000 0000000000000000
0x0000000c357cafc0:   00007ffe77ba6040 00000000000001b8
0x0000000c357cafd0:   0000000000000001 00003b9800094200
0x0000000c357cafe0:   0000000000000072 0000000000000000
0x0000000c357caff0:   0000000000000000 0000000000000000 

Instructions: (pc=0x00007ffe6fdb7fff)
0x00007ffe6fdb7eff:   00 00 00 48 85 c9 74 0b f0 ff 49 08 75 05 e8 0e
0x00007ffe6fdb7f0f:   21 1f fc e8 79 02 c0 fe e9 47 fa ff ff 0f b6 c8
0x00007ffe6fdb7f1f:   48 8d 05 a4 d6 56 08 48 89 84 24 a0 00 00 00 48
0x00007ffe6fdb7f2f:   8d 05 43 bf e1 07 48 89 44 24 20 c7 44 24 30 08
0x00007ffe6fdb7f3f:   00 00 00 c6 44 24 28 49 48 8d 94 24 88 00 00 00
0x00007ffe6fdb7f4f:   4c 8d 84 24 a0 00 00 00 41 b9 03 00 00 00 e8 be
0x00007ffe6fdb7f5f:   e7 a2 fb e9 c9 f9 ff ff cc cc cc cc cc cc cc cc
0x00007ffe6fdb7f6f:   cc 56 57 53 48 83 ec 50 48 89 ce 48 8b 05 bf e8
0x00007ffe6fdb7f7f:   74 09 48 31 e0 48 89 44 24 48 48 8b 79 18 48 c7
0x00007ffe6fdb7f8f:   41 18 00 00 00 00 48 85 ff 74 10 48 89 f9 e8 fe
0x00007ffe6fdb7f9f:   e5 ff ff 48 89 f9 e8 46 d2 d7 07 e8 d1 33 72 00
0x00007ffe6fdb7faf:   48 89 c7 48 b8 aa aa aa aa aa aa aa aa 48 89 44
0x00007ffe6fdb7fbf:   24 40 0f 28 05 68 e0 de 07 0f 29 44 24 30 48 8d
0x00007ffe6fdb7fcf:   0d 5d 5f 1b 08 48 89 4c 24 20 e8 c2 75 db 07 48
0x00007ffe6fdb7fdf:   89 44 24 28 48 8d 5c 24 30 4c 8d 44 24 20 48 89
0x00007ffe6fdb7fef:   f9 48 89 da e8 b8 3c 72 00 48 8b 4e 28 48 8b 01
0x00007ffe6fdb7fff:   48 8b 40 28 48 89 da ff 15 9c e1 67 09 e8 8f cd
0x00007ffe6fdb800f:   ad fe 48 8b 7e 30 48 c7 46 30 00 00 00 00 48 85
0x00007ffe6fdb801f:   ff 74 10 48 89 f9 e8 06 af 72 00 48 89 f9 e8 be
0x00007ffe6fdb802f:   d1 d7 07 48 8b 4e 28 48 b8 00 00 00 00 fc ff ff
0x00007ffe6fdb803f:   ff 48 21 c8 48 3b 05 7e 33 73 09 75 05 e8 0f c4
0x00007ffe6fdb804f:   72 00 48 c7 46 28 00 00 00 00 c6 46 21 01 80 7c
0x00007ffe6fdb805f:   24 47 00 79 0a 48 8b 4c 24 30 e8 82 d1 d7 07 48
0x00007ffe6fdb806f:   8b 4c 24 48 48 31 e1 e8 f5 d3 d7 07 90 48 83 c4
0x00007ffe6fdb807f:   50 5b 5f 5e c3 cc cc cc cc cc cc cc cc cc cc cc
0x00007ffe6fdb808f:   cc 48 89 c8 48 8b 49 10 48 c7 40 10 00 00 00 00
0x00007ffe6fdb809f:   48 85 c9 74 15 48 8b 01 48 8b 00 4c 8b 05 f7 e0
0x00007ffe6fdb80af:   67 09 ba 01 00 00 00 49 ff e0 c3 cc cc cc cc cc
0x00007ffe6fdb80bf:   cc 56 48 83 ec 20 48 89 ce b9 70 00 00 00 e8 8e
0x00007ffe6fdb80cf:   d0 d7 07 48 8d 0d 47 d4 56 08 48 89 08 c6 40 08
0x00007ffe6fdb80df:   00 c6 40 68 00 0f 57 c0 0f 11 40 10 c7 40 1f 00
0x00007ffe6fdb80ef:   00 00 00 0f 11 40 28 c6 40 38 00 48 89 06 48 89 


Stack slot to memory mapping:

stack at sp + 0 slots: 0x00003b9800094390 points into unknown readable memory: 0x00007ffe77bc6fe0 | e0 6f bc 77 fe 7f 00 00
stack at sp + 1 slots: 0x00003b9800094368 points into unknown readable memory: 0x00007ffe77ba61e0 | e0 61 ba 77 fe 7f 00 00
stack at sp + 2 slots: 0x00003b98000014a0 points into unknown readable memory: 0x00003b9800094300 | 00 43 09 00 98 3b 00 00
stack at sp + 3 slots: 0x00007ffe704f3aa1 libcef.dll
stack at sp + 4 slots: 0x00007ffe77f6df31 libcef.dll
stack at sp + 5 slots: 0x0000000000000004 is an unknown value
stack at sp + 6 slots: 0x0 is null
stack at sp + 7 slots: 0x0 is null


Compiled method (c1) 12400 1617   !   3       jdk.internal.reflect.DirectMethodHandleAccessor::invoke (92 bytes)
 total in heap  [0x000001f7b8ed8590,0x000001f7b8edc8e0] = 17232
 relocation     [0x000001f7b8ed86f0,0x000001f7b8ed8a60] = 880
 main code      [0x000001f7b8ed8a60,0x000001f7b8edb358] = 10488
 stub code      [0x000001f7b8edb358,0x000001f7b8edb498] = 320
 oops           [0x000001f7b8edb498,0x000001f7b8edb4c8] = 48
 metadata       [0x000001f7b8edb4c8,0x000001f7b8edb540] = 120
 scopes data    [0x000001f7b8edb540,0x000001f7b8edba20] = 1248
 scopes pcs     [0x000001f7b8edba20,0x000001f7b8edc000] = 1504
 dependencies   [0x000001f7b8edc000,0x000001f7b8edc008] = 8
 handler table  [0x000001f7b8edc008,0x000001f7b8edc818] = 2064
 nul chk table  [0x000001f7b8edc818,0x000001f7b8edc8e0] = 200

[Constant Pool (empty)]

[MachCode]
[Entry Point]
  # {method} {0x000001f7d019def0} 'invoke' '(Ljava/lang/Object;[Ljava/lang/Object;)Ljava/lang/Object;' in 'jdk/internal/reflect/DirectMethodHandleAccessor'
  # this:     rdx:rdx   = 'jdk/internal/reflect/DirectMethodHandleAccessor'
  # parm0:    r8:r8     = 'java/lang/Object'
  # parm1:    r9:r9     = '[Ljava/lang/Object;'
  #           [sp+0x170]  (sp of caller)
  0x000001f7b8ed8a60: 448b 5208 | 49bb 0000 | 00d0 f701 | 0000 4d03 | d34c 3bd0 

  0x000001f7b8ed8a74: ;   {runtime_call ic_miss_stub}
  0x000001f7b8ed8a74: 0f85 065d | 1c07 660f | 1f44 0000 
[Verified Entry Point]
  0x000001f7b8ed8a80: 8984 2400 | 80ff ff55 | 4881 ec60 | 0100 0090 | 4181 7f20 | 0b00 0000 

  0x000001f7b8ed8a98: ;   {runtime_call StubRoutines (final stubs)}
  0x000001f7b8ed8a98: 7405 e8c1 | c21a 0748 | 8994 24b0 | 0000 004c | 8984 24c0 | 0000 004c | 898c 24b8 

  0x000001f7b8ed8ab4: ;   {metadata(method data for {method} {0x000001f7d019def0} 'invoke' '(Ljava/lang/Object;[Ljava/lang/Object;)Ljava/lang/Object;' in 'jdk/internal/reflect/DirectMethodHandleAccessor')}
  0x000001f7b8ed8ab4: 0000 0048 | be10 e236 | 11f8 0100 | 008b becc | 0000 0083 | c702 89be | cc00 0000 | 81e7 fe07 
  0x000001f7b8ed8ad4: 0000 85ff | 0f84 2b23 | 0000 488b 

  0x000001f7b8ed8ae0: ;   {metadata(method data for {method} {0x000001f7d019def0} 'invoke' '(Ljava/lang/Object;[Ljava/lang/Object;)Ljava/lang/Object;' in 'jdk/internal/reflect/DirectMethodHandleAccessor')}
  0x000001f7b8ed8ae0: f248 bf10 | e236 11f8 | 0100 0048 | 8387 1001 

  0x000001f7b8ed8af0: ;   {metadata(method data for {method} {0x000001f7d03c4948} 'isStatic' '()Z' in 'jdk/internal/reflect/DirectMethodHandleAccessor')}
  0x000001f7b8ed8af0: 0000 0148 | be18 d736 | 11f8 0100 | 008b becc | 0000 0083 | c702 89be | cc00 0000 | 81e7 feff 
  0x000001f7b8ed8b10: 1f00 85ff | 0f84 1023 | 0000 8b72 | 1081 e600 | 0200 0081 | fe00 0200 

  0x000001f7b8ed8b28: ;   {metadata(method data for {method} {0x000001f7d03c4948} 'isStatic' '()Z' in 'jdk/internal/reflect/DirectMethodHandleAccessor')}
  0x000001f7b8ed8b28: 0048 be18 | d736 11f8 | 0100 0048 | c7c7 1001 | 0000 7507 | 48c7 c720 | 0100 0048 | 8b1c 3e48 
  0x000001f7b8ed8b48: 8d5b 0148 | 891c 3e0f | 851a 0000 

  0x000001f7b8ed8b54: ;   {metadata(method data for {method} {0x000001f7d03c4948} 'isStatic' '()Z' in 'jdk/internal/reflect/DirectMethodHandleAccessor')}
  0x000001f7b8ed8b54: 0048 be18 | d736 11f8 | 0100 00ff | 8630 0100 | 00be 0100 | 0000 e905 | 0000 00be | 0000 0000 
  0x000001f7b8ed8b74: 83e6 0185 

  0x000001f7b8ed8b78: ;   {metadata(method data for {method} {0x000001f7d019def0} 'invoke' '(Ljava/lang/Object;[Ljava/lang/Object;)Ljava/lang/Object;' in 'jdk/internal/reflect/DirectMethodHandleAccessor')}
  0x000001f7b8ed8b78: f648 be10 | e236 11f8 | 0100 0048 | c7c7 4801 | 0000 7507 | 48c7 c758 | 0100 0048 | 8b1c 3e48 
  0x000001f7b8ed8b98: 8d5b 0148 | 891c 3e0f | 85d5 0000 | 0048 8bf2 

  0x000001f7b8ed8ba8: ;   {metadata(method data for {method} {0x000001f7d019def0} 'invoke' '(Ljava/lang/Object;[Ljava/lang/Object;)Ljava/lang/Object;' in 'jdk/internal/reflect/DirectMethodHandleAccessor')}
  0x000001f7b8ed8ba8: 48bf 10e2 | 3611 f801 | 0000 4883 | 8768 0100 

  0x000001f7b8ed8bb8: ;   {metadata(method data for {method} {0x000001f7d03c4898} 'checkReceiver' '(Ljava/lang/Object;)V' in 'jdk/internal/reflect/DirectMethodHandleAccessor')}
  0x000001f7b8ed8bb8: 0001 48be | 48e5 3611 | f801 0000 | 8bbe cc00 | 0000 83c7 | 0289 becc | 0000 0081 | e7fe ff1f 
  0x000001f7b8ed8bd8: 0085 ff0f | 846a 2200 | 008b 7214 | 48c1 e603 

  0x000001f7b8ed8be8: ; implicit exception: dispatches to 0x000001f7b8edae6c
  0x000001f7b8ed8be8: 493b 0049 

  0x000001f7b8ed8bec: ;   {metadata(method data for {method} {0x000001f7d03c4898} 'checkReceiver' '(Ljava/lang/Object;)V' in 'jdk/internal/reflect/DirectMethodHandleAccessor')}
  0x000001f7b8ed8bec: 8bf8 48bb | 48e5 3611 | f801 0000 | 4883 8310 | 0100 0001 | 418b 7808 | 49ba 0000 | 00d0 f701 
  0x000001f7b8ed8c0c: 0000 4903 | fa48 8b7f | 7048 8b3f 

  0x000001f7b8ed8c18: ; implicit exception: dispatches to 0x000001f7b8edae71
  0x000001f7b8ed8c18: 483b 0648 

  0x000001f7b8ed8c1c: ;   {metadata(method data for {method} {0x000001f7d03c4898} 'checkReceiver' '(Ljava/lang/Object;)V' in 'jdk/internal/reflect/DirectMethodHandleAccessor')}
  0x000001f7b8ed8c1c: 8bde 48b8 | 48e5 3611 | f801 0000 | 4883 8048 | 0100 0001 | 4c8b c748 

  0x000001f7b8ed8c34: ;   {optimized virtual_call}
  0x000001f7b8ed8c34: 8bd6 90e8 

  0x000001f7b8ed8c38: ; ImmutableOopMap {[176]=Oop [184]=Oop [192]=Oop }
                      ;*invokevirtual isAssignableFrom {reexecute=0 rethrow=0 return_oop=0}
                      ; - jdk.internal.reflect.DirectMethodHandleAccessor::checkReceiver@8
                      ; - jdk.internal.reflect.DirectMethodHandleAccessor::invoke@9
  0x000001f7b8ed8c38: 84be 8d07 

  0x000001f7b8ed8c3c: ;   {other}
  0x000001f7b8ed8c3c: 0f1f 8400 | ac06 0000 

  0x000001f7b8ed8c44: ;   {metadata(method data for {method} {0x000001f7d03c4898} 'checkReceiver' '(Ljava/lang/Object;)V' in 'jdk/internal/reflect/DirectMethodHandleAccessor')}
  0x000001f7b8ed8c44: 85c0 48ba | 48e5 3611 | f801 0000 | 49c7 c090 | 0100 0074 | 0749 c7c0 | 8001 0000 | 4a8b 3402 
  0x000001f7b8ed8c64: 488d 7601 | 4a89 3402 | 0f84 2f20 | 0000 488b | 9424 b000 | 0000 448b 

  0x000001f7b8ed8c7c: ;   {metadata(method data for {method} {0x000001f7d019def0} 'invoke' '(Ljava/lang/Object;[Ljava/lang/Object;)Ljava/lang/Object;' in 'jdk/internal/reflect/DirectMethodHandleAccessor')}
  0x000001f7b8ed8c7c: 420c 48be | 10e2 3611 | f801 0000 | 4883 86a0 | 0100 0001 | 498b d04c | 8b84 24b8 | 0000 000f 
  0x000001f7b8ed8c9c: ;   {static_call}
  0x000001f7b8ed8c9c: 1f40 00e8 

  0x000001f7b8ed8ca0: ; ImmutableOopMap {[176]=Oop [184]=Oop [192]=Oop }
                      ;*invokestatic checkArgumentCount {reexecute=0 rethrow=0 return_oop=0}
                      ; - jdk.internal.reflect.DirectMethodHandleAccessor::invoke@17
  0x000001f7b8ed8ca0: 5c96 ffff 

  0x000001f7b8ed8ca4: ;   {other}
  0x000001f7b8ed8ca4: 0f1f 8400 | 1407 0001 | 488b 9424 | b000 0000 

  0x000001f7b8ed8cb4: ;   {metadata(method data for {method} {0x000001f7d019def0} 'invoke' '(Ljava/lang/Object;[Ljava/lang/Object;)Ljava/lang/Object;' in 'jdk/internal/reflect/DirectMethodHandleAccessor')}
  0x000001f7b8ed8cb4: 4c8b c249 | b910 e236 | 11f8 0100 | 0049 8381 | b001 0000 

  0x000001f7b8ed8cc8: ;   {metadata(method data for {method} {0x000001f7d03c46e0} 'invokeImpl' '(Ljava/lang/Object;[Ljava/lang/Object;)Ljava/lang/Object;' in 'jdk/internal/reflect/DirectMethodHandleAccessor')}
  0x000001f7b8ed8cc8: 0149 b840 | e736 11f8 | 0100 0045 | 8b88 cc00 | 0000 4183 | c102 4589 | 88cc 0000 | 0041 81e1 
  0x000001f7b8ed8ce8: feff 1f00 | 4585 c90f | 8481 2100 | 0044 8b42 

  0x000001f7b8ed8cf8: ;   {metadata(method data for {method} {0x000001f7d03c46e0} 'invokeImpl' '(Ljava/lang/Object;[Ljava/lang/Object;)Ljava/lang/Object;' in 'jdk/internal/reflect/DirectMethodHandleAccessor')}
  0x000001f7b8ed8cf8: 0c49 b940 | e736 11f8 | 0100 0048 | c7c7 1801 | 0000 4585 | c048 8bf7 | 48c7 c728 | 0100 0048 
  0x000001f7b8ed8d18: 0f45 fe41 | 83f8 0148 | 8bf7 48c7 | c738 0100 | 0048 0f45 | fe41 83f8 | 0248 8bf7 | 48c7 c748 
  0x000001f7b8ed8d38: 0100 0048 | 0f45 fe41 | 83f8 0348 | 8bf7 48c7 | c758 0100 | 0048 0f45 | fe49 8b34 | 3949 c7c2 
  0x000001f7b8ed8d58: 0100 0000 | 4903 f249 | 8934 3945 | 85c0 0f84 | 2616 0000 | 4183 f801 | 0f84 b40f | 0000 4183 
  0x000001f7b8ed8d78: f802 0f84 | 0a09 0000 | 4183 f803 | 0f84 1802 | 0000 4c8b | 8c24 b800 | 0000 4c8b | 8424 c000 
  0x000001f7b8ed8d98: 0000 8b72 | 1848 c1e6 | 030f 1f80 | 0000 0000 

  0x000001f7b8ed8da8: ;   {oop(a 'java/lang/invoke/MethodType'{0x000000074028a460} = (Ljava/lang/Object;[Ljava/lang/Object;)Ljava/lang/Object;)}
  0x000001f7b8ed8da8: 48bf 60a4 | 2840 0700 | 0000 483b 

  0x000001f7b8ed8db4: ;   {metadata(method data for {method} {0x000001f7d03c46e0} 'invokeImpl' '(Ljava/lang/Object;[Ljava/lang/Object;)Ljava/lang/Object;' in 'jdk/internal/reflect/DirectMethodHandleAccessor')}
  0x000001f7b8ed8db4: 0648 bb40 | e736 11f8 | 0100 0048 | 8d9b 9803 | 0000 4d85 | c075 0ef6 | 4308 0175 | 50f0 4883 
  0x000001f7b8ed8dd4: 4b08 01eb | 4841 8b40 | 0849 ba00 | 0000 d0f7 | 0100 0049 | 03c2 4c8b | d048 3343 | 0848 a9fc 
  0x000001f7b8ed8df4: ffff ff74 | 28a8 0275 | 2448 f743 | 08fe ffff | ff74 1649 | 8bc2 4833 | 4308 48a9 | fcff ffff 
  0x000001f7b8ed8e14: 740b 4883 | 4b08 02eb | 0448 8943 | 084d 85c9 | 750e f643 | 1801 7550 | f048 834b | 1801 eb48 
  0x000001f7b8ed8e34: 418b 4108 | 49ba 0000 | 00d0 f701 | 0000 4903 | c24c 8bd0 | 4833 4318 | 48a9 fcff | ffff 7428 
  0x000001f7b8ed8e54: a802 7524 | 48f7 4318 | feff ffff | 7416 498b | c248 3343 | 1848 a9fc | ffff ff74 | 0b48 834b 
  0x000001f7b8ed8e74: 1802 eb04 | 4889 4318 

  0x000001f7b8ed8e7c: ;   {metadata(method data for {method} {0x000001f7d03c46e0} 'invokeImpl' '(Ljava/lang/Object;[Ljava/lang/Object;)Ljava/lang/Object;' in 'jdk/internal/reflect/DirectMethodHandleAccessor')}
  0x000001f7b8ed8e7c: 488b de48 | b840 e736 | 11f8 0100 | 008b 5b08 | 49ba 0000 | 00d0 f701 | 0000 4903 | da48 3b98 
  0x000001f7b8ed8e9c: 7003 0000 | 750d 4883 | 8078 0300 | 0001 e960 | 0000 0048 | 3b98 8003 | 0000 750d | 4883 8088 
  0x000001f7b8ed8ebc: 0300 0001 | e94a 0000 | 0048 83b8 | 7003 0000 | 0075 1748 | 8998 7003 | 0000 48c7 | 8078 0300 
  0x000001f7b8ed8edc: 0001 0000 | 00e9 2900 | 0000 4883 | b880 0300 | 0000 7517 | 4889 9880 | 0300 0048 | c780 8803 
  0x000001f7b8ed8efc: 0000 0100 | 0000 e908 | 0000 0048 | 8380 6003 | 0000 0148 | 8bd6 0f1f 

  0x000001f7b8ed8f14: ;   {optimized virtual_call}
  0x000001f7b8ed8f14: 4400 00e8 

  0x000001f7b8ed8f18: ; ImmutableOopMap {[176]=Oop }
                      ;*invokevirtual invokeExact {reexecute=0 rethrow=0 return_oop=0}
                      ; - jdk.internal.reflect.DirectMethodHandleAccessor::invokeImpl@104
                      ; - jdk.internal.reflect.DirectMethodHandleAccessor::invoke@23
  0x000001f7b8ed8f18: 4124 0000 

  0x000001f7b8ed8f1c: ;   {other}
  0x000001f7b8ed8f1c: 0f1f 8400 | 8c09 0002 

  0x000001f7b8ed8f24: ;   {metadata(method data for {method} {0x000001f7d03c46e0} 'invokeImpl' '(Ljava/lang/Object;[Ljava/lang/Object;)Ljava/lang/Object;' in 'jdk/internal/reflect/DirectMethodHandleAccessor')}
  0x000001f7b8ed8f24: 48ba 40e7 | 3611 f801 | 0000 488d | 92b8 0300 | 0048 85c0 | 750c f602 | 0175 4df0 | 4883 0a01 
  0x000001f7b8ed8f44: eb46 8b70 | 0849 ba00 | 0000 d0f7 | 0100 0049 | 03f2 4c8b | d648 3332 | 48f7 c6fc | ffff ff74 
  0x000001f7b8ed8f64: 2740 f6c6 | 0275 2148 | f702 feff | ffff 7415 | 498b f248 | 3332 48f7 | c6fc ffff | ff74 0948 
  0x000001f7b8ed8f84: 830a 02eb | 0348 8932 | 4881 c460 | 0100 005d 

  0x000001f7b8ed8f94: ;   {poll_return}
  0x000001f7b8ed8f94: 493b a748 | 0400 000f | 8714 1f00 | 00c3 4c8b | 8c24 b800 | 0000 4c8b | 8424 c000 | 0000 8b72 
  0x000001f7b8ed8fb4: 1848 c1e6 | 0348 89b4 | 24d0 0000 | 0041 8379 | 0c00 0f86 | 091f 0000 | 418b 7910 | 48c1 e703 
  0x000001f7b8ed8fd4: 4889 bc24 | c800 0000 | 4183 790c | 010f 8600 | 1f00 0041 | 8b59 1448 | c1e3 0348 | 899c 24d8 
  0x000001f7b8ed8ff4: 0000 0041 | 8379 0c02 | 0f86 f71e | 0000 418b | 4118 48c1 | e003 4889 | 8424 e000 

  0x000001f7b8ed9010: ;   {metadata(method data for {method} {0x000001f7d03c46e0} 'invokeImpl' '(Ljava/lang/Object;[Ljava/lang/Object;)Ljava/lang/Object;' in 'jdk/internal/reflect/DirectMethodHandleAccessor')}
  0x000001f7b8ed9010: 0000 48b9 | 40e7 3611 | f801 0000 | 488d 8918 | 0300 004d | 85c0 750e | f641 0801 | 7554 f048 
  0x000001f7b8ed9030: 8349 0801 | eb4c 458b | 4808 49ba | 0000 00d0 | f701 0000 | 4d03 ca4d | 8bd1 4c33 | 4908 49f7 
  0x000001f7b8ed9050: c1fc ffff | ff74 2b41 | f6c1 0275 | 2548 f741 | 08fe ffff | ff74 174d | 8bca 4c33 | 4908 49f7 
  0x000001f7b8ed9070: c1fc ffff | ff74 0b48 | 8349 0802 | eb04 4c89 

  0x000001f7b8ed9080: ;   {metadata(method data for {method} {0x000001f81142b6b8} 'invokeExact_MT' '(Ljava/lang/Object;Ljava/lang/Object;Ljava/lang/Object;Ljava/lang/Object;Ljava/lang/Object;Ljava/lang/Object;)Ljava/lang/Object;' in 'java/lang/invoke/LambdaForm$MH+0x000001f7d100f400')}
  0x000001f7b8ed9080: 4908 48b9 | 0028 5e11 | f801 0000 | 488d 89c8 | 0200 0048 | 85f6 750c | f601 0175 | 4ef0 4883 
  0x000001f7b8ed90a0: 0901 eb47 | 448b 4e08 | 49ba 0000 | 00d0 f701 | 0000 4d03 | ca4d 8bd1 | 4c33 0949 | f7c1 fcff 
  0x000001f7b8ed90c0: ffff 7427 | 41f6 c102 | 7521 48f7 | 01fe ffff | ff74 154d | 8bca 4c33 | 0949 f7c1 | fcff ffff 
  0x000001f7b8ed90e0: 7409 4883 | 0902 eb03 | 4c89 094d | 85c0 750e | f641 1001 | 7554 f048 | 8349 1001 | eb4c 458b 
  0x000001f7b8ed9100: 4808 49ba | 0000 00d0 | f701 0000 | 4d03 ca4d | 8bd1 4c33 | 4910 49f7 | c1fc ffff | ff74 2b41 
  0x000001f7b8ed9120: f6c1 0275 | 2548 f741 | 10fe ffff | ff74 174d | 8bca 4c33 | 4910 49f7 | c1fc ffff | ff74 0b48 
  0x000001f7b8ed9140: 8349 1002 | eb04 4c89 

  0x000001f7b8ed9148: ;   {metadata(method data for {method} {0x000001f7d03c46e0} 'invokeImpl' '(Ljava/lang/Object;[Ljava/lang/Object;)Ljava/lang/Object;' in 'jdk/internal/reflect/DirectMethodHandleAccessor')}
  0x000001f7b8ed9148: 4910 48b9 | 40e7 3611 | f801 0000 | 4883 81e0 | 0200 0001 

  0x000001f7b8ed915c: ;   {metadata(method data for {method} {0x000001f81142b6b8} 'invokeExact_MT' '(Ljava/lang/Object;Ljava/lang/Object;Ljava/lang/Object;Ljava/lang/Object;Ljava/lang/Object;Ljava/lang/Object;)Ljava/lang/Object;' in 'java/lang/invoke/LambdaForm$MH+0x000001f7d100f400')}
  0x000001f7b8ed915c: 48b9 0028 | 5e11 f801 | 0000 448b | 89cc 0000 | 0041 83c1 | 0244 8989 | cc00 0000 | 4181 e1fe 
  0x000001f7b8ed917c: ff1f 0045 | 85c9 0f84 | 831d 0000 

  0x000001f7b8ed9188: ;   {metadata(method data for {method} {0x000001f81142b6b8} 'invokeExact_MT' '(Ljava/lang/Object;Ljava/lang/Object;Ljava/lang/Object;Ljava/lang/Object;Ljava/lang/Object;Ljava/lang/Object;)Ljava/lang/Object;' in 'java/lang/invoke/LambdaForm$MH+0x000001f7d100f400')}
  0x000001f7b8ed9188: 48b9 0028 | 5e11 f801 | 0000 488d | 8990 0100 | 0048 85f6 | 750e f641 | 0801 7554 | f048 8349 
  0x000001f7b8ed91a8: 0801 eb4c | 448b 4e08 | 49ba 0000 | 00d0 f701 | 0000 4d03 | ca4d 8bd1 | 4c33 4908 | 49f7 c1fc 
  0x000001f7b8ed91c8: ffff ff74 | 2b41 f6c1 | 0275 2548 | f741 08fe | ffff ff74 | 174d 8bca | 4c33 4908 | 49f7 c1fc 
  0x000001f7b8ed91e8: ffff ff74 | 0b48 8349 | 0802 eb04 | 4c89 4908 

  0x000001f7b8ed91f8: ;   {oop(a 'java/lang/invoke/MethodType'{0x000000074028a528} = (Ljava/lang/Object;Ljava/lang/Object;Ljava/lang/Object;Ljava/lang/Object;)Ljava/lang/Object;)}
  0x000001f7b8ed91f8: 49b9 28a5 | 2840 0700 | 0000 4d85 | c975 0cf6 | 4118 0175 | 06f0 4883 

  0x000001f7b8ed9210: ;   {metadata(method data for {method} {0x000001f81142b6b8} 'invokeExact_MT' '(Ljava/lang/Object;Ljava/lang/Object;Ljava/lang/Object;Ljava/lang/Object;Ljava/lang/Object;Ljava/lang/Object;)Ljava/lang/Object;' in 'java/lang/invoke/LambdaForm$MH+0x000001f7d100f400')}
  0x000001f7b8ed9210: 4918 0148 | b900 285e | 11f8 0100 | 0048 8381 | 8001 0000 

  0x000001f7b8ed9224: ;   {metadata(method data for {method} {0x000001f7d03d94e0} 'checkExactType' '(Ljava/lang/invoke/MethodHandle;Ljava/lang/invoke/MethodType;)V' in 'java/lang/invoke/Invokers')}
  0x000001f7b8ed9224: 0148 b978 | 5e2a 11f8 | 0100 0044 | 8b99 cc00 | 0000 4183 | c302 4489 | 99cc 0000 | 0041 81e3 
  0x000001f7b8ed9244: feff 1f00 | 4585 db0f | 84db 1c00 | 0048 3b06 

  0x000001f7b8ed9254: ;   {metadata(method data for {method} {0x000001f7d03d94e0} 'checkExactType' '(Ljava/lang/invoke/MethodHandle;Ljava/lang/invoke/MethodType;)V' in 'java/lang/invoke/Invokers')}
  0x000001f7b8ed9254: 488b ce49 | bb78 5e2a | 11f8 0100 | 008b 4908 | 49ba 0000 | 00d0 f701 | 0000 4903 | ca49 3b8b 
  0x000001f7b8ed9274: 2001 0000 | 750d 4983 | 8328 0100 | 0001 e960 | 0000 0049 | 3b8b 3001 | 0000 750d | 4983 8338 
  0x000001f7b8ed9294: 0100 0001 | e94a 0000 | 0049 83bb | 2001 0000 | 0075 1749 | 898b 2001 | 0000 49c7 | 8328 0100 
  0x000001f7b8ed92b4: 0001 0000 | 00e9 2900 | 0000 4983 | bb30 0100 | 0000 7517 | 4989 8b30 | 0100 0049 | c783 3801 
  0x000001f7b8ed92d4: 0000 0100 | 0000 e908 | 0000 0049 | 8383 1001 | 0000 018b | 4e10 48c1 | e103 493b 

  0x000001f7b8ed92f0: ;   {metadata(method data for {method} {0x000001f7d03d94e0} 'checkExactType' '(Ljava/lang/invoke/MethodHandle;Ljava/lang/invoke/MethodType;)V' in 'java/lang/invoke/Invokers')}
  0x000001f7b8ed92f0: c949 b978 | 5e2a 11f8 | 0100 0049 | c7c3 5801 | 0000 7507 | 49c7 c348 | 0100 004f | 8b2c 194d 
  0x000001f7b8ed9310: 8d6d 014f | 892c 190f | 8522 1500 

  0x000001f7b8ed931c: ;   {metadata(method data for {method} {0x000001f81142b6b8} 'invokeExact_MT' '(Ljava/lang/Object;Ljava/lang/Object;Ljava/lang/Object;Ljava/lang/Object;Ljava/lang/Object;Ljava/lang/Object;)Ljava/lang/Object;' in 'java/lang/invoke/LambdaForm$MH+0x000001f7d100f400')}
  0x000001f7b8ed931c: 0048 b900 | 285e 11f8 | 0100 0048 | 8d89 c801 | 0000 448b | 4e08 49ba | 0000 00d0 | f701 0000 
  0x000001f7b8ed933c: 4d03 ca4d | 8bd1 4c33 | 4908 49f7 | c1fc ffff | ff74 2b41 | f6c1 0275 | 2548 f741 | 08fe ffff 
  0x000001f7b8ed935c: ff74 174d | 8bca 4c33 | 4908 49f7 | c1fc ffff | ff74 0b48 | 8349 0802 | eb04 4c89 

  0x000001f7b8ed9378: ;   {metadata(method data for {method} {0x000001f81142b6b8} 'invokeExact_MT' '(Ljava/lang/Object;Ljava/lang/Object;Ljava/lang/Object;Ljava/lang/Object;Ljava/lang/Object;Ljava/lang/Object;)Ljava/lang/Object;' in 'java/lang/invoke/LambdaForm$MH+0x000001f7d100f400')}
  0x000001f7b8ed9378: 4908 48b9 | 0028 5e11 | f801 0000 | 4883 81b8 | 0100 0001 

  0x000001f7b8ed938c: ;   {metadata(method data for {method} {0x000001f7d03d93d8} 'checkCustomized' '(Ljava/lang/invoke/MethodHandle;)V' in 'java/lang/invoke/Invokers')}
  0x000001f7b8ed938c: 48b9 3860 | 2a11 f801 | 0000 448b | 89cc 0000 | 0041 83c1 | 0244 8989 | cc00 0000 | 4181 e1fe 
  0x000001f7b8ed93ac: ff1f 0045 | 85c9 0f84 | 9a1b 0000 

  0x000001f7b8ed93b8: ;   {metadata(method data for {method} {0x000001f7d03d93d8} 'checkCustomized' '(Ljava/lang/invoke/MethodHandle;)V' in 'java/lang/invoke/Invokers')}
  0x000001f7b8ed93b8: 48b9 3860 | 2a11 f801 | 0000 4883 | 8110 0100 

  0x000001f7b8ed93c8: ;   {metadata(method data for {method} {0x000001f7d0095ff0} 'isCompileConstant' '(Ljava/lang/Object;)Z' in 'java/lang/invoke/MethodHandleImpl')}
  0x000001f7b8ed93c8: 0001 48b9 | 7063 2a11 | f801 0000 | 448b 89cc | 0000 0041 | 83c1 0244 | 8989 cc00 | 0000 4181 
  0x000001f7b8ed93e8: e1fe ff1f | 0045 85c9 | 0f84 7d1b 

  0x000001f7b8ed93f4: ;   {metadata(method data for {method} {0x000001f7d03d93d8} 'checkCustomized' '(Ljava/lang/invoke/MethodHandle;)V' in 'java/lang/invoke/Invokers')}
  0x000001f7b8ed93f4: 0000 48b9 | 3860 2a11 | f801 0000 | ff81 2001 | 0000 8b4e | 1448 c1e1 | 038b 491c | 48c1 e103 
  0x000001f7b8ed9414: ;   {metadata(method data for {method} {0x000001f7d03d93d8} 'checkCustomized' '(Ljava/lang/invoke/MethodHandle;)V' in 'java/lang/invoke/Invokers')}
  0x000001f7b8ed9414: 4885 c948 | b938 602a | 11f8 0100 | 0049 c7c1 | 4001 0000 | 7507 49c7 | c150 0100 | 004e 8b1c 
  0x000001f7b8ed9434: 094d 8d5b | 014e 891c | 090f 8529 

  0x000001f7b8ed9440: ;   {metadata(method data for {method} {0x000001f7d03d93d8} 'checkCustomized' '(Ljava/lang/invoke/MethodHandle;)V' in 'java/lang/invoke/Invokers')}
  0x000001f7b8ed9440: 0000 0048 | b938 602a | 11f8 0100 | 0048 8381 | 6001 0000 | 0148 8bd6 | 0f1f 8000 

  0x000001f7b8ed945c: ;   {static_call}
  0x000001f7b8ed945c: 0000 00e8 

  0x000001f7b8ed9460: ; ImmutableOopMap {[176]=Oop [192]=Oop [200]=Oop [208]=Oop [216]=Oop [224]=Oop }
                      ;*invokestatic maybeCustomize {reexecute=0 rethrow=0 return_oop=0}
                      ; - java.lang.invoke.Invokers::checkCustomized@19
                      ; - java.lang.invoke.LambdaForm$MH/0x000001f7d100f400::invokeExact_MT@15
                      ; - jdk.internal.reflect.DirectMethodHandleAccessor::invokeImpl@92
                      ; - jdk.internal.reflect.DirectMethodHandleAccessor::invoke@23
  0x000001f7b8ed9460: 1c5c 1c07 

  0x000001f7b8ed9464: ;   {other}
  0x000001f7b8ed9464: 0f1f 8400 | d40e 0003 | 488b bc24 | c800 0000 | 4c8b 8424 | c000 0000 

  0x000001f7b8ed947c: ;   {metadata(method data for {method} {0x000001f81142b6b8} 'invokeExact_MT' '(Ljava/lang/Object;Ljava/lang/Object;Ljava/lang/Object;Ljava/lang/Object;Ljava/lang/Object;Ljava/lang/Object;)Ljava/lang/Object;' in 'java/lang/invoke/LambdaForm$MH+0x000001f7d100f400')}
  0x000001f7b8ed947c: 49b9 0028 | 5e11 f801 | 0000 4d8d | 8918 0200 | 004d 85c0 | 750f 41f6 | 4108 0175 | 54f0 4983 
  0x000001f7b8ed949c: 4908 01eb | 4c41 8b70 | 0849 ba00 | 0000 d0f7 | 0100 0049 | 03f2 4c8b | d649 3371 | 0848 f7c6 
  0x000001f7b8ed94bc: fcff ffff | 742b 40f6 | c602 7525 | 49f7 4108 | feff ffff | 7417 498b | f249 3371 | 0848 f7c6 
  0x000001f7b8ed94dc: fcff ffff | 740b 4983 | 4908 02eb | 0449 8971 | 0848 85ff | 750f 41f6 | 4118 0175 | 53f0 4983 
  0x000001f7b8ed94fc: 4918 01eb | 4b8b 7708 | 49ba 0000 | 00d0 f701 | 0000 4903 | f24c 8bd6 | 4933 7118 | 48f7 c6fc 
  0x000001f7b8ed951c: ffff ff74 | 2b40 f6c6 | 0275 2549 | f741 18fe | ffff ff74 | 1749 8bf2 | 4933 7118 | 48f7 c6fc 
  0x000001f7b8ed953c: ffff ff74 | 0b49 8349 | 1802 eb04 | 4989 7118 | 488b b424 | d000 0000 

  0x000001f7b8ed9554: ;   {metadata(method data for {method} {0x000001f81142b6b8} 'invokeExact_MT' '(Ljava/lang/Object;Ljava/lang/Object;Ljava/lang/Object;Ljava/lang/Object;Ljava/lang/Object;Ljava/lang/Object;)Ljava/lang/Object;' in 'java/lang/invoke/LambdaForm$MH+0x000001f7d100f400')}
  0x000001f7b8ed9554: 49b9 0028 | 5e11 f801 | 0000 4983 | 81e0 0100 | 0001 4c8b | cf48 8bbc | 24d8 0000 | 0048 8bb4 
  0x000001f7b8ed9574: 24e0 0000 | 0048 8b94 | 24d0 0000 | 0066 0f1f 

  0x000001f7b8ed9584: ;   {optimized virtual_call}
  0x000001f7b8ed9584: 4400 00e8 

  0x000001f7b8ed9588: ; ImmutableOopMap {[176]=Oop }
                      ;*invokevirtual invokeBasic {reexecute=0 rethrow=0 return_oop=0}
                      ; - java.lang.invoke.LambdaForm$MH/0x000001f7d100f400::invokeExact_MT@24
                      ; - jdk.internal.reflect.DirectMethodHandleAccessor::invokeImpl@92
                      ; - jdk.internal.reflect.DirectMethodHandleAccessor::invoke@23
  0x000001f7b8ed9588: f4ee 8d07 

  0x000001f7b8ed958c: ;   {other}
  0x000001f7b8ed958c: 0f1f 8400 | fc0f 0004 

  0x000001f7b8ed9594: ;   {metadata(method data for {method} {0x000001f81142b6b8} 'invokeExact_MT' '(Ljava/lang/Object;Ljava/lang/Object;Ljava/lang/Object;Ljava/lang/Object;Ljava/lang/Object;Ljava/lang/Object;)Ljava/lang/Object;' in 'java/lang/invoke/LambdaForm$MH+0x000001f7d100f400')}
  0x000001f7b8ed9594: 48ba 0028 | 5e11 f801 | 0000 488d | 9238 0200 | 0048 85c0 | 750c f602 | 0175 4df0 | 4883 0a01 
  0x000001f7b8ed95b4: eb46 8b70 | 0849 ba00 | 0000 d0f7 | 0100 0049 | 03f2 4c8b | d648 3332 | 48f7 c6fc | ffff ff74 
  0x000001f7b8ed95d4: 2740 f6c6 | 0275 2148 | f702 feff | ffff 7415 | 498b f248 | 3332 48f7 | c6fc ffff | ff74 0948 
  0x000001f7b8ed95f4: 830a 02eb | 0348 8932 

  0x000001f7b8ed95fc: ;   {metadata(method data for {method} {0x000001f7d03c46e0} 'invokeImpl' '(Ljava/lang/Object;[Ljava/lang/Object;)Ljava/lang/Object;' in 'jdk/internal/reflect/DirectMethodHandleAccessor')}
  0x000001f7b8ed95fc: 48ba 40e7 | 3611 f801 | 0000 488d | 9238 0300 | 0048 85c0 | 750c f602 | 0175 4df0 | 4883 0a01 
  0x000001f7b8ed961c: eb46 8b70 | 0849 ba00 | 0000 d0f7 | 0100 0049 | 03f2 4c8b | d648 3332 | 48f7 c6fc | ffff ff74 
  0x000001f7b8ed963c: 2740 f6c6 | 0275 2148 | f702 feff | ffff 7415 | 498b f248 | 3332 48f7 | c6fc ffff | ff74 0948 
  0x000001f7b8ed965c: 830a 02eb | 0348 8932 

  0x000001f7b8ed9664: ;   {metadata(method data for {method} {0x000001f7d03c46e0} 'invokeImpl' '(Ljava/lang/Object;[Ljava/lang/Object;)Ljava/lang/Object;' in 'jdk/internal/reflect/DirectMethodHandleAccessor')}
  0x000001f7b8ed9664: 48ba 40e7 | 3611 f801 | 0000 ff82 | 4803 0000 | 4881 c460 | 0100 005d 

  0x000001f7b8ed967c: ;   {poll_return}
  0x000001f7b8ed967c: 493b a748 | 0400 000f | 8710 1900 | 00c3 4c8b | 8c24 b800 | 0000 4c8b | 8424 c000 | 0000 8b72 
  0x000001f7b8ed969c: 1848 c1e6 | 0348 89b4 | 24f0 0000 | 0041 8379 | 0c00 0f86 | 0519 0000 | 418b 7910 | 48c1 e703 
  0x000001f7b8ed96bc: 4889 bc24 | e800 0000 | 4183 790c | 010f 86fc | 1800 0041 | 8b59 1448 | c1e3 0348 | 899c 24f8 
  0x000001f7b8ed96dc: ;   {metadata(method data for {method} {0x000001f7d03c46e0} 'invokeImpl' '(Ljava/lang/Object;[Ljava/lang/Object;)Ljava/lang/Object;' in 'jdk/internal/reflect/DirectMethodHandleAccessor')}
  0x000001f7b8ed96dc: 0000 0048 | b840 e736 | 11f8 0100 | 0048 8d80 | 9802 0000 | 4d85 c075 | 0ef6 4008 | 0175 53f0 
  0x000001f7b8ed96fc: 4883 4808 | 01eb 4b41 | 8b48 0849 | ba00 0000 | d0f7 0100 | 0049 03ca | 4c8b d148 | 3348 0848 
  0x000001f7b8ed971c: f7c1 fcff | ffff 742a | f6c1 0275 | 2548 f740 | 08fe ffff | ff74 1749 | 8bca 4833 | 4808 48f7 
  0x000001f7b8ed973c: c1fc ffff | ff74 0b48 | 8348 0802 | eb04 4889 

  0x000001f7b8ed974c: ;   {metadata(method data for {method} {0x000001f811455ab8} 'invokeExact_MT' '(Ljava/lang/Object;Ljava/lang/Object;Ljava/lang/Object;Ljava/lang/Object;Ljava/lang/Object;)Ljava/lang/Object;' in 'java/lang/invoke/LambdaForm$MH+0x000001f7d101cc00')}
  0x000001f7b8ed974c: 4808 48b8 | 185d 4511 | f801 0000 | 488d 80c0 | 0200 0048 | 85f6 750c | f600 0175 | 4cf0 4883 
  0x000001f7b8ed976c: 0801 eb45 | 8b4e 0849 | ba00 0000 | d0f7 0100 | 0049 03ca | 4c8b d148 | 3308 48f7 | c1fc ffff 
  0x000001f7b8ed978c: ff74 26f6 | c102 7521 | 48f7 00fe | ffff ff74 | 1549 8bca | 4833 0848 | f7c1 fcff | ffff 7409 
  0x000001f7b8ed97ac: 4883 0802 | eb03 4889 | 084d 85c0 | 750e f640 | 1001 7553 | f048 8348 | 1001 eb4b | 418b 4808 
  0x000001f7b8ed97cc: 49ba 0000 | 00d0 f701 | 0000 4903 | ca4c 8bd1 | 4833 4810 | 48f7 c1fc | ffff ff74 | 2af6 c102 
  0x000001f7b8ed97ec: 7525 48f7 | 4010 feff | ffff 7417 | 498b ca48 | 3348 1048 | f7c1 fcff | ffff 740b | 4883 4810 
  0x000001f7b8ed980c: 02eb 0448 

  0x000001f7b8ed9810: ;   {metadata(method data for {method} {0x000001f7d03c46e0} 'invokeImpl' '(Ljava/lang/Object;[Ljava/lang/Object;)Ljava/lang/Object;' in 'jdk/internal/reflect/DirectMethodHandleAccessor')}
  0x000001f7b8ed9810: 8948 1048 | b840 e736 | 11f8 0100 | 0048 8380 | 6002 0000 

  0x000001f7b8ed9824: ;   {metadata(method data for {method} {0x000001f811455ab8} 'invokeExact_MT' '(Ljava/lang/Object;Ljava/lang/Object;Ljava/lang/Object;Ljava/lang/Object;Ljava/lang/Object;)Ljava/lang/Object;' in 'java/lang/invoke/LambdaForm$MH+0x000001f7d101cc00')}
  0x000001f7b8ed9824: 0148 b818 | 5d45 11f8 | 0100 008b | 88cc 0000 | 0083 c102 | 8988 cc00 | 0000 81e1 | feff 1f00 
  0x000001f7b8ed9844: 85c9 0f84 | 9117 0000 

  0x000001f7b8ed984c: ;   {metadata(method data for {method} {0x000001f811455ab8} 'invokeExact_MT' '(Ljava/lang/Object;Ljava/lang/Object;Ljava/lang/Object;Ljava/lang/Object;Ljava/lang/Object;)Ljava/lang/Object;' in 'java/lang/invoke/LambdaForm$MH+0x000001f7d101cc00')}
  0x000001f7b8ed984c: 48b8 185d | 4511 f801 | 0000 488d | 8090 0100 | 0048 85f6 | 750e f640 | 0801 7552 | f048 8348 
  0x000001f7b8ed986c: 0801 eb4a | 8b4e 0849 | ba00 0000 | d0f7 0100 | 0049 03ca | 4c8b d148 | 3348 0848 | f7c1 fcff 
  0x000001f7b8ed988c: ffff 742a | f6c1 0275 | 2548 f740 | 08fe ffff | ff74 1749 | 8bca 4833 | 4808 48f7 | c1fc ffff 
  0x000001f7b8ed98ac: ff74 0b48 | 8348 0802 | eb04 4889 

  0x000001f7b8ed98b8: ;   {oop(a 'java/lang/invoke/MethodType'{0x00000007402939b8} = (Ljava/lang/Object;Ljava/lang/Object;Ljava/lang/Object;)Ljava/lang/Object;)}
  0x000001f7b8ed98b8: 4808 48b9 | b839 2940 | 0700 0000 | 4885 c975 | 0cf6 4018 | 0175 06f0 | 4883 4818 

  0x000001f7b8ed98d4: ;   {metadata(method data for {method} {0x000001f811455ab8} 'invokeExact_MT' '(Ljava/lang/Object;Ljava/lang/Object;Ljava/lang/Object;Ljava/lang/Object;Ljava/lang/Object;)Ljava/lang/Object;' in 'java/lang/invoke/LambdaForm$MH+0x000001f7d101cc00')}
  0x000001f7b8ed98d4: 0148 b818 | 5d45 11f8 | 0100 0048 | 8380 8001 

  0x000001f7b8ed98e4: ;   {metadata(method data for {method} {0x000001f7d03d94e0} 'checkExactType' '(Ljava/lang/invoke/MethodHandle;Ljava/lang/invoke/MethodType;)V' in 'java/lang/invoke/Invokers')}
  0x000001f7b8ed98e4: 0000 0148 | b878 5e2a | 11f8 0100 | 0044 8b88 | cc00 0000 | 4183 c102 | 4489 88cc | 0000 0041 
  0x000001f7b8ed9904: 81e1 feff | 1f00 4585 | c90f 84eb | 1600 0048 | 3b06 488b 

  0x000001f7b8ed9918: ;   {metadata(method data for {method} {0x000001f7d03d94e0} 'checkExactType' '(Ljava/lang/invoke/MethodHandle;Ljava/lang/invoke/MethodType;)V' in 'java/lang/invoke/Invokers')}
  0x000001f7b8ed9918: c649 b978 | 5e2a 11f8 | 0100 008b | 4008 49ba | 0000 00d0 | f701 0000 | 4903 c249 | 3b81 2001 
  0x000001f7b8ed9938: 0000 750d | 4983 8128 | 0100 0001 | e960 0000 | 0049 3b81 | 3001 0000 | 750d 4983 | 8138 0100 
  0x000001f7b8ed9958: 0001 e94a | 0000 0049 | 83b9 2001 | 0000 0075 | 1749 8981 | 2001 0000 | 49c7 8128 | 0100 0001 
  0x000001f7b8ed9978: 0000 00e9 | 2900 0000 | 4983 b930 | 0100 0000 | 7517 4989 | 8130 0100 | 0049 c781 | 3801 0000 
  0x000001f7b8ed9998: 0100 0000 | e908 0000 | 0049 8381 | 1001 0000 | 018b 4610 | 48c1 e003 

  0x000001f7b8ed99b0: ;   {metadata(method data for {method} {0x000001f7d03d94e0} 'checkExactType' '(Ljava/lang/invoke/MethodHandle;Ljava/lang/invoke/MethodType;)V' in 'java/lang/invoke/Invokers')}
  0x000001f7b8ed99b0: 483b c148 | b978 5e2a | 11f8 0100 | 0049 c7c1 | 5801 0000 | 7507 49c7 | c148 0100 | 004e 8b1c 
  0x000001f7b8ed99d0: 094d 8d5b | 014e 891c | 090f 8520 

  0x000001f7b8ed99dc: ;   {metadata(method data for {method} {0x000001f811455ab8} 'invokeExact_MT' '(Ljava/lang/Object;Ljava/lang/Object;Ljava/lang/Object;Ljava/lang/Object;Ljava/lang/Object;)Ljava/lang/Object;' in 'java/lang/invoke/LambdaForm$MH+0x000001f7d101cc00')}
  0x000001f7b8ed99dc: 0e00 0048 | b818 5d45 | 11f8 0100 | 0048 8d80 | c801 0000 | 8b4e 0849 | ba00 0000 | d0f7 0100 
  0x000001f7b8ed99fc: 0049 03ca | 4c8b d148 | 3348 0848 | f7c1 fcff | ffff 742a | f6c1 0275 | 2548 f740 | 08fe ffff 
  0x000001f7b8ed9a1c: ff74 1749 | 8bca 4833 | 4808 48f7 | c1fc ffff | ff74 0b48 | 8348 0802 | eb04 4889 

  0x000001f7b8ed9a38: ;   {metadata(method data for {method} {0x000001f811455ab8} 'invokeExact_MT' '(Ljava/lang/Object;Ljava/lang/Object;Ljava/lang/Object;Ljava/lang/Object;Ljava/lang/Object;)Ljava/lang/Object;' in 'java/lang/invoke/LambdaForm$MH+0x000001f7d101cc00')}
  0x000001f7b8ed9a38: 4808 48b8 | 185d 4511 | f801 0000 | 4883 80b8 | 0100 0001 

  0x000001f7b8ed9a4c: ;   {metadata(method data for {method} {0x000001f7d03d93d8} 'checkCustomized' '(Ljava/lang/invoke/MethodHandle;)V' in 'java/lang/invoke/Invokers')}
  0x000001f7b8ed9a4c: 48b8 3860 | 2a11 f801 | 0000 8b88 | cc00 0000 | 83c1 0289 | 88cc 0000 | 0081 e1fe | ff1f 0085 
  0x000001f7b8ed9a6c: c90f 84b1 

  0x000001f7b8ed9a70: ;   {metadata(method data for {method} {0x000001f7d03d93d8} 'checkCustomized' '(Ljava/lang/invoke/MethodHandle;)V' in 'java/lang/invoke/Invokers')}
  0x000001f7b8ed9a70: 1500 0048 | b838 602a | 11f8 0100 | 0048 8380 | 1001 0000 

  0x000001f7b8ed9a84: ;   {metadata(method data for {method} {0x000001f7d0095ff0} 'isCompileConstant' '(Ljava/lang/Object;)Z' in 'java/lang/invoke/MethodHandleImpl')}
  0x000001f7b8ed9a84: 0148 b870 | 632a 11f8 | 0100 008b | 88cc 0000 | 0083 c102 | 8988 cc00 | 0000 81e1 | feff 1f00 
  0x000001f7b8ed9aa4: 85c9 0f84 | 9915 0000 

  0x000001f7b8ed9aac: ;   {metadata(method data for {method} {0x000001f7d03d93d8} 'checkCustomized' '(Ljava/lang/invoke/MethodHandle;)V' in 'java/lang/invoke/Invokers')}
  0x000001f7b8ed9aac: 48b8 3860 | 2a11 f801 | 0000 ff80 | 2001 0000 | 8b46 1448 | c1e0 038b | 401c 48c1 | e003 4885 
  0x000001f7b8ed9acc: ;   {metadata(method data for {method} {0x000001f7d03d93d8} 'checkCustomized' '(Ljava/lang/invoke/MethodHandle;)V' in 'java/lang/invoke/Invokers')}
  0x000001f7b8ed9acc: c048 b838 | 602a 11f8 | 0100 0048 | c7c1 4001 | 0000 7507 | 48c7 c150 | 0100 004c | 8b0c 084d 
  0x000001f7b8ed9aec: 8d49 014c | 890c 080f | 8523 0000 

  0x000001f7b8ed9af8: ;   {metadata(method data for {method} {0x000001f7d03d93d8} 'checkCustomized' '(Ljava/lang/invoke/MethodHandle;)V' in 'java/lang/invoke/Invokers')}
  0x000001f7b8ed9af8: 0048 b838 | 602a 11f8 | 0100 0048 | 8380 6001 | 0000 0148 

  0x000001f7b8ed9b0c: ;   {static_call}
  0x000001f7b8ed9b0c: 8bd6 90e8 

  0x000001f7b8ed9b10: ; ImmutableOopMap {[176]=Oop [192]=Oop [232]=Oop [240]=Oop [248]=Oop }
                      ;*invokestatic maybeCustomize {reexecute=0 rethrow=0 return_oop=0}
                      ; - java.lang.invoke.Invokers::checkCustomized@19
                      ; - java.lang.invoke.LambdaForm$MH/0x000001f7d101cc00::invokeExact_MT@15
                      ; - jdk.internal.reflect.DirectMethodHandleAccessor::invokeImpl@72
                      ; - jdk.internal.reflect.DirectMethodHandleAccessor::invoke@23
  0x000001f7b8ed9b10: 6c55 1c07 

  0x000001f7b8ed9b14: ;   {other}
  0x000001f7b8ed9b14: 0f1f 8400 | 8415 0005 | 488b bc24 | e800 0000 | 4c8b 8424 | c000 0000 

  0x000001f7b8ed9b2c: ;   {metadata(method data for {method} {0x000001f811455ab8} 'invokeExact_MT' '(Ljava/lang/Object;Ljava/lang/Object;Ljava/lang/Object;Ljava/lang/Object;Ljava/lang/Object;)Ljava/lang/Object;' in 'java/lang/invoke/LambdaForm$MH+0x000001f7d101cc00')}
  0x000001f7b8ed9b2c: 49b9 185d | 4511 f801 | 0000 4d8d | 8918 0200 | 004d 85c0 | 750f 41f6 | 4108 0175 | 53f0 4983 
  0x000001f7b8ed9b4c: 4908 01eb | 4b41 8b50 | 0849 ba00 | 0000 d0f7 | 0100 0049 | 03d2 4c8b | d249 3351 | 0848 f7c2 
  0x000001f7b8ed9b6c: fcff ffff | 742a f6c2 | 0275 2549 | f741 08fe | ffff ff74 | 1749 8bd2 | 4933 5108 | 48f7 c2fc 
  0x000001f7b8ed9b8c: ffff ff74 | 0b49 8349 | 0802 eb04 | 4989 5108 | 4885 ff75 | 0f41 f641 | 1801 7552 | f049 8349 
  0x000001f7b8ed9bac: 1801 eb4a | 8b57 0849 | ba00 0000 | d0f7 0100 | 0049 03d2 | 4c8b d249 | 3351 1848 | f7c2 fcff 
  0x000001f7b8ed9bcc: ffff 742a | f6c2 0275 | 2549 f741 | 18fe ffff | ff74 1749 | 8bd2 4933 | 5118 48f7 | c2fc ffff 
  0x000001f7b8ed9bec: ff74 0b49 | 8349 1802 | eb04 4989 | 5118 488b | b424 f000 

  0x000001f7b8ed9c00: ;   {metadata(method data for {method} {0x000001f811455ab8} 'invokeExact_MT' '(Ljava/lang/Object;Ljava/lang/Object;Ljava/lang/Object;Ljava/lang/Object;Ljava/lang/Object;)Ljava/lang/Object;' in 'java/lang/invoke/LambdaForm$MH+0x000001f7d101cc00')}
  0x000001f7b8ed9c00: 0000 49b9 | 185d 4511 | f801 0000 | 4983 81e0 | 0100 0001 | 4c8b cf48 | 8bbc 24f8 | 0000 0048 
  0x000001f7b8ed9c20: 8b94 24f0 

  0x000001f7b8ed9c24: ;   {optimized virtual_call}
  0x000001f7b8ed9c24: 0000 00e8 

  0x000001f7b8ed9c28: ; ImmutableOopMap {[176]=Oop }
                      ;*invokevirtual invokeBasic {reexecute=0 rethrow=0 return_oop=0}
                      ; - java.lang.invoke.LambdaForm$MH/0x000001f7d101cc00::invokeExact_MT@22
                      ; - jdk.internal.reflect.DirectMethodHandleAccessor::invokeImpl@72
                      ; - jdk.internal.reflect.DirectMethodHandleAccessor::invoke@23
  0x000001f7b8ed9c28: 54a5 8d07 

  0x000001f7b8ed9c2c: ;   {other}
  0x000001f7b8ed9c2c: 0f1f 8400 | 9c16 0006 

  0x000001f7b8ed9c34: ;   {metadata(method data for {method} {0x000001f811455ab8} 'invokeExact_MT' '(Ljava/lang/Object;Ljava/lang/Object;Ljava/lang/Object;Ljava/lang/Object;Ljava/lang/Object;)Ljava/lang/Object;' in 'java/lang/invoke/LambdaForm$MH+0x000001f7d101cc00')}
  0x000001f7b8ed9c34: 48ba 185d | 4511 f801 | 0000 488d | 9238 0200 | 0048 85c0 | 750c f602 | 0175 4df0 | 4883 0a01 
  0x000001f7b8ed9c54: eb46 8b70 | 0849 ba00 | 0000 d0f7 | 0100 0049 | 03f2 4c8b | d648 3332 | 48f7 c6fc | ffff ff74 
  0x000001f7b8ed9c74: 2740 f6c6 | 0275 2148 | f702 feff | ffff 7415 | 498b f248 | 3332 48f7 | c6fc ffff | ff74 0948 
  0x000001f7b8ed9c94: 830a 02eb | 0348 8932 

  0x000001f7b8ed9c9c: ;   {metadata(method data for {method} {0x000001f7d03c46e0} 'invokeImpl' '(Ljava/lang/Object;[Ljava/lang/Object;)Ljava/lang/Object;' in 'jdk/internal/reflect/DirectMethodHandleAccessor')}
  0x000001f7b8ed9c9c: 48ba 40e7 | 3611 f801 | 0000 488d | 92b8 0200 | 0048 85c0 | 750c f602 | 0175 4df0 | 4883 0a01 
  0x000001f7b8ed9cbc: eb46 8b70 | 0849 ba00 | 0000 d0f7 | 0100 0049 | 03f2 4c8b | d648 3332 | 48f7 c6fc | ffff ff74 
  0x000001f7b8ed9cdc: 2740 f6c6 | 0275 2148 | f702 feff | ffff 7415 | 498b f248 | 3332 48f7 | c6fc ffff | ff74 0948 
  0x000001f7b8ed9cfc: 830a 02eb | 0348 8932 

  0x000001f7b8ed9d04: ;   {metadata(method data for {method} {0x000001f7d03c46e0} 'invokeImpl' '(Ljava/lang/Object;[Ljava/lang/Object;)Ljava/lang/Object;' in 'jdk/internal/reflect/DirectMethodHandleAccessor')}
  0x000001f7b8ed9d04: 48ba 40e7 | 3611 f801 | 0000 ff82 | c802 0000 | 4881 c460 | 0100 005d 

  0x000001f7b8ed9d1c: ;   {poll_return}
  0x000001f7b8ed9d1c: 493b a748 | 0400 000f | 8742 1300 | 00c3 4c8b | 8c24 b800 | 0000 4c8b | 8424 c000 | 0000 8b72 
  0x000001f7b8ed9d3c: 1848 c1e6 | 0348 89b4 | 2408 0100 | 0041 8379 | 0c00 0f86 | 3713 0000 | 418b 7910 | 48c1 e703 
  0x000001f7b8ed9d5c: 4889 bc24 | 0001 0000 

  0x000001f7b8ed9d64: ;   {metadata(method data for {method} {0x000001f7d03c46e0} 'invokeImpl' '(Ljava/lang/Object;[Ljava/lang/Object;)Ljava/lang/Object;' in 'jdk/internal/reflect/DirectMethodHandleAccessor')}
  0x000001f7b8ed9d64: 48bb 40e7 | 3611 f801 | 0000 488d | 9b18 0200 | 004d 85c0 | 750e f643 | 0801 7550 | f048 834b 
  0x000001f7b8ed9d84: 0801 eb48 | 418b 4008 | 49ba 0000 | 00d0 f701 | 0000 4903 | c24c 8bd0 | 4833 4308 | 48a9 fcff 
  0x000001f7b8ed9da4: ffff 7428 | a802 7524 | 48f7 4308 | feff ffff | 7416 498b | c248 3343 | 0848 a9fc | ffff ff74 
  0x000001f7b8ed9dc4: 0b48 834b | 0802 eb04 | 4889 4308 

  0x000001f7b8ed9dd0: ;   {metadata(method data for {method} {0x000001f7d00b0158} 'invokeExact_MT' '(Ljava/lang/Object;Ljava/lang/Object;Ljava/lang/Object;Ljava/lang/Object;)Ljava/lang/Object;' in 'java/lang/invoke/Invokers$Holder')}
  0x000001f7b8ed9dd0: 48bb b023 | 3211 f801 | 0000 488d | 9bb8 0200 | 0048 85f6 | 750c f603 | 0175 49f0 | 4883 0b01 
  0x000001f7b8ed9df0: eb42 8b46 | 0849 ba00 | 0000 d0f7 | 0100 0049 | 03c2 4c8b | d048 3303 | 48a9 fcff | ffff 7424 
  0x000001f7b8ed9e10: a802 7520 | 48f7 03fe | ffff ff74 | 1449 8bc2 | 4833 0348 | a9fc ffff | ff74 0948 | 830b 02eb 
  0x000001f7b8ed9e30: 0348 8903 | 4d85 c075 | 0ef6 4310 | 0175 50f0 | 4883 4b10 | 01eb 4841 | 8b40 0849 | ba00 0000 
  0x000001f7b8ed9e50: d0f7 0100 | 0049 03c2 | 4c8b d048 | 3343 1048 | a9fc ffff | ff74 28a8 | 0275 2448 | f743 10fe 
  0x000001f7b8ed9e70: ffff ff74 | 1649 8bc2 | 4833 4310 | 48a9 fcff | ffff 740b | 4883 4b10 | 02eb 0448 

  0x000001f7b8ed9e8c: ;   {metadata(method data for {method} {0x000001f7d03c46e0} 'invokeImpl' '(Ljava/lang/Object;[Ljava/lang/Object;)Ljava/lang/Object;' in 'jdk/internal/reflect/DirectMethodHandleAccessor')}
  0x000001f7b8ed9e8c: 8943 1048 | bb40 e736 | 11f8 0100 | 0048 8383 | e001 0000 

  0x000001f7b8ed9ea0: ;   {metadata(method data for {method} {0x000001f7d00b0158} 'invokeExact_MT' '(Ljava/lang/Object;Ljava/lang/Object;Ljava/lang/Object;Ljava/lang/Object;)Ljava/lang/Object;' in 'java/lang/invoke/Invokers$Holder')}
  0x000001f7b8ed9ea0: 0148 bbb0 | 2332 11f8 | 0100 008b | 83cc 0000 | 0083 c002 | 8983 cc00 | 0000 25fe | ff1f 0085 
  0x000001f7b8ed9ec0: c00f 84d6 

  0x000001f7b8ed9ec4: ;   {metadata(method data for {method} {0x000001f7d00b0158} 'invokeExact_MT' '(Ljava/lang/Object;Ljava/lang/Object;Ljava/lang/Object;Ljava/lang/Object;)Ljava/lang/Object;' in 'java/lang/invoke/Invokers$Holder')}
  0x000001f7b8ed9ec4: 1100 0048 | bbb0 2332 | 11f8 0100 | 0048 8d9b | 9001 0000 | 4885 f675 | 0ef6 4308 | 0175 4ff0 
  0x000001f7b8ed9ee4: 4883 4b08 | 01eb 478b | 4608 49ba | 0000 00d0 | f701 0000 | 4903 c24c | 8bd0 4833 | 4308 48a9 
  0x000001f7b8ed9f04: fcff ffff | 7428 a802 | 7524 48f7 | 4308 feff | ffff 7416 | 498b c248 | 3343 0848 | a9fc ffff 
  0x000001f7b8ed9f24: ff74 0b48 | 834b 0802 | eb04 4889 

  0x000001f7b8ed9f30: ;   {oop(a 'java/lang/invoke/MethodType'{0x0000000740256eb0} = (Ljava/lang/Object;Ljava/lang/Object;)Ljava/lang/Object;)}
  0x000001f7b8ed9f30: 4308 48b8 | b06e 2540 | 0700 0000 | 4885 c075 | 0cf6 4318 | 0175 06f0 | 4883 4b18 

  0x000001f7b8ed9f4c: ;   {metadata(method data for {method} {0x000001f7d00b0158} 'invokeExact_MT' '(Ljava/lang/Object;Ljava/lang/Object;Ljava/lang/Object;Ljava/lang/Object;)Ljava/lang/Object;' in 'java/lang/invoke/Invokers$Holder')}
  0x000001f7b8ed9f4c: 0148 bbb0 | 2332 11f8 | 0100 0048 | 8383 8001 

  0x000001f7b8ed9f5c: ;   {metadata(method data for {method} {0x000001f7d03d94e0} 'checkExactType' '(Ljava/lang/invoke/MethodHandle;Ljava/lang/invoke/MethodType;)V' in 'java/lang/invoke/Invokers')}
  0x000001f7b8ed9f5c: 0000 0148 | bb78 5e2a | 11f8 0100 | 008b 8bcc | 0000 0083 | c102 898b | cc00 0000 | 81e1 feff 
  0x000001f7b8ed9f7c: 1f00 85c9 | 0f84 3811 | 0000 483b | 0648 8bde 

  0x000001f7b8ed9f8c: ;   {metadata(method data for {method} {0x000001f7d03d94e0} 'checkExactType' '(Ljava/lang/invoke/MethodHandle;Ljava/lang/invoke/MethodType;)V' in 'java/lang/invoke/Invokers')}
  0x000001f7b8ed9f8c: 48b9 785e | 2a11 f801 | 0000 8b5b | 0849 ba00 | 0000 d0f7 | 0100 0049 | 03da 483b | 9920 0100 
  0x000001f7b8ed9fac: 0075 0d48 | 8381 2801 | 0000 01e9 | 6000 0000 | 483b 9930 | 0100 0075 | 0d48 8381 | 3801 0000 
  0x000001f7b8ed9fcc: 01e9 4a00 | 0000 4883 | b920 0100 | 0000 7517 | 4889 9920 | 0100 0048 | c781 2801 | 0000 0100 
  0x000001f7b8ed9fec: 0000 e929 | 0000 0048 | 83b9 3001 | 0000 0075 | 1748 8999 | 3001 0000 | 48c7 8138 | 0100 0001 
  0x000001f7b8eda00c: 0000 00e9 | 0800 0000 | 4883 8110 | 0100 0001 | 8b5e 1048 | c1e3 0348 

  0x000001f7b8eda024: ;   {metadata(method data for {method} {0x000001f7d03d94e0} 'checkExactType' '(Ljava/lang/invoke/MethodHandle;Ljava/lang/invoke/MethodType;)V' in 'java/lang/invoke/Invokers')}
  0x000001f7b8eda024: 3bd8 48b8 | 785e 2a11 | f801 0000 | 48c7 c158 | 0100 0075 | 0748 c7c1 | 4801 0000 | 4c8b 0c08 
  0x000001f7b8eda044: 4d8d 4901 | 4c89 0c08 | 0f85 6d07 

  0x000001f7b8eda050: ;   {metadata(method data for {method} {0x000001f7d00b0158} 'invokeExact_MT' '(Ljava/lang/Object;Ljava/lang/Object;Ljava/lang/Object;Ljava/lang/Object;)Ljava/lang/Object;' in 'java/lang/invoke/Invokers$Holder')}
  0x000001f7b8eda050: 0000 48bb | b023 3211 | f801 0000 | 488d 9bc8 | 0100 008b | 4608 49ba | 0000 00d0 | f701 0000 
  0x000001f7b8eda070: 4903 c24c | 8bd0 4833 | 4308 48a9 | fcff ffff | 7428 a802 | 7524 48f7 | 4308 feff | ffff 7416 
  0x000001f7b8eda090: 498b c248 | 3343 0848 | a9fc ffff | ff74 0b48 | 834b 0802 | eb04 4889 

  0x000001f7b8eda0a8: ;   {metadata(method data for {method} {0x000001f7d00b0158} 'invokeExact_MT' '(Ljava/lang/Object;Ljava/lang/Object;Ljava/lang/Object;Ljava/lang/Object;)Ljava/lang/Object;' in 'java/lang/invoke/Invokers$Holder')}
  0x000001f7b8eda0a8: 4308 48bb | b023 3211 | f801 0000 | 4883 83b8 | 0100 0001 

  0x000001f7b8eda0bc: ;   {metadata(method data for {method} {0x000001f7d03d93d8} 'checkCustomized' '(Ljava/lang/invoke/MethodHandle;)V' in 'java/lang/invoke/Invokers')}
  0x000001f7b8eda0bc: 48bb 3860 | 2a11 f801 | 0000 8b83 | cc00 0000 | 83c0 0289 | 83cc 0000 | 0025 feff | 1f00 85c0 
  0x000001f7b8eda0dc: 0f84 0210 

  0x000001f7b8eda0e0: ;   {metadata(method data for {method} {0x000001f7d03d93d8} 'checkCustomized' '(Ljava/lang/invoke/MethodHandle;)V' in 'java/lang/invoke/Invokers')}
  0x000001f7b8eda0e0: 0000 48bb | 3860 2a11 | f801 0000 | 4883 8310 | 0100 0001 

  0x000001f7b8eda0f4: ;   {metadata(method data for {method} {0x000001f7d0095ff0} 'isCompileConstant' '(Ljava/lang/Object;)Z' in 'java/lang/invoke/MethodHandleImpl')}
  0x000001f7b8eda0f4: 48bb 7063 | 2a11 f801 | 0000 8b83 | cc00 0000 | 83c0 0289 | 83cc 0000 | 0025 feff | 1f00 85c0 
  0x000001f7b8eda114: 0f84 eb0f 

  0x000001f7b8eda118: ;   {metadata(method data for {method} {0x000001f7d03d93d8} 'checkCustomized' '(Ljava/lang/invoke/MethodHandle;)V' in 'java/lang/invoke/Invokers')}
  0x000001f7b8eda118: 0000 48bb | 3860 2a11 | f801 0000 | ff83 2001 | 0000 8b5e | 1448 c1e3 | 038b 5b1c | 48c1 e303 
  0x000001f7b8eda138: ;   {metadata(method data for {method} {0x000001f7d03d93d8} 'checkCustomized' '(Ljava/lang/invoke/MethodHandle;)V' in 'java/lang/invoke/Invokers')}
  0x000001f7b8eda138: 4885 db48 | bb38 602a | 11f8 0100 | 0048 c7c0 | 4001 0000 | 7507 48c7 | c050 0100 | 0048 8b0c 
  0x000001f7b8eda158: 0348 8d49 | 0148 890c | 030f 8525 

  0x000001f7b8eda164: ;   {metadata(method data for {method} {0x000001f7d03d93d8} 'checkCustomized' '(Ljava/lang/invoke/MethodHandle;)V' in 'java/lang/invoke/Invokers')}
  0x000001f7b8eda164: 0000 0048 | bb38 602a | 11f8 0100 | 0048 8383 | 6001 0000 | 0148 8bd6 

  0x000001f7b8eda17c: ;   {static_call}
  0x000001f7b8eda17c: 6666 90e8 

  0x000001f7b8eda180: ; ImmutableOopMap {[176]=Oop [192]=Oop [256]=Oop [264]=Oop }
                      ;*invokestatic maybeCustomize {reexecute=0 rethrow=0 return_oop=0}
                      ; - java.lang.invoke.Invokers::checkCustomized@19
                      ; - java.lang.invoke.Invokers$Holder::invokeExact_MT@14
                      ; - jdk.internal.reflect.DirectMethodHandleAccessor::invokeImpl@55
                      ; - jdk.internal.reflect.DirectMethodHandleAccessor::invoke@23
  0x000001f7b8eda180: fc4e 1c07 

  0x000001f7b8eda184: ;   {other}
  0x000001f7b8eda184: 0f1f 8400 | f41b 0007 | 488b bc24 | 0001 0000 | 4c8b 8424 | c000 0000 

  0x000001f7b8eda19c: ;   {metadata(method data for {method} {0x000001f7d00b0158} 'invokeExact_MT' '(Ljava/lang/Object;Ljava/lang/Object;Ljava/lang/Object;Ljava/lang/Object;)Ljava/lang/Object;' in 'java/lang/invoke/Invokers$Holder')}
  0x000001f7b8eda19c: 49b9 b023 | 3211 f801 | 0000 4d8d | 8918 0200 | 004d 85c0 | 750f 41f6 | 4108 0175 | 53f0 4983 
  0x000001f7b8eda1bc: 4908 01eb | 4b41 8b50 | 0849 ba00 | 0000 d0f7 | 0100 0049 | 03d2 4c8b | d249 3351 | 0848 f7c2 
  0x000001f7b8eda1dc: fcff ffff | 742a f6c2 | 0275 2549 | f741 08fe | ffff ff74 | 1749 8bd2 | 4933 5108 | 48f7 c2fc 
  0x000001f7b8eda1fc: ffff ff74 | 0b49 8349 | 0802 eb04 | 4989 5108 | 4885 ff75 | 0f41 f641 | 1801 7552 | f049 8349 
  0x000001f7b8eda21c: 1801 eb4a | 8b57 0849 | ba00 0000 | d0f7 0100 | 0049 03d2 | 4c8b d249 | 3351 1848 | f7c2 fcff 
  0x000001f7b8eda23c: ffff 742a | f6c2 0275 | 2549 f741 | 18fe ffff | ff74 1749 | 8bd2 4933 | 5118 48f7 | c2fc ffff 
  0x000001f7b8eda25c: ff74 0b49 | 8349 1802 | eb04 4989 | 5118 488b | b424 0801 

  0x000001f7b8eda270: ;   {metadata(method data for {method} {0x000001f7d00b0158} 'invokeExact_MT' '(Ljava/lang/Object;Ljava/lang/Object;Ljava/lang/Object;Ljava/lang/Object;)Ljava/lang/Object;' in 'java/lang/invoke/Invokers$Holder')}
  0x000001f7b8eda270: 0000 49b9 | b023 3211 | f801 0000 | 4983 81e0 | 0100 0001 | 4c8b cf48 | 8b94 2408 

  0x000001f7b8eda28c: ;   {optimized virtual_call}
  0x000001f7b8eda28c: 0100 00e8 

  0x000001f7b8eda290: ; ImmutableOopMap {[176]=Oop }
                      ;*invokevirtual invokeBasic {reexecute=0 rethrow=0 return_oop=0}
                      ; - java.lang.invoke.Invokers$Holder::invokeExact_MT@20
                      ; - jdk.internal.reflect.DirectMethodHandleAccessor::invokeImpl@55
                      ; - jdk.internal.reflect.DirectMethodHandleAccessor::invoke@23
  0x000001f7b8eda290: ec4e 8e07 

  0x000001f7b8eda294: ;   {other}
  0x000001f7b8eda294: 0f1f 8400 | 041d 0008 

  0x000001f7b8eda29c: ;   {metadata(method data for {method} {0x000001f7d00b0158} 'invokeExact_MT' '(Ljava/lang/Object;Ljava/lang/Object;Ljava/lang/Object;Ljava/lang/Object;)Ljava/lang/Object;' in 'java/lang/invoke/Invokers$Holder')}
  0x000001f7b8eda29c: 48ba b023 | 3211 f801 | 0000 488d | 9238 0200 | 0048 85c0 | 750c f602 | 0175 4df0 | 4883 0a01 
  0x000001f7b8eda2bc: eb46 8b70 | 0849 ba00 | 0000 d0f7 | 0100 0049 | 03f2 4c8b | d648 3332 | 48f7 c6fc | ffff ff74 
  0x000001f7b8eda2dc: 2740 f6c6 | 0275 2148 | f702 feff | ffff 7415 | 498b f248 | 3332 48f7 | c6fc ffff | ff74 0948 
  0x000001f7b8eda2fc: 830a 02eb | 0348 8932 

  0x000001f7b8eda304: ;   {metadata(method data for {method} {0x000001f7d03c46e0} 'invokeImpl' '(Ljava/lang/Object;[Ljava/lang/Object;)Ljava/lang/Object;' in 'jdk/internal/reflect/DirectMethodHandleAccessor')}
  0x000001f7b8eda304: 48ba 40e7 | 3611 f801 | 0000 488d | 9238 0200 | 0048 85c0 | 750c f602 | 0175 4df0 | 4883 0a01 
  0x000001f7b8eda324: eb46 8b70 | 0849 ba00 | 0000 d0f7 | 0100 0049 | 03f2 4c8b | d648 3332 | 48f7 c6fc | ffff ff74 
  0x000001f7b8eda344: 2740 f6c6 | 0275 2148 | f702 feff | ffff 7415 | 498b f248 | 3332 48f7 | c6fc ffff | ff74 0948 
  0x000001f7b8eda364: 830a 02eb | 0348 8932 

  0x000001f7b8eda36c: ;   {metadata(method data for {method} {0x000001f7d03c46e0} 'invokeImpl' '(Ljava/lang/Object;[Ljava/lang/Object;)Ljava/lang/Object;' in 'jdk/internal/reflect/DirectMethodHandleAccessor')}
  0x000001f7b8eda36c: 48ba 40e7 | 3611 f801 | 0000 ff82 | 4802 0000 | 4881 c460 | 0100 005d 

  0x000001f7b8eda384: ;   {poll_return}
  0x000001f7b8eda384: 493b a748 | 0400 000f | 879a 0d00 | 00c3 4c8b | 8424 c000 | 0000 8b72 | 1848 c1e6 | 0348 89b4 
  0x000001f7b8eda3a4: 2410 0100 

  0x000001f7b8eda3a8: ;   {metadata(method data for {method} {0x000001f7d03c46e0} 'invokeImpl' '(Ljava/lang/Object;[Ljava/lang/Object;)Ljava/lang/Object;' in 'jdk/internal/reflect/DirectMethodHandleAccessor')}
  0x000001f7b8eda3a8: 0048 bf40 | e736 11f8 | 0100 0048 | 8dbf a801 | 0000 4d85 | c075 0ef6 | 4708 0175 | 53f0 4883 
  0x000001f7b8eda3c8: 4f08 01eb | 4b41 8b58 | 0849 ba00 | 0000 d0f7 | 0100 0049 | 03da 4c8b | d348 335f | 0848 f7c3 
  0x000001f7b8eda3e8: fcff ffff | 742a f6c3 | 0275 2548 | f747 08fe | ffff ff74 | 1749 8bda | 4833 5f08 | 48f7 c3fc 
  0x000001f7b8eda408: ffff ff74 | 0b48 834f | 0802 eb04 | 4889 5f08 

  0x000001f7b8eda418: ;   {metadata(method data for {method} {0x000001f7d00b0208} 'invokeExact_MT' '(Ljava/lang/Object;Ljava/lang/Object;Ljava/lang/Object;)Ljava/lang/Object;' in 'java/lang/invoke/Invokers$Holder')}
  0x000001f7b8eda418: 48bf f820 | 3211 f801 | 0000 488d | bfa0 0200 | 0048 85f6 | 750a f607 | 0175 05f0 | 4883 0f01 
  0x000001f7b8eda438: ;   {metadata(method data for {method} {0x000001f7d03c46e0} 'invokeImpl' '(Ljava/lang/Object;[Ljava/lang/Object;)Ljava/lang/Object;' in 'jdk/internal/reflect/DirectMethodHandleAccessor')}
  0x000001f7b8eda438: 48bf 40e7 | 3611 f801 | 0000 4883 | 8770 0100 

  0x000001f7b8eda448: ;   {metadata(method data for {method} {0x000001f7d00b0208} 'invokeExact_MT' '(Ljava/lang/Object;Ljava/lang/Object;Ljava/lang/Object;)Ljava/lang/Object;' in 'java/lang/invoke/Invokers$Holder')}
  0x000001f7b8eda448: 0001 48bf | f820 3211 | f801 0000 | 8b9f cc00 | 0000 83c3 | 0289 9fcc | 0000 0081 | e3fe ff1f 
  0x000001f7b8eda468: 0085 db0f | 84d0 0c00 

  0x000001f7b8eda470: ;   {metadata(method data for {method} {0x000001f7d00b0208} 'invokeExact_MT' '(Ljava/lang/Object;Ljava/lang/Object;Ljava/lang/Object;)Ljava/lang/Object;' in 'java/lang/invoke/Invokers$Holder')}
  0x000001f7b8eda470: 0048 bff8 | 2032 11f8 | 0100 0048 | 8dbf 9001 | 0000 4885 | f675 0cf6 | 4708 0175 | 06f0 4883 
  0x000001f7b8eda490: ;   {oop(a 'java/lang/invoke/MethodType'{0x0000000740256d98} = (Ljava/lang/Object;)Ljava/lang/Object;)}
  0x000001f7b8eda490: 4f08 0148 | bb98 6d25 | 4007 0000 | 0048 85db | 750c f647 | 1801 7506 | f048 834f 

  0x000001f7b8eda4ac: ;   {metadata(method data for {method} {0x000001f7d00b0208} 'invokeExact_MT' '(Ljava/lang/Object;Ljava/lang/Object;Ljava/lang/Object;)Ljava/lang/Object;' in 'java/lang/invoke/Invokers$Holder')}
  0x000001f7b8eda4ac: 1801 48bf | f820 3211 | f801 0000 | 4883 8780 | 0100 0001 

  0x000001f7b8eda4c0: ;   {metadata(method data for {method} {0x000001f7d03d94e0} 'checkExactType' '(Ljava/lang/invoke/MethodHandle;Ljava/lang/invoke/MethodType;)V' in 'java/lang/invoke/Invokers')}
  0x000001f7b8eda4c0: 48bf 785e | 2a11 f801 | 0000 8b87 | cc00 0000 | 83c0 0289 | 87cc 0000 | 0025 feff | 1f00 85c0 
  0x000001f7b8eda4e0: 0f84 7c0c | 0000 483b | 0648 8bfe 

  0x000001f7b8eda4ec: ;   {metadata(method data for {method} {0x000001f7d03d94e0} 'checkExactType' '(Ljava/lang/invoke/MethodHandle;Ljava/lang/invoke/MethodType;)V' in 'java/lang/invoke/Invokers')}
  0x000001f7b8eda4ec: 48b8 785e | 2a11 f801 | 0000 8b7f | 0849 ba00 | 0000 d0f7 | 0100 0049 | 03fa 483b | b820 0100 
  0x000001f7b8eda50c: 0075 0d48 | 8380 2801 | 0000 01e9 | 6000 0000 | 483b b830 | 0100 0075 | 0d48 8380 | 3801 0000 
  0x000001f7b8eda52c: 01e9 4a00 | 0000 4883 | b820 0100 | 0000 7517 | 4889 b820 | 0100 0048 | c780 2801 | 0000 0100 
  0x000001f7b8eda54c: 0000 e929 | 0000 0048 | 83b8 3001 | 0000 0075 | 1748 89b8 | 3001 0000 | 48c7 8038 | 0100 0001 
  0x000001f7b8eda56c: 0000 00e9 | 0800 0000 | 4883 8010 | 0100 0001 | 8b7e 1048 | c1e7 0348 

  0x000001f7b8eda584: ;   {metadata(method data for {method} {0x000001f7d03d94e0} 'checkExactType' '(Ljava/lang/invoke/MethodHandle;Ljava/lang/invoke/MethodType;)V' in 'java/lang/invoke/Invokers')}
  0x000001f7b8eda584: 3bfb 48bb | 785e 2a11 | f801 0000 | 48c7 c058 | 0100 0075 | 0748 c7c0 | 4801 0000 | 488b 0c03 
  0x000001f7b8eda5a4: 488d 4901 | 4889 0c03 | 0f85 c901 

  0x000001f7b8eda5b0: ;   {metadata(method data for {method} {0x000001f7d00b0208} 'invokeExact_MT' '(Ljava/lang/Object;Ljava/lang/Object;Ljava/lang/Object;)Ljava/lang/Object;' in 'java/lang/invoke/Invokers$Holder')}
  0x000001f7b8eda5b0: 0000 48bf | f820 3211 | f801 0000 | 4883 87b8 | 0100 0001 

  0x000001f7b8eda5c4: ;   {metadata(method data for {method} {0x000001f7d03d93d8} 'checkCustomized' '(Ljava/lang/invoke/MethodHandle;)V' in 'java/lang/invoke/Invokers')}
  0x000001f7b8eda5c4: 48bf 3860 | 2a11 f801 | 0000 8b9f | cc00 0000 | 83c3 0289 | 9fcc 0000 | 0081 e3fe | ff1f 0085 
  0x000001f7b8eda5e4: db0f 849d 

  0x000001f7b8eda5e8: ;   {metadata(method data for {method} {0x000001f7d03d93d8} 'checkCustomized' '(Ljava/lang/invoke/MethodHandle;)V' in 'java/lang/invoke/Invokers')}
  0x000001f7b8eda5e8: 0b00 0048 | bf38 602a | 11f8 0100 | 0048 8387 | 1001 0000 

  0x000001f7b8eda5fc: ;   {metadata(method data for {method} {0x000001f7d0095ff0} 'isCompileConstant' '(Ljava/lang/Object;)Z' in 'java/lang/invoke/MethodHandleImpl')}
  0x000001f7b8eda5fc: 0148 bf70 | 632a 11f8 | 0100 008b | 9fcc 0000 | 0083 c302 | 899f cc00 | 0000 81e3 | feff 1f00 
  0x000001f7b8eda61c: 85db 0f84 | 850b 0000 

  0x000001f7b8eda624: ;   {metadata(method data for {method} {0x000001f7d03d93d8} 'checkCustomized' '(Ljava/lang/invoke/MethodHandle;)V' in 'java/lang/invoke/Invokers')}
  0x000001f7b8eda624: 48bf 3860 | 2a11 f801 | 0000 ff87 | 2001 0000 | 8b7e 1448 | c1e7 038b | 7f1c 48c1 | e703 4885 
  0x000001f7b8eda644: ;   {metadata(method data for {method} {0x000001f7d03d93d8} 'checkCustomized' '(Ljava/lang/invoke/MethodHandle;)V' in 'java/lang/invoke/Invokers')}
  0x000001f7b8eda644: ff48 bf38 | 602a 11f8 | 0100 0048 | c7c3 4001 | 0000 7507 | 48c7 c350 | 0100 0048 | 8b04 1f48 
  0x000001f7b8eda664: 8d40 0148 | 8904 1f0f | 8523 0000 

  0x000001f7b8eda670: ;   {metadata(method data for {method} {0x000001f7d03d93d8} 'checkCustomized' '(Ljava/lang/invoke/MethodHandle;)V' in 'java/lang/invoke/Invokers')}
  0x000001f7b8eda670: 0048 bf38 | 602a 11f8 | 0100 0048 | 8387 6001 | 0000 0148 

  0x000001f7b8eda684: ;   {static_call}
  0x000001f7b8eda684: 8bd6 90e8 

  0x000001f7b8eda688: ; ImmutableOopMap {[176]=Oop [192]=Oop [272]=Oop }
                      ;*invokestatic maybeCustomize {reexecute=0 rethrow=0 return_oop=0}
                      ; - java.lang.invoke.Invokers::checkCustomized@19
                      ; - java.lang.invoke.Invokers$Holder::invokeExact_MT@14
                      ; - jdk.internal.reflect.DirectMethodHandleAccessor::invokeImpl@41
                      ; - jdk.internal.reflect.DirectMethodHandleAccessor::invoke@23
  0x000001f7b8eda688: 9449 9a07 

  0x000001f7b8eda68c: ;   {other}
  0x000001f7b8eda68c: 0f1f 8400 | fc20 0009 | 488b b424 | 1001 0000 

  0x000001f7b8eda69c: ;   {metadata(method data for {method} {0x000001f7d00b0208} 'invokeExact_MT' '(Ljava/lang/Object;Ljava/lang/Object;Ljava/lang/Object;)Ljava/lang/Object;' in 'java/lang/invoke/Invokers$Holder')}
  0x000001f7b8eda69c: 49b8 f820 | 3211 f801 | 0000 4983 | 80e0 0100 | 0001 4c8b | 8424 c000 | 0000 488b | 9424 1001 
  0x000001f7b8eda6bc: ;   {optimized virtual_call}
  0x000001f7b8eda6bc: 0000 90e8 

  0x000001f7b8eda6c0: ; ImmutableOopMap {[176]=Oop }
                      ;*invokevirtual invokeBasic {reexecute=0 rethrow=0 return_oop=0}
                      ; - java.lang.invoke.Invokers$Holder::invokeExact_MT@19
                      ; - jdk.internal.reflect.DirectMethodHandleAccessor::invokeImpl@41
                      ; - jdk.internal.reflect.DirectMethodHandleAccessor::invoke@23
  0x000001f7b8eda6c0: 3c92 8c07 

  0x000001f7b8eda6c4: ;   {other}
  0x000001f7b8eda6c4: 0f1f 8400 | 3421 000a 

  0x000001f7b8eda6cc: ;   {metadata(method data for {method} {0x000001f7d00b0208} 'invokeExact_MT' '(Ljava/lang/Object;Ljava/lang/Object;Ljava/lang/Object;)Ljava/lang/Object;' in 'java/lang/invoke/Invokers$Holder')}
  0x000001f7b8eda6cc: 48ba f820 | 3211 f801 | 0000 488d | 9228 0200 | 0048 85c0 | 750a f602 | 0175 05f0 | 4883 0a01 
  0x000001f7b8eda6ec: ;   {metadata(method data for {method} {0x000001f7d03c46e0} 'invokeImpl' '(Ljava/lang/Object;[Ljava/lang/Object;)Ljava/lang/Object;' in 'jdk/internal/reflect/DirectMethodHandleAccessor')}
  0x000001f7b8eda6ec: 48ba 40e7 | 3611 f801 | 0000 488d | 92b8 0100 | 0048 85c0 | 750c f602 | 0175 4ef0 | 4883 0a01 
  0x000001f7b8eda70c: eb47 448b | 4008 49ba | 0000 00d0 | f701 0000 | 4d03 c24d | 8bd0 4c33 | 0249 f7c0 | fcff ffff 
  0x000001f7b8eda72c: 7427 41f6 | c002 7521 | 48f7 02fe | ffff ff74 | 154d 8bc2 | 4c33 0249 | f7c0 fcff | ffff 7409 
  0x000001f7b8eda74c: 4883 0a02 | eb03 4c89 

  0x000001f7b8eda754: ;   {metadata(method data for {method} {0x000001f7d03c46e0} 'invokeImpl' '(Ljava/lang/Object;[Ljava/lang/Object;)Ljava/lang/Object;' in 'jdk/internal/reflect/DirectMethodHandleAccessor')}
  0x000001f7b8eda754: 0248 ba40 | e736 11f8 | 0100 00ff | 82c8 0100 | 0048 81c4 | 6001 0000 

  0x000001f7b8eda76c: ;   {poll_return}
  0x000001f7b8eda76c: 5d49 3ba7 | 4804 0000 | 0f87 550a 

  0x000001f7b8eda778: ;   {metadata(method data for {method} {0x000001f7d03d94e0} 'checkExactType' '(Ljava/lang/invoke/MethodHandle;Ljava/lang/invoke/MethodType;)V' in 'java/lang/invoke/Invokers')}
  0x000001f7b8eda778: 0000 c348 | ba78 5e2a | 11f8 0100 | 0048 8382 | 6801 0000 

  0x000001f7b8eda78c: ;   {oop(a 'java/lang/invoke/MethodType'{0x0000000740256d98} = (Ljava/lang/Object;)Ljava/lang/Object;)}
  0x000001f7b8eda78c: 0149 b898 | 6d25 4007 | 0000 0048 | 8bd7 0f1f 

  0x000001f7b8eda79c: ;   {static_call}
  0x000001f7b8eda79c: 4400 00e8 

  0x000001f7b8eda7a0: ; ImmutableOopMap {[176]=Oop [192]=Oop [272]=Oop }
                      ;*invokestatic newWrongMethodTypeException {reexecute=0 rethrow=0 return_oop=0}
                      ; - java.lang.invoke.Invokers::checkExactType@12
                      ; - java.lang.invoke.Invokers$Holder::invokeExact_MT@10
                      ; - jdk.internal.reflect.DirectMethodHandleAccessor::invokeImpl@41
                      ; - jdk.internal.reflect.DirectMethodHandleAccessor::invoke@23
  0x000001f7b8eda7a0: dc48 1c07 

  0x000001f7b8eda7a4: ;   {other}
  0x000001f7b8eda7a4: 0f1f 8400 | 1422 000b 

  0x000001f7b8eda7ac: ; implicit exception: dispatches to 0x000001f7b8edb1e5
                      ; ImmutableOopMap {rax=Oop [176]=Oop [192]=Oop [272]=Oop }
                      ;*athrow {reexecute=1 rethrow=0 return_oop=0}
                      ; - (reexecute) java.lang.invoke.Invokers::checkExactType@15
                      ; - java.lang.invoke.Invokers$Holder::invokeExact_MT@10
                      ; - jdk.internal.reflect.DirectMethodHandleAccessor::invokeImpl@41
                      ; - jdk.internal.reflect.DirectMethodHandleAccessor::invoke@23
                      ;   {section_word}
  0x000001f7b8eda7ac: 483b 0048 | baaf a7ed | b8f7 0100 

  0x000001f7b8eda7b8: ;   {runtime_call handle_exception_nofpu Runtime1 stub}
  0x000001f7b8eda7b8: 00e8 c2c2 

  0x000001f7b8eda7bc: ;   {metadata(method data for {method} {0x000001f7d03d94e0} 'checkExactType' '(Ljava/lang/invoke/MethodHandle;Ljava/lang/invoke/MethodType;)V' in 'java/lang/invoke/Invokers')}
  0x000001f7b8eda7bc: 2807 9048 | ba78 5e2a | 11f8 0100 | 0048 8382 | 6801 0000 

  0x000001f7b8eda7d0: ;   {oop(a 'java/lang/invoke/MethodType'{0x0000000740256eb0} = (Ljava/lang/Object;Ljava/lang/Object;)Ljava/lang/Object;)}
  0x000001f7b8eda7d0: 0149 b8b0 | 6e25 4007 | 0000 0048 

  0x000001f7b8eda7dc: ;   {static_call}
  0x000001f7b8eda7dc: 8bd3 90e8 

  0x000001f7b8eda7e0: ; ImmutableOopMap {[176]=Oop [192]=Oop [256]=Oop [264]=Oop }
                      ;*invokestatic newWrongMethodTypeException {reexecute=0 rethrow=0 return_oop=0}
                      ; - java.lang.invoke.Invokers::checkExactType@12
                      ; - java.lang.invoke.Invokers$Holder::invokeExact_MT@10
                      ; - jdk.internal.reflect.DirectMethodHandleAccessor::invokeImpl@55
                      ; - jdk.internal.reflect.DirectMethodHandleAccessor::invoke@23
  0x000001f7b8eda7e0: 9c48 1c07 

  0x000001f7b8eda7e4: ;   {other}
  0x000001f7b8eda7e4: 0f1f 8400 | 5422 000d 

  0x000001f7b8eda7ec: ; implicit exception: dispatches to 0x000001f7b8edb1ea
                      ; ImmutableOopMap {rax=Oop [176]=Oop [192]=Oop [256]=Oop [264]=Oop }
                      ;*athrow {reexecute=1 rethrow=0 return_oop=0}
                      ; - (reexecute) java.lang.invoke.Invokers::checkExactType@15
                      ; - java.lang.invoke.Invokers$Holder::invokeExact_MT@10
                      ; - jdk.internal.reflect.DirectMethodHandleAccessor::invokeImpl@55
                      ; - jdk.internal.reflect.DirectMethodHandleAccessor::invoke@23
                      ;   {section_word}
  0x000001f7b8eda7ec: 483b 0048 | baef a7ed | b8f7 0100 

  0x000001f7b8eda7f8: ;   {runtime_call handle_exception_nofpu Runtime1 stub}
  0x000001f7b8eda7f8: 00e8 82c2 

  0x000001f7b8eda7fc: ;   {metadata(method data for {method} {0x000001f7d03d94e0} 'checkExactType' '(Ljava/lang/invoke/MethodHandle;Ljava/lang/invoke/MethodType;)V' in 'java/lang/invoke/Invokers')}
  0x000001f7b8eda7fc: 2807 9048 | ba78 5e2a | 11f8 0100 | 0048 8382 | 6801 0000 

  0x000001f7b8eda810: ;   {oop(a 'java/lang/invoke/MethodType'{0x00000007402939b8} = (Ljava/lang/Object;Ljava/lang/Object;Ljava/lang/Object;)Ljava/lang/Object;)}
  0x000001f7b8eda810: 0149 b8b8 | 3929 4007 | 0000 0048 

  0x000001f7b8eda81c: ;   {static_call}
  0x000001f7b8eda81c: 8bd0 90e8 

  0x000001f7b8eda820: ; ImmutableOopMap {[176]=Oop [192]=Oop [232]=Oop [240]=Oop [248]=Oop }
                      ;*invokestatic newWrongMethodTypeException {reexecute=0 rethrow=0 return_oop=0}
                      ; - java.lang.invoke.Invokers::checkExactType@12
                      ; - java.lang.invoke.LambdaForm$MH/0x000001f7d101cc00::invokeExact_MT@11
                      ; - jdk.internal.reflect.DirectMethodHandleAccessor::invokeImpl@72
                      ; - jdk.internal.reflect.DirectMethodHandleAccessor::invoke@23
  0x000001f7b8eda820: 5c48 1c07 

  0x000001f7b8eda824: ;   {other}
  0x000001f7b8eda824: 0f1f 8400 | 9422 000f 

  0x000001f7b8eda82c: ; implicit exception: dispatches to 0x000001f7b8edb1ef
                      ; ImmutableOopMap {rax=Oop [176]=Oop [192]=Oop [232]=Oop [240]=Oop [248]=Oop }
                      ;*athrow {reexecute=1 rethrow=0 return_oop=0}
                      ; - (reexecute) java.lang.invoke.Invokers::checkExactType@15
                      ; - java.lang.invoke.LambdaForm$MH/0x000001f7d101cc00::invokeExact_MT@11
                      ; - jdk.internal.reflect.DirectMethodHandleAccessor::invokeImpl@72
                      ; - jdk.internal.reflect.DirectMethodHandleAccessor::invoke@23
                      ;   {section_word}
  0x000001f7b8eda82c: 483b 0048 | ba2f a8ed | b8f7 0100 

  0x000001f7b8eda838: ;   {runtime_call handle_exception_nofpu Runtime1 stub}
  0x000001f7b8eda838: 00e8 42c2 

  0x000001f7b8eda83c: ;   {metadata(method data for {method} {0x000001f7d03d94e0} 'checkExactType' '(Ljava/lang/invoke/MethodHandle;Ljava/lang/invoke/MethodType;)V' in 'java/lang/invoke/Invokers')}
  0x000001f7b8eda83c: 2807 9048 | ba78 5e2a | 11f8 0100 | 0048 8382 | 6801 0000 

  0x000001f7b8eda850: ;   {oop(a 'java/lang/invoke/MethodType'{0x000000074028a528} = (Ljava/lang/Object;Ljava/lang/Object;Ljava/lang/Object;Ljava/lang/Object;)Ljava/lang/Object;)}
  0x000001f7b8eda850: 0149 b828 | a528 4007 | 0000 0048 

  0x000001f7b8eda85c: ;   {static_call}
  0x000001f7b8eda85c: 8bd1 90e8 

  0x000001f7b8eda860: ; ImmutableOopMap {[176]=Oop [192]=Oop [200]=Oop [208]=Oop [216]=Oop [224]=Oop }
                      ;*invokestatic newWrongMethodTypeException {reexecute=0 rethrow=0 return_oop=0}
                      ; - java.lang.invoke.Invokers::checkExactType@12
                      ; - java.lang.invoke.LambdaForm$MH/0x000001f7d100f400::invokeExact_MT@11
                      ; - jdk.internal.reflect.DirectMethodHandleAccessor::invokeImpl@92
                      ; - jdk.internal.reflect.DirectMethodHandleAccessor::invoke@23
  0x000001f7b8eda860: 1c48 1c07 

  0x000001f7b8eda864: ;   {other}
  0x000001f7b8eda864: 0f1f 8400 | d422 0011 

  0x000001f7b8eda86c: ; implicit exception: dispatches to 0x000001f7b8edb1f4
                      ; ImmutableOopMap {rax=Oop [176]=Oop [192]=Oop [200]=Oop [208]=Oop [216]=Oop [224]=Oop }
                      ;*athrow {reexecute=1 rethrow=0 return_oop=0}
                      ; - (reexecute) java.lang.invoke.Invokers::checkExactType@15
                      ; - java.lang.invoke.LambdaForm$MH/0x000001f7d100f400::invokeExact_MT@11
                      ; - jdk.internal.reflect.DirectMethodHandleAccessor::invokeImpl@92
                      ; - jdk.internal.reflect.DirectMethodHandleAccessor::invoke@23
                      ;   {section_word}
  0x000001f7b8eda86c: 483b 0048 | ba6f a8ed | b8f7 0100 

  0x000001f7b8eda878: ;   {runtime_call handle_exception_nofpu Runtime1 stub}
  0x000001f7b8eda878: 00e8 02c2 | 2807 9049 | 8b87 f804 | 0000 4d33 | d24d 8997 | f804 0000 | 4d33 d24d | 8997 0005 
  0x000001f7b8eda898: 0000 488b | 9424 b000 

  0x000001f7b8eda8a0: ;   {metadata(method data for {method} {0x000001f7d019def0} 'invoke' '(Ljava/lang/Object;[Ljava/lang/Object;)Ljava/lang/Object;' in 'jdk/internal/reflect/DirectMethodHandleAccessor')}
  0x000001f7b8eda8a0: 0000 49b8 | 10e2 3611 | f801 0000 | 4983 8060 | 0200 0001 

  0x000001f7b8eda8b4: ;   {metadata(method data for {method} {0x000001f7d03c4688} 'isIllegalArgument' '(Ljava/lang/RuntimeException;)Z' in 'jdk/internal/reflect/DirectMethodHandleAccessor')}
  0x000001f7b8eda8b4: 48ba 58eb | 3611 f801 | 0000 448b | 82cc 0000 | 0041 83c0 | 0244 8982 | cc00 0000 | 4181 e0fe 
  0x000001f7b8eda8d4: ff1f 0045 | 85c0 0f84 | 1909 0000 

  0x000001f7b8eda8e0: ;   {oop(a 'java/lang/Class'{0x00000007402359e0} = 'jdk/internal/reflect/DirectMethodHandleAccessor')}
  0x000001f7b8eda8e0: 48ba e059 | 2340 0700 | 0000 4c8b | c048 8984 | 2418 0100 

  0x000001f7b8eda8f4: ;   {static_call}
  0x000001f7b8eda8f4: 0066 90e8 

  0x000001f7b8eda8f8: ; ImmutableOopMap {[280]=Oop }
                      ;*invokestatic isIllegalArgument {reexecute=0 rethrow=0 return_oop=0}
                      ; - jdk.internal.reflect.DirectMethodHandleAccessor::isIllegalArgument@3
                      ; - jdk.internal.reflect.DirectMethodHandleAccessor::invoke@58
  0x000001f7b8eda8f8: 8447 1c07 

  0x000001f7b8eda8fc: ;   {other}
  0x000001f7b8eda8fc: 0f1f 8400 | 6c23 0013 | 83e0 0185 

  0x000001f7b8eda908: ;   {metadata(method data for {method} {0x000001f7d019def0} 'invoke' '(Ljava/lang/Object;[Ljava/lang/Object;)Ljava/lang/Object;' in 'jdk/internal/reflect/DirectMethodHandleAccessor')}
  0x000001f7b8eda908: c048 b810 | e236 11f8 | 0100 0048 | c7c2 9802 | 0000 7407 | 48c7 c2a8 | 0200 004c | 8b04 104d 
  0x000001f7b8eda928: 8d40 014c | 8904 100f | 84bc 0200 | 00e9 0f02 | 0000 498b | 87f8 0400 | 004d 33d2 | 4d89 97f8 
  0x000001f7b8eda948: 0400 004d | 33d2 4d89 | 9700 0500 | 0048 8b94 | 24b0 0000 

  0x000001f7b8eda95c: ;   {metadata(method data for {method} {0x000001f7d019def0} 'invoke' '(Ljava/lang/Object;[Ljava/lang/Object;)Ljava/lang/Object;' in 'jdk/internal/reflect/DirectMethodHandleAccessor')}
  0x000001f7b8eda95c: 0049 b810 | e236 11f8 | 0100 0049 | 8380 e801 

  0x000001f7b8eda96c: ;   {metadata(method data for {method} {0x000001f7d03c4688} 'isIllegalArgument' '(Ljava/lang/RuntimeException;)Z' in 'jdk/internal/reflect/DirectMethodHandleAccessor')}
  0x000001f7b8eda96c: 0000 0148 | ba58 eb36 | 11f8 0100 | 0044 8b82 | cc00 0000 | 4183 c002 | 4489 82cc | 0000 0041 
  0x000001f7b8eda98c: 81e0 feff | 1f00 4585 | c00f 847f 

  0x000001f7b8eda998: ;   {oop(a 'java/lang/Class'{0x00000007402359e0} = 'jdk/internal/reflect/DirectMethodHandleAccessor')}
  0x000001f7b8eda998: 0800 0048 | bae0 5923 | 4007 0000 | 004c 8bc0 | 4889 8424 | 2001 0000 | 0f1f 8000 

  0x000001f7b8eda9b4: ;   {static_call}
  0x000001f7b8eda9b4: 0000 00e8 

  0x000001f7b8eda9b8: ; ImmutableOopMap {[288]=Oop }
                      ;*invokestatic isIllegalArgument {reexecute=0 rethrow=0 return_oop=0}
                      ; - jdk.internal.reflect.DirectMethodHandleAccessor::isIllegalArgument@3
                      ; - jdk.internal.reflect.DirectMethodHandleAccessor::invoke@30
  0x000001f7b8eda9b8: c446 1c07 

  0x000001f7b8eda9bc: ;   {other}
  0x000001f7b8eda9bc: 0f1f 8400 | 2c24 0014 | 83e0 0185 

  0x000001f7b8eda9c8: ;   {metadata(method data for {method} {0x000001f7d019def0} 'invoke' '(Ljava/lang/Object;[Ljava/lang/Object;)Ljava/lang/Object;' in 'jdk/internal/reflect/DirectMethodHandleAccessor')}
  0x000001f7b8eda9c8: c048 ba10 | e236 11f8 | 0100 0048 | c7c6 2002 | 0000 7407 | 48c7 c630 | 0200 0048 | 8b3c 3248 
  0x000001f7b8eda9e8: 8d7f 0148 | 893c 320f | 84a4 0000 | 0066 6690 

  0x000001f7b8eda9f8: ;   {no_reloc}
  0x000001f7b8eda9f8: e94d 0800 | 0000 0000 | 0000 498b | 87b8 0100 | 0048 8d78 | 2849 3bbf | c801 0000 | 0f87 3a08 
  0x000001f7b8edaa18: 0000 4989 | bfb8 0100 | 0048 c700 | 0100 0000 | 488b ca49 | ba00 0000 | d0f7 0100 | 0049 2bca 
  0x000001f7b8edaa38: 8948 0848 | 33c9 8948 | 0c48 33c9 | 4889 4810 | 4889 4818 | 4889 4820 

  0x000001f7b8edaa50: ;   {metadata(method data for {method} {0x000001f7d019def0} 'invoke' '(Ljava/lang/Object;[Ljava/lang/Object;)Ljava/lang/Object;' in 'jdk/internal/reflect/DirectMethodHandleAccessor')}
  0x000001f7b8edaa50: 4c8b c048 | ba10 e236 | 11f8 0100 | 0048 8382 | 4002 0000 

  0x000001f7b8edaa64: ;   {oop("argument type mismatch"{0x000000074023a5f0})}
  0x000001f7b8edaa64: 0149 b8f0 | a523 4007 | 0000 0048 | 8bd0 4889 | 8424 2801 | 0000 0f1f 

  0x000001f7b8edaa7c: ;   {optimized virtual_call}
  0x000001f7b8edaa7c: 4400 00e8 

  0x000001f7b8edaa80: ; ImmutableOopMap {[296]=Oop }
                      ;*invokespecial <init> {reexecute=0 rethrow=0 return_oop=0}
                      ; - jdk.internal.reflect.DirectMethodHandleAccessor::invoke@42
  0x000001f7b8edaa80: fc3f 1c07 

  0x000001f7b8edaa84: ;   {other}
  0x000001f7b8edaa84: 0f1f 8400 | f424 0015 | 488b 8424 | 2801 0000 | e9b2 0800 | 004c 8b84 | 2420 0100 | 000f 1f80 
  0x000001f7b8edaaa4: 0000 0000 

  0x000001f7b8edaaa8: ;   {no_reloc}
  0x000001f7b8edaaa8: e9c3 0700 | 0000 0000 | 0000 80ba | 2101 0000 | 040f 85c0 | 0700 0049 | 8b87 b801 | 0000 488d 
  0x000001f7b8edaac8: 7828 493b | bfc8 0100 | 000f 87a8 | 0700 0049 | 89bf b801 | 0000 48c7 | 0001 0000 | 0048 8bca 
  0x000001f7b8edaae8: 49ba 0000 | 00d0 f701 | 0000 492b | ca89 4808 | 4833 c989 | 480c 4833 | c948 8948 | 1048 8948 
  0x000001f7b8edab08: 1848 8948 | 2048 8bd0 

  0x000001f7b8edab10: ;   {metadata(method data for {method} {0x000001f7d019def0} 'invoke' '(Ljava/lang/Object;[Ljava/lang/Object;)Ljava/lang/Object;' in 'jdk/internal/reflect/DirectMethodHandleAccessor')}
  0x000001f7b8edab10: 48be 10e2 | 3611 f801 | 0000 4883 | 8650 0200 | 0001 488b | d048 8984 | 2430 0100 

  0x000001f7b8edab2c: ;   {optimized virtual_call}
  0x000001f7b8edab2c: 0066 90e8 

  0x000001f7b8edab30: ; ImmutableOopMap {[304]=Oop }
                      ;*invokespecial <init> {reexecute=0 rethrow=0 return_oop=0}
                      ; - jdk.internal.reflect.DirectMethodHandleAccessor::invoke@51
  0x000001f7b8edab30: 4c3f 1c07 

  0x000001f7b8edab34: ;   {other}
  0x000001f7b8edab34: 0f1f 8400 | a425 0016 | 488b 8424 | 3001 0000 | e902 0800 | 000f 1f80 | 0000 0000 

  0x000001f7b8edab50: ;   {no_reloc}
  0x000001f7b8edab50: e946 0700 | 0000 0000 | 0000 498b | 87b8 0100 | 0048 8d78 | 2849 3bbf | c801 0000 | 0f87 3307 
  0x000001f7b8edab70: 0000 4989 | bfb8 0100 | 0048 c700 | 0100 0000 | 488b ca49 | ba00 0000 | d0f7 0100 | 0049 2bca 
  0x000001f7b8edab90: 8948 0848 | 33c9 8948 | 0c48 33c9 | 4889 4810 | 4889 4818 | 4889 4820 

  0x000001f7b8edaba8: ;   {metadata(method data for {method} {0x000001f7d019def0} 'invoke' '(Ljava/lang/Object;[Ljava/lang/Object;)Ljava/lang/Object;' in 'jdk/internal/reflect/DirectMethodHandleAccessor')}
  0x000001f7b8edaba8: 4c8b c048 | ba10 e236 | 11f8 0100 | 0048 8382 | b802 0000 | 014c 8b84 | 2418 0100 | 0048 8bd0 
  0x000001f7b8edabc8: 4889 8424 | 3801 0000 | 0f1f 8000 

  0x000001f7b8edabd4: ;   {optimized virtual_call}
  0x000001f7b8edabd4: 0000 00e8 

  0x000001f7b8edabd8: ; ImmutableOopMap {[312]=Oop }
                      ;*invokespecial <init> {reexecute=0 rethrow=0 return_oop=0}
                      ; - jdk.internal.reflect.DirectMethodHandleAccessor::invoke@69
  0x000001f7b8edabd8: a43e 1c07 

  0x000001f7b8edabdc: ;   {other}
  0x000001f7b8edabdc: 0f1f 8400 | 4c26 0017 | 488b 8424 | 3801 0000 | e95a 0700 | 004c 8b84 | 2418 0100 | 000f 1f80 
  0x000001f7b8edabfc: 0000 0000 

  0x000001f7b8edac00: ;   {no_reloc}
  0x000001f7b8edac00: e9bc 0600 | 0000 0000 | 0000 80ba | 2101 0000 | 040f 85b9 | 0600 0049 | 8b87 b801 | 0000 488d 
  0x000001f7b8edac20: 7828 493b | bfc8 0100 | 000f 87a1 | 0600 0049 | 89bf b801 | 0000 48c7 | 0001 0000 | 0048 8bca 
  0x000001f7b8edac40: 49ba 0000 | 00d0 f701 | 0000 492b | ca89 4808 | 4833 c989 | 480c 4833 | c948 8948 | 1048 8948 
  0x000001f7b8edac60: 1848 8948 | 2048 8bd0 

  0x000001f7b8edac68: ;   {metadata(method data for {method} {0x000001f7d019def0} 'invoke' '(Ljava/lang/Object;[Ljava/lang/Object;)Ljava/lang/Object;' in 'jdk/internal/reflect/DirectMethodHandleAccessor')}
  0x000001f7b8edac68: 48be 10e2 | 3611 f801 | 0000 4883 | 86c8 0200 | 0001 488b | d048 8984 | 2440 0100 

  0x000001f7b8edac84: ;   {optimized virtual_call}
  0x000001f7b8edac84: 0066 90e8 

  0x000001f7b8edac88: ; ImmutableOopMap {[320]=Oop }
                      ;*invokespecial <init> {reexecute=0 rethrow=0 return_oop=0}
                      ; - jdk.internal.reflect.DirectMethodHandleAccessor::invoke@78
  0x000001f7b8edac88: f43d 1c07 

  0x000001f7b8edac8c: ;   {other}
  0x000001f7b8edac8c: 0f1f 8400 | fc26 0018 | 488b 8424 | 4001 0000 | e9aa 0600 | 000f 1f80 | 0000 0000 

  0x000001f7b8edaca8: ;   {no_reloc}
  0x000001f7b8edaca8: e93f 0600 | 0000 0000 | 0000 498b | 87b8 0100 | 0048 8d78 | 2849 3bbf | c801 0000 | 0f87 2c06 
  0x000001f7b8edacc8: 0000 4989 | bfb8 0100 | 0048 c700 | 0100 0000 | 488b ca49 | ba00 0000 | d0f7 0100 | 0049 2bca 
  0x000001f7b8edace8: 8948 0848 | 33c9 8948 | 0c48 33c9 | 4889 4810 | 4889 4818 | 4889 4820 

  0x000001f7b8edad00: ;   {metadata(method data for {method} {0x000001f7d03c4898} 'checkReceiver' '(Ljava/lang/Object;)V' in 'jdk/internal/reflect/DirectMethodHandleAccessor')}
  0x000001f7b8edad00: 488b d048 | be48 e536 | 11f8 0100 | 0048 8386 | a001 0000 

  0x000001f7b8edad14: ;   {oop("object is not an instance of declaring class"{0x0000000741233bd0})}
  0x000001f7b8edad14: 0149 b8d0 | 3b23 4107 | 0000 0048 | 8bd0 4889 | 8424 4801 | 0000 0f1f 

  0x000001f7b8edad2c: ;   {optimized virtual_call}
  0x000001f7b8edad2c: 4400 00e8 

  0x000001f7b8edad30: ; ImmutableOopMap {[176]=Oop [184]=Oop [192]=Oop [328]=Oop }
                      ;*invokespecial <init> {reexecute=0 rethrow=0 return_oop=0}
                      ; - jdk.internal.reflect.DirectMethodHandleAccessor::checkReceiver@20
                      ; - jdk.internal.reflect.DirectMethodHandleAccessor::invoke@9
  0x000001f7b8edad30: 4c3d 1c07 

  0x000001f7b8edad34: ;   {other}
  0x000001f7b8edad34: 0f1f 8400 | a427 0019 | 488b 8424 | 4801 0000 | e902 0600 | 0049 8b87 | f804 0000 | 4d33 d24d 
  0x000001f7b8edad54: 8997 f804 | 0000 4d33 | d24d 8997 | 0005 0000 | 4c8b c090 

  0x000001f7b8edad68: ;   {metadata('java/lang/reflect/InvocationTargetException')}
  0x000001f7b8edad68: 48ba 7853 | 04d1 f701 | 0000 80ba | 2101 0000 | 040f 85a2 | 0500 0049 | 8b87 b801 | 0000 488d 
  0x000001f7b8edad88: 7828 493b | bfc8 0100 | 000f 878a | 0500 0049 | 89bf b801 | 0000 48c7 | 0001 0000 | 0048 8bca 
  0x000001f7b8edada8: 49ba 0000 | 00d0 f701 | 0000 492b | ca89 4808 | 4833 c989 | 480c 4833 | c948 8948 | 1048 8948 
  0x000001f7b8edadc8: 1848 8948 | 2048 8bd0 

  0x000001f7b8edadd0: ;   {metadata(method data for {method} {0x000001f7d019def0} 'invoke' '(Ljava/lang/Object;[Ljava/lang/Object;)Ljava/lang/Object;' in 'jdk/internal/reflect/DirectMethodHandleAccessor')}
  0x000001f7b8edadd0: 48be 10e2 | 3611 f801 | 0000 4883 | 86d8 0200 | 0001 488b | d048 8984 | 2450 0100 

  0x000001f7b8edadec: ;   {optimized virtual_call}
  0x000001f7b8edadec: 0066 90e8 

  0x000001f7b8edadf0: ; ImmutableOopMap {[336]=Oop }
                      ;*invokespecial <init> {reexecute=0 rethrow=0 return_oop=0}
                      ; - jdk.internal.reflect.DirectMethodHandleAccessor::invoke@88
  0x000001f7b8edadf0: b905 0000 

  0x000001f7b8edadf4: ;   {other}
  0x000001f7b8edadf4: 0f1f 8400 | 6428 001a | 488b 8424 | 5001 0000 | e942 0500 

  0x000001f7b8edae08: ;   {metadata({method} {0x000001f7d019def0} 'invoke' '(Ljava/lang/Object;[Ljava/lang/Object;)Ljava/lang/Object;' in 'jdk/internal/reflect/DirectMethodHandleAccessor')}
  0x000001f7b8edae08: 0049 bae8 | de19 d0f7 | 0100 004c | 8954 2408 | 48c7 0424 | ffff ffff 

  0x000001f7b8edae20: ;   {runtime_call counter_overflow Runtime1 stub}
  0x000001f7b8edae20: e85b fe28 

  0x000001f7b8edae24: ; ImmutableOopMap {rdx=Oop r8=Oop r9=Oop [176]=Oop [184]=Oop [192]=Oop }
                      ;*synchronization entry
                      ; - jdk.internal.reflect.DirectMethodHandleAccessor::invoke@-1
  0x000001f7b8edae24: 07e9 b4dc 

  0x000001f7b8edae28: ;   {metadata({method} {0x000001f7d03c4948} 'isStatic' '()Z' in 'jdk/internal/reflect/DirectMethodHandleAccessor')}
  0x000001f7b8edae28: ffff 49ba | 4049 3cd0 | f701 0000 | 4c89 5424 | 0848 c704 | 24ff ffff 

  0x000001f7b8edae40: ;   {runtime_call counter_overflow Runtime1 stub}
  0x000001f7b8edae40: ffe8 3afe 

  0x000001f7b8edae44: ; ImmutableOopMap {rdx=Oop r8=Oop r9=Oop [176]=Oop [184]=Oop [192]=Oop }
                      ;*synchronization entry
                      ; - jdk.internal.reflect.DirectMethodHandleAccessor::isStatic@-1
                      ; - jdk.internal.reflect.DirectMethodHandleAccessor::invoke@1
  0x000001f7b8edae44: 2807 e9cf 

  0x000001f7b8edae48: ;   {metadata({method} {0x000001f7d03c4898} 'checkReceiver' '(Ljava/lang/Object;)V' in 'jdk/internal/reflect/DirectMethodHandleAccessor')}
  0x000001f7b8edae48: dcff ff49 | ba90 483c | d0f7 0100 | 004c 8954 | 2408 48c7 | 0424 ffff 

  0x000001f7b8edae60: ;   {runtime_call counter_overflow Runtime1 stub}
  0x000001f7b8edae60: ffff e819 

  0x000001f7b8edae64: ; ImmutableOopMap {rdx=Oop r8=Oop [176]=Oop [184]=Oop [192]=Oop }
                      ;*synchronization entry
                      ; - jdk.internal.reflect.DirectMethodHandleAccessor::checkReceiver@-1
                      ; - jdk.internal.reflect.DirectMethodHandleAccessor::invoke@9
  0x000001f7b8edae64: fe28 07e9 | 75dd ffff 

  0x000001f7b8edae6c: ;   {runtime_call throw_null_pointer_exception Runtime1 stub}
  0x000001f7b8edae6c: e88f 9528 

  0x000001f7b8edae70: ; ImmutableOopMap {rdx=Oop r8=Oop rsi=Oop [176]=Oop [184]=Oop [192]=Oop }
                      ;*invokevirtual getClass {reexecute=0 rethrow=0 return_oop=0}
                      ; - jdk.internal.reflect.DirectMethodHandleAccessor::checkReceiver@5
                      ; - jdk.internal.reflect.DirectMethodHandleAccessor::invoke@9
                      ;   {runtime_call throw_null_pointer_exception Runtime1 stub}
  0x000001f7b8edae70: 07e8 8a95 

  0x000001f7b8edae74: ; ImmutableOopMap {rdx=Oop r8=Oop rsi=Oop rdi=Oop [176]=Oop [184]=Oop [192]=Oop }
                      ;*invokevirtual isAssignableFrom {reexecute=0 rethrow=0 return_oop=0}
                      ; - jdk.internal.reflect.DirectMethodHandleAccessor::checkReceiver@8
                      ; - jdk.internal.reflect.DirectMethodHandleAccessor::invoke@9
                      ;   {metadata({method} {0x000001f7d03c46e0} 'invokeImpl' '(Ljava/lang/Object;[Ljava/lang/Object;)Ljava/lang/Object;' in 'jdk/internal/reflect/DirectMethodHandleAccessor')}
  0x000001f7b8edae74: 2807 49ba | d846 3cd0 | f701 0000 | 4c89 5424 | 0848 c704 | 24ff ffff 

  0x000001f7b8edae8c: ;   {runtime_call counter_overflow Runtime1 stub}
  0x000001f7b8edae8c: ffe8 eefd 

  0x000001f7b8edae90: ; ImmutableOopMap {rdx=Oop [176]=Oop [184]=Oop [192]=Oop }
                      ;*synchronization entry
                      ; - jdk.internal.reflect.DirectMethodHandleAccessor::invokeImpl@-1
                      ; - jdk.internal.reflect.DirectMethodHandleAccessor::invoke@23
  0x000001f7b8edae90: 2807 e95e | deff ff48 | bf60 a428 | 4007 0000 | 00b8 000f 

  0x000001f7b8edaea4: ;   {runtime_call load_appendix_patching Runtime1 stub}
  0x000001f7b8edaea4: 050a e855 

  0x000001f7b8edaea8: ; ImmutableOopMap {rdx=Oop r9=Oop r8=Oop rsi=Oop [176]=Oop [184]=Oop [192]=Oop }
                      ;*invokevirtual invokeExact {reexecute=1 rethrow=0 return_oop=0}
                      ; - (reexecute) jdk.internal.reflect.DirectMethodHandleAccessor::invokeImpl@104
                      ; - jdk.internal.reflect.DirectMethodHandleAccessor::invoke@23
  0x000001f7b8edaea8: f628 07e9 | f8de ffff 

  0x000001f7b8edaeb0: ;   {runtime_call throw_null_pointer_exception Runtime1 stub}
  0x000001f7b8edaeb0: e84b 9528 

  0x000001f7b8edaeb4: ; ImmutableOopMap {rdx=Oop r9=Oop r8=Oop rsi=Oop rdi=Oop [176]=Oop [184]=Oop [192]=Oop }
                      ;*invokevirtual invokeExact {reexecute=0 rethrow=0 return_oop=0}
                      ; - jdk.internal.reflect.DirectMethodHandleAccessor::invokeImpl@104
                      ; - jdk.internal.reflect.DirectMethodHandleAccessor::invoke@23
                      ;   {internal_word}
  0x000001f7b8edaeb4: 0749 ba94 | 8fed b8f7 | 0100 004d | 8997 6004 

  0x000001f7b8edaec4: ;   {runtime_call SafepointBlob}
  0x000001f7b8edaec4: 0000 e935 

  0x000001f7b8edaec8: ;   {runtime_call throw_null_pointer_exception Runtime1 stub}
  0x000001f7b8edaec8: a81c 07e8 

  0x000001f7b8edaecc: ; ImmutableOopMap {rdx=Oop r9=Oop r8=Oop rsi=Oop [176]=Oop [184]=Oop [192]=Oop [208]=Oop }
                      ;*aaload {reexecute=0 rethrow=0 return_oop=0}
                      ; - jdk.internal.reflect.DirectMethodHandleAccessor::invokeImpl@85
                      ; - jdk.internal.reflect.DirectMethodHandleAccessor::invoke@23
  0x000001f7b8edaecc: 3095 2807 

  0x000001f7b8edaed0: ;   {runtime_call throw_null_pointer_exception Runtime1 stub}
  0x000001f7b8edaed0: e82b 9528 

  0x000001f7b8edaed4: ; ImmutableOopMap {rdx=Oop r9=Oop r8=Oop rsi=Oop [176]=Oop [184]=Oop [192]=Oop [208]=Oop }
                      ;*aaload {reexecute=0 rethrow=0 return_oop=0}
                      ; - jdk.internal.reflect.DirectMethodHandleAccessor::invokeImpl@85
                      ; - jdk.internal.reflect.DirectMethodHandleAccessor::invoke@23
  0x000001f7b8edaed4: 0748 c704 | 2400 0000 | 004c 894c 

  0x000001f7b8edaee0: ;   {runtime_call throw_range_check_failed Runtime1 stub}
  0x000001f7b8edaee0: 2408 e899 

  0x000001f7b8edaee4: ; ImmutableOopMap {rdx=Oop r9=Oop r8=Oop rsi=Oop [176]=Oop [184]=Oop [192]=Oop [208]=Oop }
                      ;*aaload {reexecute=0 rethrow=0 return_oop=0}
                      ; - jdk.internal.reflect.DirectMethodHandleAccessor::invokeImpl@85
                      ; - jdk.internal.reflect.DirectMethodHandleAccessor::invoke@23
  0x000001f7b8edaee4: 8728 0748 | c704 2401 | 0000 004c | 894c 2408 

  0x000001f7b8edaef4: ;   {runtime_call throw_range_check_failed Runtime1 stub}
  0x000001f7b8edaef4: e887 8728 

  0x000001f7b8edaef8: ; ImmutableOopMap {rdx=Oop r9=Oop r8=Oop rsi=Oop rdi=Oop [176]=Oop [184]=Oop [192]=Oop [200]=Oop [208]=Oop }
                      ;*aaload {reexecute=0 rethrow=0 return_oop=0}
                      ; - jdk.internal.reflect.DirectMethodHandleAccessor::invokeImpl@88
                      ; - jdk.internal.reflect.DirectMethodHandleAccessor::invoke@23
  0x000001f7b8edaef8: 0748 c704 | 2402 0000 | 004c 894c 

  0x000001f7b8edaf04: ;   {runtime_call throw_range_check_failed Runtime1 stub}
  0x000001f7b8edaf04: 2408 e875 

  0x000001f7b8edaf08: ; ImmutableOopMap {rdx=Oop r9=Oop r8=Oop rsi=Oop rdi=Oop rbx=Oop [176]=Oop [184]=Oop [192]=Oop [200]=Oop [208]=Oop [216]=Oop }
                      ;*aaload {reexecute=0 rethrow=0 return_oop=0}
                      ; - jdk.internal.reflect.DirectMethodHandleAccessor::invokeImpl@91
                      ; - jdk.internal.reflect.DirectMethodHandleAccessor::invoke@23
                      ;   {metadata({method} {0x000001f81142b6b8} 'invokeExact_MT' '(Ljava/lang/Object;Ljava/lang/Object;Ljava/lang/Object;Ljava/lang/Object;Ljava/lang/Object;Ljava/lang/Object;)Ljava/lang/Object;' in 'java/lang/invoke/LambdaForm$MH+0x000001f7d100f400')}
  0x000001f7b8edaf08: 8728 0749 | bab0 b642 | 11f8 0100 | 004c 8954 | 2408 48c7 | 0424 ffff 

  0x000001f7b8edaf20: ;   {runtime_call counter_overflow Runtime1 stub}
  0x000001f7b8edaf20: ffff e859 

  0x000001f7b8edaf24: ; ImmutableOopMap {rdx=Oop r8=Oop rsi=Oop rdi=Oop rbx=Oop rax=Oop [176]=Oop [192]=Oop [200]=Oop [208]=Oop [216]=Oop [224]=Oop }
                      ;*synchronization entry
                      ; - java.lang.invoke.LambdaForm$MH/0x000001f7d100f400::invokeExact_MT@-1
                      ; - jdk.internal.reflect.DirectMethodHandleAccessor::invokeImpl@92
                      ; - jdk.internal.reflect.DirectMethodHandleAccessor::invoke@23
  0x000001f7b8edaf24: fd28 07e9 | 5ce2 ffff 

  0x000001f7b8edaf2c: ;   {metadata({method} {0x000001f7d03d94e0} 'checkExactType' '(Ljava/lang/invoke/MethodHandle;Ljava/lang/invoke/MethodType;)V' in 'java/lang/invoke/Invokers')}
  0x000001f7b8edaf2c: 49ba d894 | 3dd0 f701 | 0000 4c89 | 5424 0848 | c704 24ff 

  0x000001f7b8edaf40: ;   {runtime_call counter_overflow Runtime1 stub}
  0x000001f7b8edaf40: ffff ffe8 

  0x000001f7b8edaf44: ; ImmutableOopMap {rdx=Oop r8=Oop rsi=Oop rdi=Oop rbx=Oop rax=Oop r9=Oop [176]=Oop [192]=Oop [200]=Oop [208]=Oop [216]=Oop [224]=Oop }
                      ;*synchronization entry
                      ; - java.lang.invoke.Invokers::checkExactType@-1
                      ; - java.lang.invoke.LambdaForm$MH/0x000001f7d100f400::invokeExact_MT@11
                      ; - jdk.internal.reflect.DirectMethodHandleAccessor::invokeImpl@92
                      ; - jdk.internal.reflect.DirectMethodHandleAccessor::invoke@23
  0x000001f7b8edaf44: 38fd 2807 | e904 e3ff 

  0x000001f7b8edaf4c: ;   {runtime_call throw_null_pointer_exception Runtime1 stub}
  0x000001f7b8edaf4c: ffe8 ae94 

  0x000001f7b8edaf50: ; ImmutableOopMap {rdx=Oop r8=Oop rsi=Oop rdi=Oop rbx=Oop rax=Oop r9=Oop [176]=Oop [192]=Oop [200]=Oop [208]=Oop [216]=Oop [224]=Oop }
                      ;*invokevirtual type {reexecute=0 rethrow=0 return_oop=0}
                      ; - java.lang.invoke.Invokers::checkExactType@1
                      ; - java.lang.invoke.LambdaForm$MH/0x000001f7d100f400::invokeExact_MT@11
                      ; - jdk.internal.reflect.DirectMethodHandleAccessor::invokeImpl@92
                      ; - jdk.internal.reflect.DirectMethodHandleAccessor::invoke@23
                      ;   {metadata({method} {0x000001f7d03d93d8} 'checkCustomized' '(Ljava/lang/invoke/MethodHandle;)V' in 'java/lang/invoke/Invokers')}
  0x000001f7b8edaf50: 2807 49ba | d093 3dd0 | f701 0000 | 4c89 5424 | 0848 c704 | 24ff ffff 

  0x000001f7b8edaf68: ;   {runtime_call counter_overflow Runtime1 stub}
  0x000001f7b8edaf68: ffe8 12fd 

  0x000001f7b8edaf6c: ; ImmutableOopMap {rdx=Oop r8=Oop rsi=Oop rdi=Oop rbx=Oop rax=Oop [176]=Oop [192]=Oop [200]=Oop [208]=Oop [216]=Oop [224]=Oop }
                      ;*synchronization entry
                      ; - java.lang.invoke.Invokers::checkCustomized@-1
                      ; - java.lang.invoke.LambdaForm$MH/0x000001f7d100f400::invokeExact_MT@15
                      ; - jdk.internal.reflect.DirectMethodHandleAccessor::invokeImpl@92
                      ; - jdk.internal.reflect.DirectMethodHandleAccessor::invoke@23
  0x000001f7b8edaf6c: 2807 e945 

  0x000001f7b8edaf70: ;   {metadata({method} {0x000001f7d0095ff0} 'isCompileConstant' '(Ljava/lang/Object;)Z' in 'java/lang/invoke/MethodHandleImpl')}
  0x000001f7b8edaf70: e4ff ff49 | bae8 5f09 | d0f7 0100 | 004c 8954 | 2408 48c7 | 0424 ffff 

  0x000001f7b8edaf88: ;   {runtime_call counter_overflow Runtime1 stub}
  0x000001f7b8edaf88: ffff e8f1 

  0x000001f7b8edaf8c: ; ImmutableOopMap {rdx=Oop r8=Oop rsi=Oop rdi=Oop rbx=Oop rax=Oop [176]=Oop [192]=Oop [200]=Oop [208]=Oop [216]=Oop [224]=Oop }
                      ;*synchronization entry
                      ; - java.lang.invoke.MethodHandleImpl::isCompileConstant@-1
                      ; - java.lang.invoke.Invokers::checkCustomized@1
                      ; - java.lang.invoke.LambdaForm$MH/0x000001f7d100f400::invokeExact_MT@15
                      ; - jdk.internal.reflect.DirectMethodHandleAccessor::invokeImpl@92
                      ; - jdk.internal.reflect.DirectMethodHandleAccessor::invoke@23
  0x000001f7b8edaf8c: fc28 07e9 | 62e4 ffff 

  0x000001f7b8edaf94: ;   {runtime_call throw_null_pointer_exception Runtime1 stub}
  0x000001f7b8edaf94: e867 9428 

  0x000001f7b8edaf98: ; ImmutableOopMap {rdx=Oop r8=Oop rsi=Oop rdi=Oop rbx=Oop rax=Oop [176]=Oop [192]=Oop [200]=Oop [208]=Oop [216]=Oop [224]=Oop }
                      ;*getfield customized {reexecute=1 rethrow=0 return_oop=0}
                      ; - (reexecute) java.lang.invoke.Invokers::checkCustomized@12
                      ; - java.lang.invoke.LambdaForm$MH/0x000001f7d100f400::invokeExact_MT@15
                      ; - jdk.internal.reflect.DirectMethodHandleAccessor::invokeImpl@92
                      ; - jdk.internal.reflect.DirectMethodHandleAccessor::invoke@23
                      ;   {internal_word}
  0x000001f7b8edaf98: 0749 ba7c | 96ed b8f7 | 0100 004d | 8997 6004 

  0x000001f7b8edafa8: ;   {runtime_call SafepointBlob}
  0x000001f7b8edafa8: 0000 e951 

  0x000001f7b8edafac: ;   {runtime_call throw_null_pointer_exception Runtime1 stub}
  0x000001f7b8edafac: a71c 07e8 

  0x000001f7b8edafb0: ; ImmutableOopMap {rdx=Oop r9=Oop r8=Oop rsi=Oop [176]=Oop [184]=Oop [192]=Oop [240]=Oop }
                      ;*aaload {reexecute=0 rethrow=0 return_oop=0}
                      ; - jdk.internal.reflect.DirectMethodHandleAccessor::invokeImpl@68
                      ; - jdk.internal.reflect.DirectMethodHandleAccessor::invoke@23
  0x000001f7b8edafb0: 4c94 2807 

  0x000001f7b8edafb4: ;   {runtime_call throw_null_pointer_exception Runtime1 stub}
  0x000001f7b8edafb4: e847 9428 

  0x000001f7b8edafb8: ; ImmutableOopMap {rdx=Oop r9=Oop r8=Oop rsi=Oop [176]=Oop [184]=Oop [192]=Oop [240]=Oop }
                      ;*aaload {reexecute=0 rethrow=0 return_oop=0}
                      ; - jdk.internal.reflect.DirectMethodHandleAccessor::invokeImpl@68
                      ; - jdk.internal.reflect.DirectMethodHandleAccessor::invoke@23
  0x000001f7b8edafb8: 0748 c704 | 2400 0000 | 004c 894c 

  0x000001f7b8edafc4: ;   {runtime_call throw_range_check_failed Runtime1 stub}
  0x000001f7b8edafc4: 2408 e8b5 

  0x000001f7b8edafc8: ; ImmutableOopMap {rdx=Oop r9=Oop r8=Oop rsi=Oop [176]=Oop [184]=Oop [192]=Oop [240]=Oop }
                      ;*aaload {reexecute=0 rethrow=0 return_oop=0}
                      ; - jdk.internal.reflect.DirectMethodHandleAccessor::invokeImpl@68
                      ; - jdk.internal.reflect.DirectMethodHandleAccessor::invoke@23
  0x000001f7b8edafc8: 8628 0748 | c704 2401 | 0000 004c | 894c 2408 

  0x000001f7b8edafd8: ;   {runtime_call throw_range_check_failed Runtime1 stub}
  0x000001f7b8edafd8: e8a3 8628 

  0x000001f7b8edafdc: ; ImmutableOopMap {rdx=Oop r9=Oop r8=Oop rsi=Oop rdi=Oop [176]=Oop [184]=Oop [192]=Oop [232]=Oop [240]=Oop }
                      ;*aaload {reexecute=0 rethrow=0 return_oop=0}
                      ; - jdk.internal.reflect.DirectMethodHandleAccessor::invokeImpl@71
                      ; - jdk.internal.reflect.DirectMethodHandleAccessor::invoke@23
                      ;   {metadata({method} {0x000001f811455ab8} 'invokeExact_MT' '(Ljava/lang/Object;Ljava/lang/Object;Ljava/lang/Object;Ljava/lang/Object;Ljava/lang/Object;)Ljava/lang/Object;' in 'java/lang/invoke/LambdaForm$MH+0x000001f7d101cc00')}
  0x000001f7b8edafdc: 0749 bab0 | 5a45 11f8 | 0100 004c | 8954 2408 | 48c7 0424 | ffff ffff 

  0x000001f7b8edaff4: ;   {runtime_call counter_overflow Runtime1 stub}
  0x000001f7b8edaff4: e887 fc28 

  0x000001f7b8edaff8: ; ImmutableOopMap {rdx=Oop r8=Oop rsi=Oop rdi=Oop rbx=Oop [176]=Oop [192]=Oop [232]=Oop [240]=Oop [248]=Oop }
                      ;*synchronization entry
                      ; - java.lang.invoke.LambdaForm$MH/0x000001f7d101cc00::invokeExact_MT@-1
                      ; - jdk.internal.reflect.DirectMethodHandleAccessor::invokeImpl@72
                      ; - jdk.internal.reflect.DirectMethodHandleAccessor::invoke@23
  0x000001f7b8edaff8: 07e9 4ee8 

  0x000001f7b8edaffc: ;   {metadata({method} {0x000001f7d03d94e0} 'checkExactType' '(Ljava/lang/invoke/MethodHandle;Ljava/lang/invoke/MethodType;)V' in 'java/lang/invoke/Invokers')}
  0x000001f7b8edaffc: ffff 49ba | d894 3dd0 | f701 0000 | 4c89 5424 | 0848 c704 | 24ff ffff 

  0x000001f7b8edb014: ;   {runtime_call counter_overflow Runtime1 stub}
  0x000001f7b8edb014: ffe8 66fc 

  0x000001f7b8edb018: ; ImmutableOopMap {rdx=Oop r8=Oop rsi=Oop rdi=Oop rbx=Oop rcx=Oop [176]=Oop [192]=Oop [232]=Oop [240]=Oop [248]=Oop }
                      ;*synchronization entry
                      ; - java.lang.invoke.Invokers::checkExactType@-1
                      ; - java.lang.invoke.LambdaForm$MH/0x000001f7d101cc00::invokeExact_MT@11
                      ; - jdk.internal.reflect.DirectMethodHandleAccessor::invokeImpl@72
                      ; - jdk.internal.reflect.DirectMethodHandleAccessor::invoke@23
  0x000001f7b8edb018: 2807 e9f4 

  0x000001f7b8edb01c: ;   {runtime_call throw_null_pointer_exception Runtime1 stub}
  0x000001f7b8edb01c: e8ff ffe8 

  0x000001f7b8edb020: ; ImmutableOopMap {rdx=Oop r8=Oop rsi=Oop rdi=Oop rbx=Oop rcx=Oop [176]=Oop [192]=Oop [232]=Oop [240]=Oop [248]=Oop }
                      ;*invokevirtual type {reexecute=0 rethrow=0 return_oop=0}
                      ; - java.lang.invoke.Invokers::checkExactType@1
                      ; - java.lang.invoke.LambdaForm$MH/0x000001f7d101cc00::invokeExact_MT@11
                      ; - jdk.internal.reflect.DirectMethodHandleAccessor::invokeImpl@72
                      ; - jdk.internal.reflect.DirectMethodHandleAccessor::invoke@23
  0x000001f7b8edb020: dc93 2807 

  0x000001f7b8edb024: ;   {metadata({method} {0x000001f7d03d93d8} 'checkCustomized' '(Ljava/lang/invoke/MethodHandle;)V' in 'java/lang/invoke/Invokers')}
  0x000001f7b8edb024: 49ba d093 | 3dd0 f701 | 0000 4c89 | 5424 0848 | c704 24ff 

  0x000001f7b8edb038: ;   {runtime_call counter_overflow Runtime1 stub}
  0x000001f7b8edb038: ffff ffe8 

  0x000001f7b8edb03c: ; ImmutableOopMap {rdx=Oop r8=Oop rsi=Oop rdi=Oop rbx=Oop [176]=Oop [192]=Oop [232]=Oop [240]=Oop [248]=Oop }
                      ;*synchronization entry
                      ; - java.lang.invoke.Invokers::checkCustomized@-1
                      ; - java.lang.invoke.LambdaForm$MH/0x000001f7d101cc00::invokeExact_MT@15
                      ; - jdk.internal.reflect.DirectMethodHandleAccessor::invokeImpl@72
                      ; - jdk.internal.reflect.DirectMethodHandleAccessor::invoke@23
  0x000001f7b8edb03c: 40fc 2807 | e92e eaff 

  0x000001f7b8edb044: ;   {metadata({method} {0x000001f7d0095ff0} 'isCompileConstant' '(Ljava/lang/Object;)Z' in 'java/lang/invoke/MethodHandleImpl')}
  0x000001f7b8edb044: ff49 bae8 | 5f09 d0f7 | 0100 004c | 8954 2408 | 48c7 0424 | ffff ffff 

  0x000001f7b8edb05c: ;   {runtime_call counter_overflow Runtime1 stub}
  0x000001f7b8edb05c: e81f fc28 

  0x000001f7b8edb060: ; ImmutableOopMap {rdx=Oop r8=Oop rsi=Oop rdi=Oop rbx=Oop [176]=Oop [192]=Oop [232]=Oop [240]=Oop [248]=Oop }
                      ;*synchronization entry
                      ; - java.lang.invoke.MethodHandleImpl::isCompileConstant@-1
                      ; - java.lang.invoke.Invokers::checkCustomized@1
                      ; - java.lang.invoke.LambdaForm$MH/0x000001f7d101cc00::invokeExact_MT@15
                      ; - jdk.internal.reflect.DirectMethodHandleAccessor::invokeImpl@72
                      ; - jdk.internal.reflect.DirectMethodHandleAccessor::invoke@23
  0x000001f7b8edb060: 07e9 46ea 

  0x000001f7b8edb064: ;   {runtime_call throw_null_pointer_exception Runtime1 stub}
  0x000001f7b8edb064: ffff e895 

  0x000001f7b8edb068: ; ImmutableOopMap {rdx=Oop r8=Oop rsi=Oop rdi=Oop rbx=Oop [176]=Oop [192]=Oop [232]=Oop [240]=Oop [248]=Oop }
                      ;*getfield customized {reexecute=1 rethrow=0 return_oop=0}
                      ; - (reexecute) java.lang.invoke.Invokers::checkCustomized@12
                      ; - java.lang.invoke.LambdaForm$MH/0x000001f7d101cc00::invokeExact_MT@15
                      ; - jdk.internal.reflect.DirectMethodHandleAccessor::invokeImpl@72
                      ; - jdk.internal.reflect.DirectMethodHandleAccessor::invoke@23
                      ;   {internal_word}
  0x000001f7b8edb068: 9328 0749 | ba1c 9ded | b8f7 0100 | 004d 8997 | 6004 0000 

  0x000001f7b8edb07c: ;   {runtime_call SafepointBlob}
  0x000001f7b8edb07c: e97f a61c 

  0x000001f7b8edb080: ;   {runtime_call throw_null_pointer_exception Runtime1 stub}
  0x000001f7b8edb080: 07e8 7a93 

  0x000001f7b8edb084: ; ImmutableOopMap {rdx=Oop r9=Oop r8=Oop rsi=Oop [176]=Oop [184]=Oop [192]=Oop [264]=Oop }
                      ;*aaload {reexecute=0 rethrow=0 return_oop=0}
                      ; - jdk.internal.reflect.DirectMethodHandleAccessor::invokeImpl@54
                      ; - jdk.internal.reflect.DirectMethodHandleAccessor::invoke@23
                      ;   {runtime_call throw_null_pointer_exception Runtime1 stub}
  0x000001f7b8edb084: 2807 e875 

  0x000001f7b8edb088: ; ImmutableOopMap {rdx=Oop r9=Oop r8=Oop rsi=Oop [176]=Oop [184]=Oop [192]=Oop [264]=Oop }
                      ;*aaload {reexecute=0 rethrow=0 return_oop=0}
                      ; - jdk.internal.reflect.DirectMethodHandleAccessor::invokeImpl@54
                      ; - jdk.internal.reflect.DirectMethodHandleAccessor::invoke@23
  0x000001f7b8edb088: 9328 0748 | c704 2400 | 0000 004c | 894c 2408 

  0x000001f7b8edb098: ;   {runtime_call throw_range_check_failed Runtime1 stub}
  0x000001f7b8edb098: e8e3 8528 

  0x000001f7b8edb09c: ; ImmutableOopMap {rdx=Oop r9=Oop r8=Oop rsi=Oop [176]=Oop [184]=Oop [192]=Oop [264]=Oop }
                      ;*aaload {reexecute=0 rethrow=0 return_oop=0}
                      ; - jdk.internal.reflect.DirectMethodHandleAccessor::invokeImpl@54
                      ; - jdk.internal.reflect.DirectMethodHandleAccessor::invoke@23
                      ;   {metadata({method} {0x000001f7d00b0158} 'invokeExact_MT' '(Ljava/lang/Object;Ljava/lang/Object;Ljava/lang/Object;Ljava/lang/Object;)Ljava/lang/Object;' in 'java/lang/invoke/Invokers$Holder')}
  0x000001f7b8edb09c: 0749 ba50 | 010b d0f7 | 0100 004c | 8954 2408 | 48c7 0424 | ffff ffff 

  0x000001f7b8edb0b4: ;   {runtime_call counter_overflow Runtime1 stub}
  0x000001f7b8edb0b4: e8c7 fb28 

  0x000001f7b8edb0b8: ; ImmutableOopMap {rdx=Oop r8=Oop rsi=Oop rdi=Oop [176]=Oop [192]=Oop [256]=Oop [264]=Oop }
                      ;*synchronization entry
                      ; - java.lang.invoke.Invokers$Holder::invokeExact_MT@-1
                      ; - jdk.internal.reflect.DirectMethodHandleAccessor::invokeImpl@55
                      ; - jdk.internal.reflect.DirectMethodHandleAccessor::invoke@23
  0x000001f7b8edb0b8: 07e9 09ee 

  0x000001f7b8edb0bc: ;   {metadata({method} {0x000001f7d03d94e0} 'checkExactType' '(Ljava/lang/invoke/MethodHandle;Ljava/lang/invoke/MethodType;)V' in 'java/lang/invoke/Invokers')}
  0x000001f7b8edb0bc: ffff 49ba | d894 3dd0 | f701 0000 | 4c89 5424 | 0848 c704 | 24ff ffff 

  0x000001f7b8edb0d4: ;   {runtime_call counter_overflow Runtime1 stub}
  0x000001f7b8edb0d4: ffe8 a6fb 

  0x000001f7b8edb0d8: ; ImmutableOopMap {rdx=Oop r8=Oop rsi=Oop rdi=Oop rax=Oop [176]=Oop [192]=Oop [256]=Oop [264]=Oop }
                      ;*synchronization entry
                      ; - java.lang.invoke.Invokers::checkExactType@-1
                      ; - java.lang.invoke.Invokers$Holder::invokeExact_MT@10
                      ; - jdk.internal.reflect.DirectMethodHandleAccessor::invokeImpl@55
                      ; - jdk.internal.reflect.DirectMethodHandleAccessor::invoke@23
  0x000001f7b8edb0d8: 2807 e9a7 

  0x000001f7b8edb0dc: ;   {runtime_call throw_null_pointer_exception Runtime1 stub}
  0x000001f7b8edb0dc: eeff ffe8 

  0x000001f7b8edb0e0: ; ImmutableOopMap {rdx=Oop r8=Oop rsi=Oop rdi=Oop rax=Oop [176]=Oop [192]=Oop [256]=Oop [264]=Oop }
                      ;*invokevirtual type {reexecute=0 rethrow=0 return_oop=0}
                      ; - java.lang.invoke.Invokers::checkExactType@1
                      ; - java.lang.invoke.Invokers$Holder::invokeExact_MT@10
                      ; - jdk.internal.reflect.DirectMethodHandleAccessor::invokeImpl@55
                      ; - jdk.internal.reflect.DirectMethodHandleAccessor::invoke@23
  0x000001f7b8edb0e0: 1c93 2807 

  0x000001f7b8edb0e4: ;   {metadata({method} {0x000001f7d03d93d8} 'checkCustomized' '(Ljava/lang/invoke/MethodHandle;)V' in 'java/lang/invoke/Invokers')}
  0x000001f7b8edb0e4: 49ba d093 | 3dd0 f701 | 0000 4c89 | 5424 0848 | c704 24ff 

  0x000001f7b8edb0f8: ;   {runtime_call counter_overflow Runtime1 stub}
  0x000001f7b8edb0f8: ffff ffe8 

  0x000001f7b8edb0fc: ; ImmutableOopMap {rdx=Oop r8=Oop rsi=Oop rdi=Oop [176]=Oop [192]=Oop [256]=Oop [264]=Oop }
                      ;*synchronization entry
                      ; - java.lang.invoke.Invokers::checkCustomized@-1
                      ; - java.lang.invoke.Invokers$Holder::invokeExact_MT@14
                      ; - jdk.internal.reflect.DirectMethodHandleAccessor::invokeImpl@55
                      ; - jdk.internal.reflect.DirectMethodHandleAccessor::invoke@23
  0x000001f7b8edb0fc: 80fb 2807 | e9dd efff 

  0x000001f7b8edb104: ;   {metadata({method} {0x000001f7d0095ff0} 'isCompileConstant' '(Ljava/lang/Object;)Z' in 'java/lang/invoke/MethodHandleImpl')}
  0x000001f7b8edb104: ff49 bae8 | 5f09 d0f7 | 0100 004c | 8954 2408 | 48c7 0424 | ffff ffff 

  0x000001f7b8edb11c: ;   {runtime_call counter_overflow Runtime1 stub}
  0x000001f7b8edb11c: e85f fb28 

  0x000001f7b8edb120: ; ImmutableOopMap {rdx=Oop r8=Oop rsi=Oop rdi=Oop [176]=Oop [192]=Oop [256]=Oop [264]=Oop }
                      ;*synchronization entry
                      ; - java.lang.invoke.MethodHandleImpl::isCompileConstant@-1
                      ; - java.lang.invoke.Invokers::checkCustomized@1
                      ; - java.lang.invoke.Invokers$Holder::invokeExact_MT@14
                      ; - jdk.internal.reflect.DirectMethodHandleAccessor::invokeImpl@55
                      ; - jdk.internal.reflect.DirectMethodHandleAccessor::invoke@23
  0x000001f7b8edb120: 07e9 f4ef 

  0x000001f7b8edb124: ;   {runtime_call throw_null_pointer_exception Runtime1 stub}
  0x000001f7b8edb124: ffff e8d5 

  0x000001f7b8edb128: ; ImmutableOopMap {rdx=Oop r8=Oop rsi=Oop rdi=Oop [176]=Oop [192]=Oop [256]=Oop [264]=Oop }
                      ;*getfield customized {reexecute=1 rethrow=0 return_oop=0}
                      ; - (reexecute) java.lang.invoke.Invokers::checkCustomized@12
                      ; - java.lang.invoke.Invokers$Holder::invokeExact_MT@14
                      ; - jdk.internal.reflect.DirectMethodHandleAccessor::invokeImpl@55
                      ; - jdk.internal.reflect.DirectMethodHandleAccessor::invoke@23
                      ;   {internal_word}
  0x000001f7b8edb128: 9228 0749 | ba84 a3ed | b8f7 0100 | 004d 8997 | 6004 0000 

  0x000001f7b8edb13c: ;   {runtime_call SafepointBlob}
  0x000001f7b8edb13c: e9bf a51c 

  0x000001f7b8edb140: ;   {metadata({method} {0x000001f7d00b0208} 'invokeExact_MT' '(Ljava/lang/Object;Ljava/lang/Object;Ljava/lang/Object;)Ljava/lang/Object;' in 'java/lang/invoke/Invokers$Holder')}
  0x000001f7b8edb140: 0749 ba00 | 020b d0f7 | 0100 004c | 8954 2408 | 48c7 0424 | ffff ffff 

  0x000001f7b8edb158: ;   {runtime_call counter_overflow Runtime1 stub}
  0x000001f7b8edb158: e823 fb28 

  0x000001f7b8edb15c: ; ImmutableOopMap {rdx=Oop r8=Oop rsi=Oop [176]=Oop [192]=Oop [272]=Oop }
                      ;*synchronization entry
                      ; - java.lang.invoke.Invokers$Holder::invokeExact_MT@-1
                      ; - jdk.internal.reflect.DirectMethodHandleAccessor::invokeImpl@41
                      ; - jdk.internal.reflect.DirectMethodHandleAccessor::invoke@23
  0x000001f7b8edb15c: 07e9 0ff3 

  0x000001f7b8edb160: ;   {metadata({method} {0x000001f7d03d94e0} 'checkExactType' '(Ljava/lang/invoke/MethodHandle;Ljava/lang/invoke/MethodType;)V' in 'java/lang/invoke/Invokers')}
  0x000001f7b8edb160: ffff 49ba | d894 3dd0 | f701 0000 | 4c89 5424 | 0848 c704 | 24ff ffff 

  0x000001f7b8edb178: ;   {runtime_call counter_overflow Runtime1 stub}
  0x000001f7b8edb178: ffe8 02fb 

  0x000001f7b8edb17c: ; ImmutableOopMap {rdx=Oop r8=Oop rsi=Oop rbx=Oop [176]=Oop [192]=Oop [272]=Oop }
                      ;*synchronization entry
                      ; - java.lang.invoke.Invokers::checkExactType@-1
                      ; - java.lang.invoke.Invokers$Holder::invokeExact_MT@10
                      ; - jdk.internal.reflect.DirectMethodHandleAccessor::invokeImpl@41
                      ; - jdk.internal.reflect.DirectMethodHandleAccessor::invoke@23
  0x000001f7b8edb17c: 2807 e963 

  0x000001f7b8edb180: ;   {runtime_call throw_null_pointer_exception Runtime1 stub}
  0x000001f7b8edb180: f3ff ffe8 

  0x000001f7b8edb184: ; ImmutableOopMap {rdx=Oop r8=Oop rsi=Oop rbx=Oop [176]=Oop [192]=Oop [272]=Oop }
                      ;*invokevirtual type {reexecute=0 rethrow=0 return_oop=0}
                      ; - java.lang.invoke.Invokers::checkExactType@1
                      ; - java.lang.invoke.Invokers$Holder::invokeExact_MT@10
                      ; - jdk.internal.reflect.DirectMethodHandleAccessor::invokeImpl@41
                      ; - jdk.internal.reflect.DirectMethodHandleAccessor::invoke@23
  0x000001f7b8edb184: 7892 2807 

  0x000001f7b8edb188: ;   {metadata({method} {0x000001f7d03d93d8} 'checkCustomized' '(Ljava/lang/invoke/MethodHandle;)V' in 'java/lang/invoke/Invokers')}
  0x000001f7b8edb188: 49ba d093 | 3dd0 f701 | 0000 4c89 | 5424 0848 | c704 24ff 

  0x000001f7b8edb19c: ;   {runtime_call counter_overflow Runtime1 stub}
  0x000001f7b8edb19c: ffff ffe8 

  0x000001f7b8edb1a0: ; ImmutableOopMap {rdx=Oop r8=Oop rsi=Oop [176]=Oop [192]=Oop [272]=Oop }
                      ;*synchronization entry
                      ; - java.lang.invoke.Invokers::checkCustomized@-1
                      ; - java.lang.invoke.Invokers$Holder::invokeExact_MT@14
                      ; - jdk.internal.reflect.DirectMethodHandleAccessor::invokeImpl@41
                      ; - jdk.internal.reflect.DirectMethodHandleAccessor::invoke@23
  0x000001f7b8edb1a0: dcfa 2807 | e942 f4ff 

  0x000001f7b8edb1a8: ;   {metadata({method} {0x000001f7d0095ff0} 'isCompileConstant' '(Ljava/lang/Object;)Z' in 'java/lang/invoke/MethodHandleImpl')}
  0x000001f7b8edb1a8: ff49 bae8 | 5f09 d0f7 | 0100 004c | 8954 2408 | 48c7 0424 | ffff ffff 

  0x000001f7b8edb1c0: ;   {runtime_call counter_overflow Runtime1 stub}
  0x000001f7b8edb1c0: e8bb fa28 

  0x000001f7b8edb1c4: ; ImmutableOopMap {rdx=Oop r8=Oop rsi=Oop [176]=Oop [192]=Oop [272]=Oop }
                      ;*synchronization entry
                      ; - java.lang.invoke.MethodHandleImpl::isCompileConstant@-1
                      ; - java.lang.invoke.Invokers::checkCustomized@1
                      ; - java.lang.invoke.Invokers$Holder::invokeExact_MT@14
                      ; - jdk.internal.reflect.DirectMethodHandleAccessor::invokeImpl@41
                      ; - jdk.internal.reflect.DirectMethodHandleAccessor::invoke@23
  0x000001f7b8edb1c4: 07e9 5af4 

  0x000001f7b8edb1c8: ;   {runtime_call throw_null_pointer_exception Runtime1 stub}
  0x000001f7b8edb1c8: ffff e831 

  0x000001f7b8edb1cc: ; ImmutableOopMap {rdx=Oop r8=Oop rsi=Oop [176]=Oop [192]=Oop [272]=Oop }
                      ;*getfield customized {reexecute=1 rethrow=0 return_oop=0}
                      ; - (reexecute) java.lang.invoke.Invokers::checkCustomized@12
                      ; - java.lang.invoke.Invokers$Holder::invokeExact_MT@14
                      ; - jdk.internal.reflect.DirectMethodHandleAccessor::invokeImpl@41
                      ; - jdk.internal.reflect.DirectMethodHandleAccessor::invoke@23
                      ;   {internal_word}
  0x000001f7b8edb1cc: 9228 0749 | ba6d a7ed | b8f7 0100 | 004d 8997 | 6004 0000 

  0x000001f7b8edb1e0: ;   {runtime_call SafepointBlob}
  0x000001f7b8edb1e0: e91b a51c 

  0x000001f7b8edb1e4: ;   {runtime_call throw_null_pointer_exception Runtime1 stub}
  0x000001f7b8edb1e4: 07e8 1692 

  0x000001f7b8edb1e8: ; ImmutableOopMap {rax=Oop [176]=Oop [192]=Oop [272]=Oop }
                      ;*athrow {reexecute=1 rethrow=0 return_oop=0}
                      ; - (reexecute) java.lang.invoke.Invokers::checkExactType@15
                      ; - java.lang.invoke.Invokers$Holder::invokeExact_MT@10
                      ; - jdk.internal.reflect.DirectMethodHandleAccessor::invokeImpl@41
                      ; - jdk.internal.reflect.DirectMethodHandleAccessor::invoke@23
                      ;   {runtime_call throw_null_pointer_exception Runtime1 stub}
  0x000001f7b8edb1e8: 2807 e811 

  0x000001f7b8edb1ec: ; ImmutableOopMap {rax=Oop [176]=Oop [192]=Oop [256]=Oop [264]=Oop }
                      ;*athrow {reexecute=1 rethrow=0 return_oop=0}
                      ; - (reexecute) java.lang.invoke.Invokers::checkExactType@15
                      ; - java.lang.invoke.Invokers$Holder::invokeExact_MT@10
                      ; - jdk.internal.reflect.DirectMethodHandleAccessor::invokeImpl@55
                      ; - jdk.internal.reflect.DirectMethodHandleAccessor::invoke@23
                      ;   {runtime_call throw_null_pointer_exception Runtime1 stub}
  0x000001f7b8edb1ec: 9228 07e8 

  0x000001f7b8edb1f0: ; ImmutableOopMap {rax=Oop [176]=Oop [192]=Oop [232]=Oop [240]=Oop [248]=Oop }
                      ;*athrow {reexecute=1 rethrow=0 return_oop=0}
                      ; - (reexecute) java.lang.invoke.Invokers::checkExactType@15
                      ; - java.lang.invoke.LambdaForm$MH/0x000001f7d101cc00::invokeExact_MT@11
                      ; - jdk.internal.reflect.DirectMethodHandleAccessor::invokeImpl@72
                      ; - jdk.internal.reflect.DirectMethodHandleAccessor::invoke@23
  0x000001f7b8edb1f0: 0c92 2807 

  0x000001f7b8edb1f4: ;   {runtime_call throw_null_pointer_exception Runtime1 stub}
  0x000001f7b8edb1f4: e807 9228 

  0x000001f7b8edb1f8: ; ImmutableOopMap {rax=Oop [176]=Oop [192]=Oop [200]=Oop [208]=Oop [216]=Oop [224]=Oop }
                      ;*athrow {reexecute=1 rethrow=0 return_oop=0}
                      ; - (reexecute) java.lang.invoke.Invokers::checkExactType@15
                      ; - java.lang.invoke.LambdaForm$MH/0x000001f7d100f400::invokeExact_MT@11
                      ; - jdk.internal.reflect.DirectMethodHandleAccessor::invokeImpl@92
                      ; - jdk.internal.reflect.DirectMethodHandleAccessor::invoke@23
                      ;   {metadata({method} {0x000001f7d03c4688} 'isIllegalArgument' '(Ljava/lang/RuntimeException;)Z' in 'jdk/internal/reflect/DirectMethodHandleAccessor')}
  0x000001f7b8edb1f8: 0749 ba80 | 463c d0f7 | 0100 004c | 8954 2408 | 48c7 0424 | ffff ffff 

  0x000001f7b8edb210: ;   {runtime_call counter_overflow Runtime1 stub}
  0x000001f7b8edb210: e86b fa28 

  0x000001f7b8edb214: ; ImmutableOopMap {rax=Oop }
                      ;*synchronization entry
                      ; - jdk.internal.reflect.DirectMethodHandleAccessor::isIllegalArgument@-1
                      ; - jdk.internal.reflect.DirectMethodHandleAccessor::invoke@58
  0x000001f7b8edb214: 07e9 c6f6 

  0x000001f7b8edb218: ;   {metadata({method} {0x000001f7d03c4688} 'isIllegalArgument' '(Ljava/lang/RuntimeException;)Z' in 'jdk/internal/reflect/DirectMethodHandleAccessor')}
  0x000001f7b8edb218: ffff 49ba | 8046 3cd0 | f701 0000 | 4c89 5424 | 0848 c704 | 24ff ffff 

  0x000001f7b8edb230: ;   {runtime_call counter_overflow Runtime1 stub}
  0x000001f7b8edb230: ffe8 4afa 

  0x000001f7b8edb234: ; ImmutableOopMap {rax=Oop }
                      ;*synchronization entry
                      ; - jdk.internal.reflect.DirectMethodHandleAccessor::isIllegalArgument@-1
                      ; - jdk.internal.reflect.DirectMethodHandleAccessor::invoke@30
  0x000001f7b8edb234: 2807 e960 

  0x000001f7b8edb238: ;   {metadata(nullptr)}
  0x000001f7b8edb238: f7ff ff48 | ba00 0000 | 0000 0000 | 00b8 000f 

  0x000001f7b8edb248: ;   {runtime_call load_klass_patching Runtime1 stub}
  0x000001f7b8edb248: 050a e831 

  0x000001f7b8edb24c: ; ImmutableOopMap {}
                      ;*new {reexecute=1 rethrow=0 return_oop=0}
                      ; - (reexecute) jdk.internal.reflect.DirectMethodHandleAccessor::invoke@36
  0x000001f7b8edb24c: e528 07e9 | a4f7 ffff 

  0x000001f7b8edb254: ;   {runtime_call fast_new_instance Runtime1 stub}
  0x000001f7b8edb254: 488b d2e8 

  0x000001f7b8edb258: ; ImmutableOopMap {}
                      ;*new {reexecute=0 rethrow=0 return_oop=0}
                      ; - jdk.internal.reflect.DirectMethodHandleAccessor::invoke@36
  0x000001f7b8edb258: 24a9 2807 | e9ef f7ff 

  0x000001f7b8edb260: ;   {metadata(nullptr)}
  0x000001f7b8edb260: ff48 ba00 | 0000 0000 | 0000 00b8 | 000f 050a 

  0x000001f7b8edb270: ;   {runtime_call load_klass_patching Runtime1 stub}
  0x000001f7b8edb270: e80b e528 

  0x000001f7b8edb274: ; ImmutableOopMap {r8=Oop }
                      ;*new {reexecute=1 rethrow=0 return_oop=0}
                      ; - (reexecute) jdk.internal.reflect.DirectMethodHandleAccessor::invoke@46
  0x000001f7b8edb274: 07e9 2ef8 

  0x000001f7b8edb278: ;   {runtime_call throw_null_pointer_exception Runtime1 stub}
  0x000001f7b8edb278: ffff e881 

  0x000001f7b8edb27c: ; ImmutableOopMap {r8=Oop }
                      ;*new {reexecute=0 rethrow=0 return_oop=0}
                      ; - jdk.internal.reflect.DirectMethodHandleAccessor::invoke@46
  0x000001f7b8edb27c: 9128 0748 

  0x000001f7b8edb280: ;   {runtime_call fast_new_instance_init_check Runtime1 stub}
  0x000001f7b8edb280: 8bd2 e8f9 

  0x000001f7b8edb284: ; ImmutableOopMap {r8=Oop }
                      ;*new {reexecute=0 rethrow=0 return_oop=0}
                      ; - jdk.internal.reflect.DirectMethodHandleAccessor::invoke@46
  0x000001f7b8edb284: ab28 07e9 | 81f8 ffff 

  0x000001f7b8edb28c: ;   {metadata(nullptr)}
  0x000001f7b8edb28c: 48ba 0000 | 0000 0000 | 0000 b800 

  0x000001f7b8edb298: ;   {runtime_call load_klass_patching Runtime1 stub}
  0x000001f7b8edb298: 0f05 0ae8 

  0x000001f7b8edb29c: ; ImmutableOopMap {[280]=Oop }
                      ;*new {reexecute=1 rethrow=0 return_oop=0}
                      ; - (reexecute) jdk.internal.reflect.DirectMethodHandleAccessor::invoke@64
  0x000001f7b8edb29c: e0e4 2807 | e9ab f8ff | ff48 8bd2 

  0x000001f7b8edb2a8: ;   {runtime_call fast_new_instance Runtime1 stub}
  0x000001f7b8edb2a8: e8d3 a828 

  0x000001f7b8edb2ac: ; ImmutableOopMap {[280]=Oop }
                      ;*new {reexecute=0 rethrow=0 return_oop=0}
                      ; - jdk.internal.reflect.DirectMethodHandleAccessor::invoke@64
  0x000001f7b8edb2ac: 07e9 f6f8 

  0x000001f7b8edb2b0: ;   {metadata(nullptr)}
  0x000001f7b8edb2b0: ffff 48ba | 0000 0000 | 0000 0000 | b800 0f05 

  0x000001f7b8edb2c0: ;   {runtime_call load_klass_patching Runtime1 stub}
  0x000001f7b8edb2c0: 0ae8 bae4 

  0x000001f7b8edb2c4: ; ImmutableOopMap {r8=Oop }
                      ;*new {reexecute=1 rethrow=0 return_oop=0}
                      ; - (reexecute) jdk.internal.reflect.DirectMethodHandleAccessor::invoke@73
  0x000001f7b8edb2c4: 2807 e935 

  0x000001f7b8edb2c8: ;   {runtime_call throw_null_pointer_exception Runtime1 stub}
  0x000001f7b8edb2c8: f9ff ffe8 

  0x000001f7b8edb2cc: ; ImmutableOopMap {r8=Oop }
                      ;*new {reexecute=0 rethrow=0 return_oop=0}
                      ; - jdk.internal.reflect.DirectMethodHandleAccessor::invoke@73
  0x000001f7b8edb2cc: 3091 2807 

  0x000001f7b8edb2d0: ;   {runtime_call fast_new_instance_init_check Runtime1 stub}
  0x000001f7b8edb2d0: 488b d2e8 

  0x000001f7b8edb2d4: ; ImmutableOopMap {r8=Oop }
                      ;*new {reexecute=0 rethrow=0 return_oop=0}
                      ; - jdk.internal.reflect.DirectMethodHandleAccessor::invoke@73
  0x000001f7b8edb2d4: a8ab 2807 | e988 f9ff 

  0x000001f7b8edb2dc: ;   {metadata(nullptr)}
  0x000001f7b8edb2dc: ff48 ba00 | 0000 0000 | 0000 00b8 | 000f 050a 

  0x000001f7b8edb2ec: ;   {runtime_call load_klass_patching Runtime1 stub}
  0x000001f7b8edb2ec: e88f e428 

  0x000001f7b8edb2f0: ; ImmutableOopMap {[176]=Oop [184]=Oop [192]=Oop }
                      ;*new {reexecute=1 rethrow=0 return_oop=0}
                      ; - (reexecute) jdk.internal.reflect.DirectMethodHandleAccessor::checkReceiver@14
                      ; - jdk.internal.reflect.DirectMethodHandleAccessor::invoke@9
  0x000001f7b8edb2f0: 07e9 b2f9 | ffff 488b 

  0x000001f7b8edb2f8: ;   {runtime_call fast_new_instance Runtime1 stub}
  0x000001f7b8edb2f8: d2e8 82a8 

  0x000001f7b8edb2fc: ; ImmutableOopMap {[176]=Oop [184]=Oop [192]=Oop }
                      ;*new {reexecute=0 rethrow=0 return_oop=0}
                      ; - jdk.internal.reflect.DirectMethodHandleAccessor::checkReceiver@14
                      ; - jdk.internal.reflect.DirectMethodHandleAccessor::invoke@9
  0x000001f7b8edb2fc: 2807 e9fd 

  0x000001f7b8edb300: ;   {metadata('java/lang/reflect/InvocationTargetException')}
  0x000001f7b8edb300: f9ff ff48 | ba78 5304 | d1f7 0100 | 00b8 000f 

  0x000001f7b8edb310: ;   {runtime_call load_klass_patching Runtime1 stub}
  0x000001f7b8edb310: 050a e869 

  0x000001f7b8edb314: ; ImmutableOopMap {r8=Oop }
                      ;*new {reexecute=1 rethrow=0 return_oop=0}
                      ; - (reexecute) jdk.internal.reflect.DirectMethodHandleAccessor::invoke@83
  0x000001f7b8edb314: e428 07e9 | 4cfa ffff 

  0x000001f7b8edb31c: ;   {runtime_call throw_null_pointer_exception Runtime1 stub}
  0x000001f7b8edb31c: e8df 9028 

  0x000001f7b8edb320: ; ImmutableOopMap {r8=Oop }
                      ;*new {reexecute=0 rethrow=0 return_oop=0}
                      ; - jdk.internal.reflect.DirectMethodHandleAccessor::invoke@83
  0x000001f7b8edb320: 0748 8bd2 

  0x000001f7b8edb324: ;   {runtime_call fast_new_instance_init_check Runtime1 stub}
  0x000001f7b8edb324: e857 ab28 

  0x000001f7b8edb328: ; ImmutableOopMap {r8=Oop }
                      ;*new {reexecute=0 rethrow=0 return_oop=0}
                      ; - jdk.internal.reflect.DirectMethodHandleAccessor::invoke@83
  0x000001f7b8edb328: 07e9 9ffa | ffff 498b | 87f8 0400 | 0049 c787 | f804 0000 | 0000 0000 | 49c7 8700 | 0500 0000 
  0x000001f7b8edb348: 0000 0048 | 81c4 6001 

  0x000001f7b8edb350: ;   {runtime_call unwind_exception Runtime1 stub}
  0x000001f7b8edb350: 0000 5de9 | a878 2807 
[Stub Code]
  0x000001f7b8edb358: ;   {no_reloc}
  0x000001f7b8edb358: 0f1f 4400 

  0x000001f7b8edb35c: ;   {static_stub}
  0x000001f7b8edb35c: 0048 bb50 | 010b d0f7 

  0x000001f7b8edb364: ;   {runtime_call I2C/C2I adapters}
  0x000001f7b8edb364: 0100 00e9 | 036c 1b07 

  0x000001f7b8edb36c: ;   {static_stub}
  0x000001f7b8edb36c: 9048 bb00 | 0000 0000 

  0x000001f7b8edb374: ;   {runtime_call nmethod}
  0x000001f7b8edb374: 0000 00e9 | fbff ffff 

  0x000001f7b8edb37c: ;   {static_stub}
  0x000001f7b8edb37c: 9048 bb00 | 0000 0000 

  0x000001f7b8edb384: ;   {runtime_call nmethod}
  0x000001f7b8edb384: 0000 00e9 | fbff ffff 

  0x000001f7b8edb38c: ;   {static_stub}
  0x000001f7b8edb38c: 9048 bb00 | 0000 0000 

  0x000001f7b8edb394: ;   {runtime_call nmethod}
  0x000001f7b8edb394: 0000 00e9 | fbff ffff 

  0x000001f7b8edb39c: ;   {static_stub}
  0x000001f7b8edb39c: 9048 bb00 | 0000 0000 

  0x000001f7b8edb3a4: ;   {runtime_call nmethod}
  0x000001f7b8edb3a4: 0000 00e9 | fbff ffff 

  0x000001f7b8edb3ac: ;   {static_stub}
  0x000001f7b8edb3ac: 9048 bbb8 | 0205 11f8 

  0x000001f7b8edb3b4: ;   {runtime_call I2C/C2I adapters}
  0x000001f7b8edb3b4: 0100 00e9 | 2b8e 1c07 

  0x000001f7b8edb3bc: ;   {static_stub}
  0x000001f7b8edb3bc: 48bb 0000 | 0000 0000 

  0x000001f7b8edb3c4: ;   {runtime_call nmethod}
  0x000001f7b8edb3c4: 0000 e9fb 

  0x000001f7b8edb3c8: ;   {static_stub}
  0x000001f7b8edb3c8: ffff ff48 | bb00 0000 | 0000 0000 

  0x000001f7b8edb3d4: ;   {runtime_call nmethod}
  0x000001f7b8edb3d4: 00e9 fbff 

  0x000001f7b8edb3d8: ;   {static_stub}
  0x000001f7b8edb3d8: ffff 48bb | 109c 3dd0 | f701 0000 

  0x000001f7b8edb3e4: ;   {runtime_call I2C/C2I adapters}
  0x000001f7b8edb3e4: e97a 801c 

  0x000001f7b8edb3e8: ;   {static_stub}
  0x000001f7b8edb3e8: 0748 bb00 | 0000 0000 

  0x000001f7b8edb3f0: ;   {runtime_call nmethod}
  0x000001f7b8edb3f0: 0000 00e9 | fbff ffff 

  0x000001f7b8edb3f8: ;   {static_stub}
  0x000001f7b8edb3f8: 48bb 0000 | 0000 0000 

  0x000001f7b8edb400: ;   {runtime_call nmethod}
  0x000001f7b8edb400: 0000 e9fb 

  0x000001f7b8edb404: ;   {static_stub}
  0x000001f7b8edb404: ffff ff48 | bb00 0000 | 0000 0000 

  0x000001f7b8edb410: ;   {runtime_call nmethod}
  0x000001f7b8edb410: 00e9 fbff 

  0x000001f7b8edb414: ;   {static_stub}
  0x000001f7b8edb414: ffff 48bb | 0000 0000 | 0000 0000 

  0x000001f7b8edb420: ;   {runtime_call nmethod}
  0x000001f7b8edb420: e9fb ffff 

  0x000001f7b8edb424: ;   {static_stub}
  0x000001f7b8edb424: ff48 bb00 | 0000 0000 

  0x000001f7b8edb42c: ;   {runtime_call nmethod}
  0x000001f7b8edb42c: 0000 00e9 | fbff ffff 

  0x000001f7b8edb434: ;   {static_stub}
  0x000001f7b8edb434: 48bb 0000 | 0000 0000 

  0x000001f7b8edb43c: ;   {runtime_call nmethod}
  0x000001f7b8edb43c: 0000 e9fb 

  0x000001f7b8edb440: ;   {static_stub}
  0x000001f7b8edb440: ffff ff48 | bb00 0000 | 0000 0000 

  0x000001f7b8edb44c: ;   {runtime_call nmethod}
  0x000001f7b8edb44c: 00e9 fbff 

  0x000001f7b8edb450: ;   {runtime_call handle_exception_from_callee Runtime1 stub}
  0x000001f7b8edb450: ffff e8a9 

  0x000001f7b8edb454: ;   {external_word}
  0x000001f7b8edb454: c028 0748 | b990 7f27 | d3fe 7f00 | 0048 83e4 

  0x000001f7b8edb464: ;   {runtime_call}
  0x000001f7b8edb464: f048 b8e0 | 44ea d2fe | 7f00 00ff 

  0x000001f7b8edb470: ;   {section_word}
  0x000001f7b8edb470: d0f4 49ba | 72b4 edb8 | f701 0000 

  0x000001f7b8edb47c: ;   {runtime_call DeoptimizationBlob}
  0x000001f7b8edb47c: 4152 e91d 

  0x000001f7b8edb480: ;   {section_word}
  0x000001f7b8edb480: 951c 0749 | ba83 b4ed | b8f7 0100 

  0x000001f7b8edb48c: ;   {runtime_call DeoptimizationBlob}
  0x000001f7b8edb48c: 0041 52e9 | 0c95 1c07 | f4f4 f4f4 
[/MachCode]


Compiled method (c1) 12478 10085   !   3       org.eclipse.e4.core.internal.di.MethodRequestor::execute (176 bytes)
 total in heap  [0x000001f7b9360790,0x000001f7b9364348] = 15288
 relocation     [0x000001f7b93608f0,0x000001f7b9360c00] = 784
 main code      [0x000001f7b9360c00,0x000001f7b93631d8] = 9688
 stub code      [0x000001f7b93631d8,0x000001f7b9363328] = 336
 oops           [0x000001f7b9363328,0x000001f7b9363338] = 16
 metadata       [0x000001f7b9363338,0x000001f7b93633f8] = 192
 scopes data    [0x000001f7b93633f8,0x000001f7b9363838] = 1088
 scopes pcs     [0x000001f7b9363838,0x000001f7b9363d18] = 1248
 dependencies   [0x000001f7b9363d18,0x000001f7b9363d38] = 32
 handler table  [0x000001f7b9363d38,0x000001f7b9364290] = 1368
 nul chk table  [0x000001f7b9364290,0x000001f7b9364348] = 184

[Constant Pool (empty)]

[MachCode]
[Entry Point]
  # {method} {0x000001f8128ec828} 'execute' '()Ljava/lang/Object;' in 'org/eclipse/e4/core/internal/di/MethodRequestor'
  #           [sp+0x160]  (sp of caller)
  0x000001f7b9360c00: 448b 5208 | 49bb 0000 | 00d0 f701 | 0000 4d03 | d34c 3bd0 

  0x000001f7b9360c14: ;   {runtime_call ic_miss_stub}
  0x000001f7b9360c14: 0f85 66db | d306 660f | 1f44 0000 
[Verified Entry Point]
  0x000001f7b9360c20: 8984 2400 | 80ff ff55 | 4881 ec50 | 0100 0090 | 4181 7f20 | 0a00 0000 

  0x000001f7b9360c38: ;   {runtime_call StubRoutines (final stubs)}
  0x000001f7b9360c38: 7405 e821 | 41d2 0648 | 8994 24b8 

  0x000001f7b9360c44: ;   {metadata(method data for {method} {0x000001f8128ec828} 'execute' '()Ljava/lang/Object;' in 'org/eclipse/e4/core/internal/di/MethodRequestor')}
  0x000001f7b9360c44: 0000 0048 | bea0 d971 | 13f8 0100 | 008b becc | 0000 0083 | c702 89be | cc00 0000 | 81e7 fe07 
  0x000001f7b9360c64: 0000 85ff | 0f84 d21e | 0000 8b72 | 2848 c1e6 | 0348 85f6 

  0x000001f7b9360c78: ;   {metadata(method data for {method} {0x000001f8128ec828} 'execute' '()Ljava/lang/Object;' in 'org/eclipse/e4/core/internal/di/MethodRequestor')}
  0x000001f7b9360c78: 48be a0d9 | 7113 f801 | 0000 48c7 | c710 0100 | 0075 0748 | c7c7 2001 | 0000 488b | 1c3e 488d 
  0x000001f7b9360c98: 5b01 4889 | 1c3e 0f85 | 0c03 0000 | 8b72 1448 | c1e6 0348 | 85f6 7516 

  0x000001f7b9360cb0: ;   {metadata(method data for {method} {0x000001f8128ec828} 'execute' '()Ljava/lang/Object;' in 'org/eclipse/e4/core/internal/di/MethodRequestor')}
  0x000001f7b9360cb0: 48bb a0d9 | 7113 f801 | 0000 808b | 2901 0000 | 01e9 cc00 

  0x000001f7b9360cc4: ;   {metadata('java/lang/reflect/Method')}
  0x000001f7b9360cc4: 0000 48b8 | a805 04d0 | f701 0000 | 8b7e 0849 | ba00 0000 | d0f7 0100 | 0049 03fa | 483b c70f 
  0x000001f7b9360ce4: 858d 0000 

  0x000001f7b9360ce8: ;   {metadata(method data for {method} {0x000001f8128ec828} 'execute' '()Ljava/lang/Object;' in 'org/eclipse/e4/core/internal/di/MethodRequestor')}
  0x000001f7b9360ce8: 0048 bba0 | d971 13f8 | 0100 008b | 4608 49ba | 0000 00d0 | f701 0000 | 4903 c248 | 3b83 4001 
  0x000001f7b9360d08: 0000 750d | 4883 8348 | 0100 0001 | e979 0000 | 0048 3b83 | 5001 0000 | 750d 4883 | 8358 0100 
  0x000001f7b9360d28: 0001 e963 | 0000 0048 | 83bb 4001 | 0000 0075 | 1748 8983 | 4001 0000 | 48c7 8348 | 0100 0001 
  0x000001f7b9360d48: 0000 00e9 | 4200 0000 | 4883 bb50 | 0100 0000 | 7517 4889 | 8350 0100 | 0048 c783 | 5801 0000 
  0x000001f7b9360d68: 0100 0000 | e921 0000 | 00e9 1c00 

  0x000001f7b9360d74: ;   {metadata(method data for {method} {0x000001f8128ec828} 'execute' '()Ljava/lang/Object;' in 'org/eclipse/e4/core/internal/di/MethodRequestor')}
  0x000001f7b9360d74: 0000 48bb | a0d9 7113 | f801 0000 | 4883 ab30 | 0100 0001 | e9d4 1d00 | 00e9 0000 | 0000 483b 
  0x000001f7b9360d94: 0648 8bfe 

  0x000001f7b9360d98: ;   {metadata(method data for {method} {0x000001f8128ec828} 'execute' '()Ljava/lang/Object;' in 'org/eclipse/e4/core/internal/di/MethodRequestor')}
  0x000001f7b9360d98: 48bb a0d9 | 7113 f801 | 0000 4883 | 8368 0100 

  0x000001f7b9360da8: ;   {metadata(method data for {method} {0x000001f7d0041d00} 'getParameterTypes' '()[Ljava/lang/Class;' in 'java/lang/reflect/Method')}
  0x000001f7b9360da8: 0001 48bf | f0ee 7112 | f801 0000 | 8b9f cc00 | 0000 83c3 | 0289 9fcc | 0000 0081 | e3fe ff1f 
  0x000001f7b9360dc8: 0085 db0f | 849e 1d00 | 008b 7630 | 48c1 e603 

  0x000001f7b9360dd8: ; implicit exception: dispatches to 0x000001f7b9362b90
  0x000001f7b9360dd8: 483b 0648 

  0x000001f7b9360ddc: ;   {metadata(method data for {method} {0x000001f7d0041d00} 'getParameterTypes' '()[Ljava/lang/Class;' in 'java/lang/reflect/Method')}
  0x000001f7b9360ddc: 8bfe 48bb | f0ee 7112 | f801 0000 | 8b7f 0849 | ba00 0000 | d0f7 0100 | 0049 03fa | 483b bb20 
  0x000001f7b9360dfc: 0100 0075 | 0d48 8383 | 2801 0000 | 01e9 6000 | 0000 483b | bb30 0100 | 0075 0d48 | 8383 3801 
  0x000001f7b9360e1c: 0000 01e9 | 4a00 0000 | 4883 bb20 | 0100 0000 | 7517 4889 | bb20 0100 | 0048 c783 | 2801 0000 
  0x000001f7b9360e3c: 0100 0000 | e929 0000 | 0048 83bb | 3001 0000 | 0075 1748 | 89bb 3001 | 0000 48c7 | 8338 0100 
  0x000001f7b9360e5c: 0001 0000 | 00e9 0800 | 0000 4883 | 8310 0100 | 0001 488b | d60f 1f40 | 0048 b8ff | ffff ffff 
  0x000001f7b9360e7c: ;   {virtual_call}
  0x000001f7b9360e7c: ffff ffe8 

  0x000001f7b9360e80: ; ImmutableOopMap {[184]=Oop }
                      ;*invokevirtual clone {reexecute=0 rethrow=0 return_oop=0}
                      ; - java.lang.reflect.Method::getParameterTypes@4
                      ; - org.eclipse.e4.core.internal.di.MethodRequestor::execute@14 (line 42)
  0x000001f7b9360e80: fcde d306 

  0x000001f7b9360e84: ;   {other}
  0x000001f7b9360e84: 0f1f 8400 | f406 0000 | 4885 c075 

  0x000001f7b9360e90: ;   {metadata(method data for {method} {0x000001f7d0041d00} 'getParameterTypes' '()[Ljava/lang/Class;' in 'java/lang/reflect/Method')}
  0x000001f7b9360e90: 1648 bff0 | ee71 12f8 | 0100 0080 | 8f41 0100 | 0001 e9cd 

  0x000001f7b9360ea4: ;   {metadata('java/lang/Class'[])}
  0x000001f7b9360ea4: 0000 0048 | bbe0 6e00 | d0f7 0100 | 008b 7808 | 49ba 0000 | 00d0 f701 | 0000 4903 | fa48 3b5f 
  0x000001f7b9360ec4: 400f 858d 

  0x000001f7b9360ec8: ;   {metadata(method data for {method} {0x000001f7d0041d00} 'getParameterTypes' '()[Ljava/lang/Class;' in 'java/lang/reflect/Method')}
  0x000001f7b9360ec8: 0000 0048 | bff0 ee71 | 12f8 0100 | 008b 5808 | 49ba 0000 | 00d0 f701 | 0000 4903 | da48 3b9f 
  0x000001f7b9360ee8: 5801 0000 | 750d 4883 | 8760 0100 | 0001 e979 | 0000 0048 | 3b9f 6801 | 0000 750d | 4883 8770 
  0x000001f7b9360f08: 0100 0001 | e963 0000 | 0048 83bf | 5801 0000 | 0075 1748 | 899f 5801 | 0000 48c7 | 8760 0100 
  0x000001f7b9360f28: 0001 0000 | 00e9 4200 | 0000 4883 | bf68 0100 | 0000 7517 | 4889 9f68 | 0100 0048 | c787 7001 
  0x000001f7b9360f48: 0000 0100 | 0000 e921 | 0000 00e9 | 1c00 0000 

  0x000001f7b9360f58: ;   {metadata(method data for {method} {0x000001f7d0041d00} 'getParameterTypes' '()[Ljava/lang/Class;' in 'java/lang/reflect/Method')}
  0x000001f7b9360f58: 48bf f0ee | 7112 f801 | 0000 4883 | af48 0100 | 0001 e926 | 1c00 00e9 | 0000 0000 | 488b d08b 
  0x000001f7b9360f78: 520c 85d2 

  0x000001f7b9360f7c: ;   {metadata(method data for {method} {0x000001f8128ec828} 'execute' '()Ljava/lang/Object;' in 'org/eclipse/e4/core/internal/di/MethodRequestor')}
  0x000001f7b9360f7c: 48ba a0d9 | 7113 f801 | 0000 48c7 | c6b0 0100 | 007f 0748 | c7c6 a001 | 0000 488b | 3c32 488d 
  0x000001f7b9360f9c: 7f01 4889 | 3c32 0f8f | a616 0000 | 488b 9424 | b800 0000 

  0x000001f7b9360fb0: ;   {metadata(method data for {method} {0x000001f8128ec828} 'execute' '()Ljava/lang/Object;' in 'org/eclipse/e4/core/internal/di/MethodRequestor')}
  0x000001f7b9360fb0: 488b f248 | bfa0 d971 | 13f8 0100 | 008b 7608 | 49ba 0000 | 00d0 f701 | 0000 4903 | f248 3bb7 
  0x000001f7b9360fd0: d001 0000 | 750d 4883 | 87d8 0100 | 0001 e960 | 0000 0048 | 3bb7 e001 | 0000 750d | 4883 87e8 
  0x000001f7b9360ff0: 0100 0001 | e94a 0000 | 0048 83bf | d001 0000 | 0075 1748 | 89b7 d001 | 0000 48c7 | 87d8 0100 
  0x000001f7b9361010: 0001 0000 | 00e9 2900 | 0000 4883 | bfe0 0100 | 0000 7517 | 4889 b7e0 | 0100 0048 | c787 e801 
  0x000001f7b9361030: 0000 0100 | 0000 e908 | 0000 0048 | 8387 c001 

  0x000001f7b9361040: ;   {metadata(method data for {method} {0x000001f8128e9ed8} 'getRequestingObject' '()Ljava/lang/Object;' in 'org/eclipse/e4/core/internal/di/Requestor')}
  0x000001f7b9361040: 0000 0148 | be50 c471 | 13f8 0100 | 008b becc | 0000 0083 | c702 89be | cc00 0000 | 81e7 feff 
  0x000001f7b9361060: 1f00 85ff | 0f84 391b | 0000 8b72 | 1848 c1e6 | 0348 85f6 

  0x000001f7b9361074: ;   {metadata(method data for {method} {0x000001f8128e9ed8} 'getRequestingObject' '()Ljava/lang/Object;' in 'org/eclipse/e4/core/internal/di/Requestor')}
  0x000001f7b9361074: 48bf 50c4 | 7113 f801 | 0000 48c7 | c310 0100 | 0075 0748 | c7c3 2001 | 0000 488b | 041f 488d 
  0x000001f7b9361094: 4001 4889 | 041f 0f85 | 0f00 0000 

  0x000001f7b93610a0: ;   {oop(nullptr)}
  0x000001f7b93610a0: 48be 0000 | 0000 0000 | 0000 e9b8 | 0000 0048 | 3b06 488b 

  0x000001f7b93610b4: ;   {metadata(method data for {method} {0x000001f8128e9ed8} 'getRequestingObject' '()Ljava/lang/Object;' in 'org/eclipse/e4/core/internal/di/Requestor')}
  0x000001f7b93610b4: fe48 bb50 | c471 13f8 | 0100 008b | 7f08 49ba | 0000 00d0 | f701 0000 | 4903 fa48 | 3bbb 4001 
  0x000001f7b93610d4: 0000 750d | 4883 8348 | 0100 0001 | e960 0000 | 0048 3bbb | 5001 0000 | 750d 4883 | 8358 0100 
  0x000001f7b93610f4: 0001 e94a | 0000 0048 | 83bb 4001 | 0000 0075 | 1748 89bb | 4001 0000 | 48c7 8348 | 0100 0001 
  0x000001f7b9361114: 0000 00e9 | 2900 0000 | 4883 bb50 | 0100 0000 | 7517 4889 | bb50 0100 | 0048 c783 | 5801 0000 
  0x000001f7b9361134: 0100 0000 | e908 0000 | 0048 8383 | 3001 0000 | 0148 8bd6 | 0f1f 4400 | 0048 b850 | 991e 1bf8 
  0x000001f7b9361154: ;   {virtual_call}
  0x000001f7b9361154: 0100 00e8 

  0x000001f7b9361158: ; ImmutableOopMap {[184]=Oop }
                      ;*invokevirtual get {reexecute=0 rethrow=0 return_oop=0}
                      ; - org.eclipse.e4.core.internal.di.Requestor::getRequestingObject@13 (line 108)
                      ; - org.eclipse.e4.core.internal.di.MethodRequestor::execute@24 (line 45)
  0x000001f7b9361158: d522 d406 

  0x000001f7b936115c: ;   {other}
  0x000001f7b936115c: 0f1f 8400 | cc09 0001 | 488b f048 

  0x000001f7b9361168: ;   {metadata(method data for {method} {0x000001f8128ec828} 'execute' '()Ljava/lang/Object;' in 'org/eclipse/e4/core/internal/di/MethodRequestor')}
  0x000001f7b9361168: 85f6 48b8 | a0d9 7113 | f801 0000 | 48c7 c208 | 0200 0074 | 0748 c7c2 | f801 0000 | 488b 3c10 
  0x000001f7b9361188: 488d 7f01 | 4889 3c10 | 0f84 9814 | 0000 488b | 9424 b800 | 0000 8b7a | 2048 c1e7 | 0348 85ff 
  0x000001f7b93611a8: ;   {metadata(method data for {method} {0x000001f8128ec828} 'execute' '()Ljava/lang/Object;' in 'org/eclipse/e4/core/internal/di/MethodRequestor')}
  0x000001f7b93611a8: 48b8 a0d9 | 7113 f801 | 0000 48c7 | c328 0200 | 0075 0748 | c7c3 1802 | 0000 488b | 0c18 488d 
  0x000001f7b93611c8: 4901 4889 | 0c18 0f85 | 1900 0000 | bf00 0000 | 0089 bc24 | d400 0000 | 4889 b424 | c000 0000 
  0x000001f7b93611e8: e9e9 0800 | 0048 89b4 | 24c0 0000 | 0048 3b07 

  0x000001f7b93611f8: ;   {metadata(method data for {method} {0x000001f8128ec828} 'execute' '()Ljava/lang/Object;' in 'org/eclipse/e4/core/internal/di/MethodRequestor')}
  0x000001f7b93611f8: 488b c748 | bba0 d971 | 13f8 0100 

  0x000001f7b9361204: ;   {metadata('org/eclipse/e4/core/internal/contexts/ContextObjectSupplier')}
  0x000001f7b9361204: 0049 baa8 | f62b d1f7 | 0100 004c | 8993 4802 | 0000 4883 | 8350 0200 | 0001 488d | 9c24 2001 
  0x000001f7b9361224: 0000 4889 | 7b08 488b | 0748 83c8 | 0148 8903 | f048 0fb1 | 1f0f 8412 | 0000 0048 | 2bc4 4825 
  0x000001f7b9361244: 07f0 ffff | 4889 030f | 857d 1900 | 0049 ff87 | 4805 0000 

  0x000001f7b9361258: ;   {metadata(method data for {method} {0x000001f8128dc080} 'pauseRecording' '()V' in 'org/eclipse/e4/core/internal/contexts/ContextObjectSupplier')}
  0x000001f7b9361258: 48bb c0c7 | 0a13 f801 | 0000 8b83 | cc00 0000 | 83c0 0289 | 83cc 0000 | 0025 feff | 1f00 85c0 
  0x000001f7b9361278: 0f84 6319 

  0x000001f7b936127c: ;   {metadata(method data for {method} {0x000001f8128dc080} 'pauseRecording' '()V' in 'org/eclipse/e4/core/internal/contexts/ContextObjectSupplier')}
  0x000001f7b936127c: 0000 48bf | c0c7 0a13 | f801 0000 | 4883 8710 | 0100 0001 

  0x000001f7b9361290: ;   {metadata(method data for {method} {0x000001f8128c74e0} 'getCalculatedComputations' '()Ljava/util/Stack;' in 'org/eclipse/e4/core/internal/contexts/EclipseContext')}
  0x000001f7b9361290: 48bf 704e | c712 f801 | 0000 8b9f | cc00 0000 | 83c3 0289 | 9fcc 0000 | 0081 e3fe | ff1f 0085 
  0x000001f7b93612b0: db0f 844b 

  0x000001f7b93612b4: ;   {oop(a 'java/lang/Class'{0x0000000743006840} = 'org/eclipse/e4/core/internal/contexts/EclipseContext')}
  0x000001f7b93612b4: 1900 0048 | bf40 6800 | 4307 0000 | 008b 7f7c | 48c1 e703 

  0x000001f7b93612c8: ; implicit exception: dispatches to 0x000001f7b9362c23
  0x000001f7b93612c8: 483b 0748 

  0x000001f7b93612cc: ;   {metadata(method data for {method} {0x000001f8128c74e0} 'getCalculatedComputations' '()Ljava/util/Stack;' in 'org/eclipse/e4/core/internal/contexts/EclipseContext')}
  0x000001f7b93612cc: 8bdf 48b8 | 704e c712 | f801 0000 | 8b5b 0849 | ba00 0000 | d0f7 0100 | 0049 03da | 483b 9820 
  0x000001f7b93612ec: 0100 0075 | 0d48 8380 | 2801 0000 | 01e9 6000 | 0000 483b | 9830 0100 | 0075 0d48 | 8380 3801 
  0x000001f7b936130c: 0000 01e9 | 4a00 0000 | 4883 b820 | 0100 0000 | 7517 4889 | 9820 0100 | 0048 c780 | 2801 0000 
  0x000001f7b936132c: 0100 0000 | e929 0000 | 0048 83b8 | 3001 0000 | 0075 1748 | 8998 3001 | 0000 48c7 | 8038 0100 
  0x000001f7b936134c: 0001 0000 | 00e9 0800 | 0000 4883 | 8010 0100 | 0001 488b | d70f 1f40 | 0048 b810 | 1812 d0f7 
  0x000001f7b936136c: ;   {virtual_call}
  0x000001f7b936136c: 0100 00e8 

  0x000001f7b9361370: ; ImmutableOopMap {[184]=Oop [192]=Oop [296]=Oop }
                      ;*invokevirtual get {reexecute=0 rethrow=0 return_oop=0}
                      ; - org.eclipse.e4.core.internal.contexts.EclipseContext::getCalculatedComputations@3 (line 734)
                      ; - org.eclipse.e4.core.internal.contexts.ContextObjectSupplier::pauseRecording@0 (line 214)
                      ; - org.eclipse.e4.core.internal.di.MethodRequestor::execute@49 (line 51)
  0x000001f7b9361370: cceb 6e07 

  0x000001f7b9361374: ;   {other}
  0x000001f7b9361374: 0f1f 8400 | e40b 0002 | 4885 c075 

  0x000001f7b9361380: ;   {metadata(method data for {method} {0x000001f8128c74e0} 'getCalculatedComputations' '()Ljava/util/Stack;' in 'org/eclipse/e4/core/internal/contexts/EclipseContext')}
  0x000001f7b9361380: 1648 bf70 | 4ec7 12f8 | 0100 0080 | 8f41 0100 | 0001 e9cc 

  0x000001f7b9361394: ;   {metadata('java/util/Stack')}
  0x000001f7b9361394: 0000 0048 | bae0 720d | d1f7 0100 | 008b 7008 | 49ba 0000 | 00d0 f701 | 0000 4903 | f248 3bd6 
  0x000001f7b93613b4: 0f85 8d00 

  0x000001f7b93613b8: ;   {metadata(method data for {method} {0x000001f8128c74e0} 'getCalculatedComputations' '()Ljava/util/Stack;' in 'org/eclipse/e4/core/internal/contexts/EclipseContext')}
  0x000001f7b93613b8: 0000 48bf | 704e c712 | f801 0000 | 8b50 0849 | ba00 0000 | d0f7 0100 | 0049 03d2 | 483b 9758 
  0x000001f7b93613d8: 0100 0075 | 0d48 8387 | 6001 0000 | 01e9 7900 | 0000 483b | 9768 0100 | 0075 0d48 | 8387 7001 
  0x000001f7b93613f8: 0000 01e9 | 6300 0000 | 4883 bf58 | 0100 0000 | 7517 4889 | 9758 0100 | 0048 c787 | 6001 0000 
  0x000001f7b9361418: 0100 0000 | e942 0000 | 0048 83bf | 6801 0000 | 0075 1748 | 8997 6801 | 0000 48c7 | 8770 0100 
  0x000001f7b9361438: 0001 0000 | 00e9 2100 | 0000 e91c 

  0x000001f7b9361444: ;   {metadata(method data for {method} {0x000001f8128c74e0} 'getCalculatedComputations' '()Ljava/util/Stack;' in 'org/eclipse/e4/core/internal/contexts/EclipseContext')}
  0x000001f7b9361444: 0000 0048 | bf70 4ec7 | 12f8 0100 | 0048 83af | 4801 0000 | 01e9 ca17 | 0000 e900 | 0000 0048 
  0x000001f7b9361464: 8bd0 4885 

  0x000001f7b9361468: ;   {metadata(method data for {method} {0x000001f8128c74e0} 'getCalculatedComputations' '()Ljava/util/Stack;' in 'org/eclipse/e4/core/internal/contexts/EclipseContext')}
  0x000001f7b9361468: d248 be70 | 4ec7 12f8 | 0100 0048 | c7c7 8001 | 0000 7507 | 48c7 c790 | 0100 0048 | 8b04 3e48 
  0x000001f7b9361488: 8d40 0148 | 8904 3e0f | 8527 0200 

  0x000001f7b9361494: ;   {metadata('java/util/Stack')}
  0x000001f7b9361494: 0048 bae0 | 720d d1f7 | 0100 0049 | 8b87 b801 | 0000 488d | 7820 493b | bfc8 0100 | 000f 877a 
  0x000001f7b93614b4: 1700 0049 | 89bf b801 | 0000 48c7 | 0001 0000 | 0048 8bca | 49ba 0000 | 00d0 f701 | 0000 492b 
  0x000001f7b93614d4: ca89 4808 | 4833 c989 | 480c 4833 | c948 8948 | 1048 8948 | 184c 8bc0 

  0x000001f7b93614ec: ;   {metadata(method data for {method} {0x000001f8128c74e0} 'getCalculatedComputations' '()Ljava/util/Stack;' in 'org/eclipse/e4/core/internal/contexts/EclipseContext')}
  0x000001f7b93614ec: 49b9 704e | c712 f801 | 0000 4983 | 81a0 0100 

  0x000001f7b93614fc: ;   {metadata(method data for {method} {0x000001f811935bd8} '<init>' '()V' in 'java/util/Stack')}
  0x000001f7b93614fc: 0001 49b8 | a827 b911 | f801 0000 | 458b 88cc | 0000 0041 | 83c1 0245 | 8988 cc00 | 0000 4181 
  0x000001f7b936151c: e1fe ff1f | 0045 85c9 | 0f84 1417 | 0000 4c8b 

  0x000001f7b936152c: ;   {metadata(method data for {method} {0x000001f811935bd8} '<init>' '()V' in 'java/util/Stack')}
  0x000001f7b936152c: c049 b9a8 | 27b9 11f8 | 0100 0049 | 8381 1001 

  0x000001f7b936153c: ;   {metadata(method data for {method} {0x000001f811191cd8} '<init>' '()V' in 'java/util/Vector')}
  0x000001f7b936153c: 0000 0149 | b800 1db9 | 11f8 0100 | 0045 8b88 | cc00 0000 | 4183 c102 | 4589 88cc | 0000 0041 
  0x000001f7b936155c: 81e1 feff | 1f00 4585 | c90f 84f4 | 1600 004c 

  0x000001f7b936156c: ;   {metadata(method data for {method} {0x000001f811191cd8} '<init>' '()V' in 'java/util/Vector')}
  0x000001f7b936156c: 8bc0 49b9 | 001d b911 | f801 0000 | 4983 8110 | 0100 0001 

  0x000001f7b9361580: ;   {metadata(method data for {method} {0x000001f811191c40} '<init>' '(I)V' in 'java/util/Vector')}
  0x000001f7b9361580: 49b8 401e | b911 f801 | 0000 458b | 88cc 0000 | 0041 83c1 | 0245 8988 | cc00 0000 | 4181 e1fe 
  0x000001f7b93615a0: ff1f 0045 | 85c9 0f84 | d416 0000 

  0x000001f7b93615ac: ;   {metadata(method data for {method} {0x000001f811191c40} '<init>' '(I)V' in 'java/util/Vector')}
  0x000001f7b93615ac: 4c8b c049 | b940 1eb9 | 11f8 0100 | 0049 8381 | 1001 0000 | 0141 b80a | 0000 0041 | b900 0000 
  0x000001f7b93615cc: 0048 8bd0 | 4889 8424 | c800 0000 | 0f1f 8000 

  0x000001f7b93615dc: ;   {optimized virtual_call}
  0x000001f7b93615dc: 0000 00e8 

  0x000001f7b93615e0: ; ImmutableOopMap {[184]=Oop [192]=Oop [200]=Oop [296]=Oop }
                      ;*invokespecial <init> {reexecute=0 rethrow=0 return_oop=0}
                      ; - java.util.Vector::<init>@3
                      ; - java.util.Vector::<init>@3
                      ; - java.util.Stack::<init>@1
                      ; - org.eclipse.e4.core.internal.contexts.EclipseContext::getCalculatedComputations@18 (line 736)
                      ; - org.eclipse.e4.core.internal.contexts.ContextObjectSupplier::pauseRecording@0 (line 214)
                      ; - org.eclipse.e4.core.internal.di.MethodRequestor::execute@49 (line 51)
  0x000001f7b93615e0: 9cd4 d306 

  0x000001f7b93615e4: ;   {other}
  0x000001f7b93615e4: 0f1f 8400 | 540e 0003 

  0x000001f7b93615ec: ;   {oop(a 'java/lang/Class'{0x0000000743006840} = 'org/eclipse/e4/core/internal/contexts/EclipseContext')}
  0x000001f7b93615ec: 49b8 4068 | 0043 0700 | 0000 418b | 507c 48c1 | e203 483b | 024c 8bc2 

  0x000001f7b9361604: ;   {metadata(method data for {method} {0x000001f8128c74e0} 'getCalculatedComputations' '()Ljava/util/Stack;' in 'org/eclipse/e4/core/internal/contexts/EclipseContext')}
  0x000001f7b9361604: 48be 704e | c712 f801 | 0000 458b | 4008 49ba | 0000 00d0 | f701 0000 | 4d03 c24c | 3b86 c001 
  0x000001f7b9361624: 0000 750d | 4883 86c8 | 0100 0001 | e960 0000 | 004c 3b86 | d001 0000 | 750d 4883 | 86d8 0100 
  0x000001f7b9361644: 0001 e94a | 0000 0048 | 83be c001 | 0000 0075 | 174c 8986 | c001 0000 | 48c7 86c8 | 0100 0001 
  0x000001f7b9361664: 0000 00e9 | 2900 0000 | 4883 bed0 | 0100 0000 | 7517 4c89 | 86d0 0100 | 0048 c786 | d801 0000 
  0x000001f7b9361684: 0100 0000 | e908 0000 | 0048 8386 | b001 0000 | 014c 8b84 | 24c8 0000 | 0048 b8ff | ffff ffff 
  0x000001f7b93616a4: ;   {virtual_call}
  0x000001f7b93616a4: ffff ffe8 

  0x000001f7b93616a8: ; ImmutableOopMap {[184]=Oop [192]=Oop [200]=Oop [296]=Oop }
                      ;*invokevirtual set {reexecute=0 rethrow=0 return_oop=0}
                      ; - org.eclipse.e4.core.internal.contexts.EclipseContext::getCalculatedComputations@26 (line 737)
                      ; - org.eclipse.e4.core.internal.contexts.ContextObjectSupplier::pauseRecording@0 (line 214)
                      ; - org.eclipse.e4.core.internal.di.MethodRequestor::execute@49 (line 51)
  0x000001f7b93616a8: d4d6 d306 

  0x000001f7b93616ac: ;   {other}
  0x000001f7b93616ac: 0f1f 8400 | 1c0f 0004 | 488b 9424 | c800 0000 

  0x000001f7b93616bc: ; implicit exception: dispatches to 0x000001f7b9362ca6
  0x000001f7b93616bc: 483b 0248 

  0x000001f7b93616c0: ;   {metadata(method data for {method} {0x000001f8128dc080} 'pauseRecording' '()V' in 'org/eclipse/e4/core/internal/contexts/ContextObjectSupplier')}
  0x000001f7b93616c0: 8bc2 49b8 | c0c7 0a13 | f801 0000 | 4983 8038 | 0100 0001 

  0x000001f7b93616d4: ;   {metadata(method data for {method} {0x000001f811935c78} 'push' '(Ljava/lang/Object;)Ljava/lang/Object;' in 'java/util/Stack')}
  0x000001f7b93616d4: 48b8 e889 | b811 f801 | 0000 448b | 80cc 0000 | 0041 83c0 | 0244 8980 | cc00 0000 | 4181 e0fe 
  0x000001f7b93616f4: ff1f 0045 | 85c0 0f84 | ab15 0000 

  0x000001f7b9361700: ;   {metadata(method data for {method} {0x000001f811935c78} 'push' '(Ljava/lang/Object;)Ljava/lang/Object;' in 'java/util/Stack')}
  0x000001f7b9361700: 488b c249 | b8e8 89b8 | 11f8 0100 | 008b 4008 | 49ba 0000 | 00d0 f701 | 0000 4903 | c249 3b80 
  0x000001f7b9361720: 2001 0000 | 750d 4983 | 8028 0100 | 0001 e960 | 0000 0049 | 3b80 3001 | 0000 750d | 4983 8038 
  0x000001f7b9361740: 0100 0001 | e94a 0000 | 0049 83b8 | 2001 0000 | 0075 1749 | 8980 2001 | 0000 49c7 | 8028 0100 
  0x000001f7b9361760: 0001 0000 | 00e9 2900 | 0000 4983 | b830 0100 | 0000 7517 | 4989 8030 | 0100 0049 | c780 3801 
  0x000001f7b9361780: 0000 0100 | 0000 e908 | 0000 0049 | 8380 1001 | 0000 014c | 8d84 2430 | 0100 0049 | 8950 0848 
  0x000001f7b93617a0: 8b02 4883 | c801 4989 | 00f0 4c0f | b102 0f84 | 1200 0000 | 482b c448 | 2507 f0ff | ff49 8900 
  0x000001f7b93617c0: 0f85 0615 | 0000 49ff | 8748 0500 

  0x000001f7b93617cc: ;   {metadata(method data for {method} {0x000001f811192ed8} 'addElement' '(Ljava/lang/Object;)V' in 'java/util/Vector')}
  0x000001f7b93617cc: 0049 b898 | 6db8 11f8 | 0100 0041 | 8bb0 cc00 | 0000 83c6 | 0241 89b0 | cc00 0000 | 81e6 feff 
  0x000001f7b93617ec: 1f00 85f6 | 0f84 e914 | 0000 448b | 420c 41ff | c044 8942 | 0c44 8b42 | 1849 c1e0 | 038b 7210 
  0x000001f7b936180c: ;   {metadata(method data for {method} {0x000001f811192ed8} 'addElement' '(Ljava/lang/Object;)V' in 'java/util/Vector')}
  0x000001f7b936180c: 488b fa48 | bb98 6db8 | 11f8 0100 | 0048 8383 | 1001 0000 

  0x000001f7b9361820: ;   {metadata(method data for {method} {0x000001f811193638} 'add' '(Ljava/lang/Object;[Ljava/lang/Object;I)V' in 'java/util/Vector')}
  0x000001f7b9361820: 0148 bf28 | 6fb8 11f8 | 0100 008b | 9fcc 0000 | 0083 c302 | 899f cc00 | 0000 81e3 | feff 1f00 
  0x000001f7b9361840: 85db 0f84 | b814 0000 

  0x000001f7b9361848: ; implicit exception: dispatches to 0x000001f7b9362d21
  0x000001f7b9361848: 418b 780c 

  0x000001f7b936184c: ;   {metadata(method data for {method} {0x000001f811193638} 'add' '(Ljava/lang/Object;[Ljava/lang/Object;I)V' in 'java/util/Vector')}
  0x000001f7b936184c: 3bf7 48bf | 286f b811 | f801 0000 | 48c7 c310 | 0100 0075 | 0748 c7c3 | 2001 0000 | 488b 041f 
  0x000001f7b936186c: 488d 4001 | 4889 041f | 0f85 9400 | 0000 4c8b 

  0x000001f7b936187c: ;   {metadata(method data for {method} {0x000001f811193638} 'add' '(Ljava/lang/Object;[Ljava/lang/Object;I)V' in 'java/util/Vector')}
  0x000001f7b936187c: c248 bf28 | 6fb8 11f8 | 0100 0048 | 8387 3001 

  0x000001f7b936188c: ;   {metadata(method data for {method} {0x000001f811192170} 'grow' '()[Ljava/lang/Object;' in 'java/util/Vector')}
  0x000001f7b936188c: 0000 0149 | b820 71b8 | 11f8 0100 | 0041 8bb8 | cc00 0000 | 83c7 0241 | 89b8 cc00 | 0000 81e7 
  0x000001f7b93618ac: feff 1f00 | 85ff 0f84 | 6e14 0000 

  0x000001f7b93618b8: ;   {metadata(method data for {method} {0x000001f811192170} 'grow' '()[Ljava/lang/Object;' in 'java/util/Vector')}
  0x000001f7b93618b8: 4c8b c248 | bf20 71b8 | 11f8 0100 | 0048 8387 | 1001 0000 | 014c 8bc6 | 41ff c048 | 8bfa 488b 
  0x000001f7b93618d8: d748 89bc | 24d8 0000 | 0089 b424 | d000 0000 | 0f1f 8000 

  0x000001f7b93618ec: ;   {optimized virtual_call}
  0x000001f7b93618ec: 0000 00e8 

  0x000001f7b93618f0: ; ImmutableOopMap {[184]=Oop [192]=Oop [216]=Oop [296]=Oop [312]=Oop }
                      ;*invokevirtual grow {reexecute=0 rethrow=0 return_oop=0}
                      ; - java.util.Vector::grow@7
                      ; - java.util.Vector::add@7
                      ; - java.util.Vector::addElement@20
                      ; - java.util.Stack::push@2
                      ; - org.eclipse.e4.core.internal.contexts.ContextObjectSupplier::pauseRecording@6 (line 215)
                      ; - org.eclipse.e4.core.internal.di.MethodRequestor::execute@49 (line 51)
  0x000001f7b93618f0: 8cd1 d306 

  0x000001f7b93618f4: ;   {other}
  0x000001f7b93618f4: 0f1f 8400 | 6411 0005 | 4c8b c08b | b424 d000 | 0000 488b | 9424 d800 

  0x000001f7b936190c: ;   {oop(nullptr)}
  0x000001f7b936190c: 0000 48b8 | 0000 0000 | 0000 0000 

  0x000001f7b9361918: ; implicit exception: dispatches to 0x000001f7b9362d47
  0x000001f7b9361918: 413b 700c | 0f83 2f14 | 0000 4885 

  0x000001f7b9361924: ;   {metadata(method data for {method} {0x000001f811193638} 'add' '(Ljava/lang/Object;[Ljava/lang/Object;I)V' in 'java/util/Vector')}
  0x000001f7b9361924: c075 1648 | bb28 6fb8 | 11f8 0100 | 0080 8b61 | 0100 0001 | e9f9 0000 | 0041 8b78 | 0849 ba00 
  0x000001f7b9361944: 0000 d0f7 | 0100 0049 | 03fa 8b58 | 0849 ba00 | 0000 d0f7 | 0100 0049 | 03da 488b | bfd0 0000 
  0x000001f7b9361964: 0048 3bdf | 0f84 2700 | 0000 8b4f | 1448 3b3c | 0b0f 841a | 0000 0083 | f920 0f85 | 9b00 0000 
  0x000001f7b9361984: ;   {runtime_call slow_subtype_check Runtime1 stub}
  0x000001f7b9361984: 5357 e875 | 67e0 065b | 5f85 ff0f | 848a 0000 

  0x000001f7b9361994: ;   {metadata(method data for {method} {0x000001f811193638} 'add' '(Ljava/lang/Object;[Ljava/lang/Object;I)V' in 'java/util/Vector')}
  0x000001f7b9361994: 0048 bb28 | 6fb8 11f8 | 0100 008b | 7808 49ba | 0000 00d0 | f701 0000 | 4903 fa48 | 3bbb 7801 
  0x000001f7b93619b4: 0000 750d | 4883 8380 | 0100 0001 | e971 0000 | 0048 3bbb | 8801 0000 | 750d 4883 | 8390 0100 
  0x000001f7b93619d4: 0001 e95b | 0000 0048 | 83bb 7801 | 0000 0075 | 1748 89bb | 7801 0000 | 48c7 8380 | 0100 0001 
  0x000001f7b93619f4: 0000 00e9 | 3a00 0000 | 4883 bb88 | 0100 0000 | 7517 4889 | bb88 0100 | 0048 c783 | 9001 0000 
  0x000001f7b9361a14: 0100 0000 | e919 0000 

  0x000001f7b9361a1c: ;   {metadata(method data for {method} {0x000001f811193638} 'add' '(Ljava/lang/Object;[Ljava/lang/Object;I)V' in 'java/util/Vector')}
  0x000001f7b9361a1c: 00eb 1748 | bb28 6fb8 | 11f8 0100 | 0048 83ab | 6801 0000 | 01e9 2e13 | 0000 4863 | fe49 8d7c 
  0x000001f7b9361a3c: b810 410f | be5f 4085 | db0f 8522 | 1300 004c | 8bd0 49c1 | ea03 4489 | 1748 8bdf | 4833 d848 
  0x000001f7b9361a5c: c1eb 1548 | 83fb 000f | 8522 1300 | 00ff c689 | 7210 488d | 8424 3001 | 0000 488b | 1048 85d2 
  0x000001f7b9361a7c: 0f84 0f00 | 0000 488b | 7008 f048 | 0fb1 160f | 8512 1300 | 0049 ff8f | 4805 0000 | 488d 8424 
  0x000001f7b9361a9c: 2001 0000 | 488b 1048 | 85d2 0f84 | 0f00 0000 | 488b 7008 | f048 0fb1 | 160f 85fe | 1200 0049 
  0x000001f7b9361abc: ff8f 4805 | 0000 bf01 | 0000 0089 | bc24 d400 | 0000 488b | 9424 b800 | 0000 8b72 | 1448 c1e6 
  0x000001f7b9361adc: 0348 85f6 

  0x000001f7b9361ae0: ;   {metadata(method data for {method} {0x000001f8128ec828} 'execute' '()Ljava/lang/Object;' in 'org/eclipse/e4/core/internal/di/MethodRequestor')}
  0x000001f7b9361ae0: 7516 48b8 | a0d9 7113 | f801 0000 | 8088 6902 | 0000 01e9 | cc00 0000 

  0x000001f7b9361af8: ;   {metadata('java/lang/reflect/Method')}
  0x000001f7b9361af8: 48b9 a805 | 04d0 f701 | 0000 8b5e | 0849 ba00 | 0000 d0f7 | 0100 0049 | 03da 483b | cb0f 858d 
  0x000001f7b9361b18: ;   {metadata(method data for {method} {0x000001f8128ec828} 'execute' '()Ljava/lang/Object;' in 'org/eclipse/e4/core/internal/di/MethodRequestor')}
  0x000001f7b9361b18: 0000 0048 | b8a0 d971 | 13f8 0100 | 008b 4e08 | 49ba 0000 | 00d0 f701 | 0000 4903 | ca48 3b88 
  0x000001f7b9361b38: 8002 0000 | 750d 4883 | 8088 0200 | 0001 e979 | 0000 0048 | 3b88 9002 | 0000 750d | 4883 8098 
  0x000001f7b9361b58: 0200 0001 | e963 0000 | 0048 83b8 | 8002 0000 | 0075 1748 | 8988 8002 | 0000 48c7 | 8088 0200 
  0x000001f7b9361b78: 0001 0000 | 00e9 4200 | 0000 4883 | b890 0200 | 0000 7517 | 4889 8890 | 0200 0048 | c780 9802 
  0x000001f7b9361b98: 0000 0100 | 0000 e921 | 0000 00e9 | 1c00 0000 

  0x000001f7b9361ba8: ;   {metadata(method data for {method} {0x000001f8128ec828} 'execute' '()Ljava/lang/Object;' in 'org/eclipse/e4/core/internal/di/MethodRequestor')}
  0x000001f7b9361ba8: 48b8 a0d9 | 7113 f801 | 0000 4883 | a870 0200 | 0001 e910 | 1200 00e9 | 0000 0000 

  0x000001f7b9361bc4: ; implicit exception: dispatches to 0x000001f7b9362dd8
  0x000001f7b9361bc4: 483b 0648 

  0x000001f7b9361bc8: ;   {metadata(method data for {method} {0x000001f8128ec828} 'execute' '()Ljava/lang/Object;' in 'org/eclipse/e4/core/internal/di/MethodRequestor')}
  0x000001f7b9361bc8: 8bde 48b8 | a0d9 7113 | f801 0000 | 4883 80a8 | 0200 0001 

  0x000001f7b9361bdc: ;   {optimized virtual_call}
  0x000001f7b9361bdc: 488b d6e8 

  0x000001f7b9361be0: ; ImmutableOopMap {[184]=Oop [192]=Oop }
                      ;*invokevirtual trySetAccessible {reexecute=0 rethrow=0 return_oop=0}
                      ; - org.eclipse.e4.core.internal.di.MethodRequestor::execute@61 (line 55)
  0x000001f7b9361be0: 9ce6 f9ff 

  0x000001f7b9361be4: ;   {other}
  0x000001f7b9361be4: 0f1f 8400 | 5414 0006 | 488b 9424 | b800 0000 | 8b72 1448 | c1e6 0348 | 85f6 7516 

  0x000001f7b9361c00: ;   {metadata(method data for {method} {0x000001f8128ec828} 'execute' '()Ljava/lang/Object;' in 'org/eclipse/e4/core/internal/di/MethodRequestor')}
  0x000001f7b9361c00: 48bb a0d9 | 7113 f801 | 0000 808b | d902 0000 | 01e9 cc00 

  0x000001f7b9361c14: ;   {metadata('java/lang/reflect/Method')}
  0x000001f7b9361c14: 0000 48b8 | a805 04d0 | f701 0000 | 8b7e 0849 | ba00 0000 | d0f7 0100 | 0049 03fa | 483b c70f 
  0x000001f7b9361c34: 858d 0000 

  0x000001f7b9361c38: ;   {metadata(method data for {method} {0x000001f8128ec828} 'execute' '()Ljava/lang/Object;' in 'org/eclipse/e4/core/internal/di/MethodRequestor')}
  0x000001f7b9361c38: 0048 bba0 | d971 13f8 | 0100 008b | 4608 49ba | 0000 00d0 | f701 0000 | 4903 c248 | 3b83 f002 
  0x000001f7b9361c58: 0000 750d | 4883 83f8 | 0200 0001 | e979 0000 | 0048 3b83 | 0003 0000 | 750d 4883 | 8308 0300 
  0x000001f7b9361c78: 0001 e963 | 0000 0048 | 83bb f002 | 0000 0075 | 1748 8983 | f002 0000 | 48c7 83f8 | 0200 0001 
  0x000001f7b9361c98: 0000 00e9 | 4200 0000 | 4883 bb00 | 0300 0000 | 7517 4889 | 8300 0300 | 0048 c783 | 0803 0000 
  0x000001f7b9361cb8: 0100 0000 | e921 0000 | 00e9 1c00 

  0x000001f7b9361cc4: ;   {metadata(method data for {method} {0x000001f8128ec828} 'execute' '()Ljava/lang/Object;' in 'org/eclipse/e4/core/internal/di/MethodRequestor')}
  0x000001f7b9361cc4: 0000 48bb | a0d9 7113 | f801 0000 | 4883 abe0 | 0200 0001 | e900 1100 | 00e9 0000 | 0000 4889 
  0x000001f7b9361ce4: b424 e000 | 0000 8b7a | 2848 c1e7 | 0348 3b06 

  0x000001f7b9361cf4: ;   {metadata(method data for {method} {0x000001f8128ec828} 'execute' '()Ljava/lang/Object;' in 'org/eclipse/e4/core/internal/di/MethodRequestor')}
  0x000001f7b9361cf4: 488b de48 | b8a0 d971 | 13f8 0100 | 0048 8380 | 1803 0000 

  0x000001f7b9361d08: ;   {metadata(method data for {method} {0x000001f7d0043cd8} 'invoke' '(Ljava/lang/Object;[Ljava/lang/Object;)Ljava/lang/Object;' in 'java/lang/reflect/Method')}
  0x000001f7b9361d08: 0148 bb68 | 6036 11f8 | 0100 008b | 83cc 0000 | 0083 c002 | 8983 cc00 | 0000 25fe | ff1f 0085 
  0x000001f7b9361d28: c00f 84bc | 1000 0048 

  0x000001f7b9361d30: ;   {metadata(method data for {method} {0x000001f7d0043cd8} 'invoke' '(Ljava/lang/Object;[Ljava/lang/Object;)Ljava/lang/Object;' in 'java/lang/reflect/Method')}
  0x000001f7b9361d30: 8bde 48b8 | 6860 3611 | f801 0000 | 4883 8010 | 0100 0001 | 488b d648 | 89bc 24e8 

  0x000001f7b9361d4c: ;   {optimized virtual_call}
  0x000001f7b9361d4c: 0000 00e8 

  0x000001f7b9361d50: ; ImmutableOopMap {[184]=Oop [192]=Oop [224]=Oop [232]=Oop }
                      ;*invokevirtual isCallerSensitive {reexecute=0 rethrow=0 return_oop=0}
                      ; - java.lang.reflect.Method::invoke@1
                      ; - org.eclipse.e4.core.internal.di.MethodRequestor::execute@77 (line 56)
  0x000001f7b9361d50: ac12 b7ff 

  0x000001f7b9361d54: ;   {other}
  0x000001f7b9361d54: 0f1f 8400 | c415 0007 | 488b b424 | e000 0000 | 0fbe 7e0c 

  0x000001f7b9361d68: ;   {metadata(method data for {method} {0x000001f7d0043cd8} 'invoke' '(Ljava/lang/Object;[Ljava/lang/Object;)Ljava/lang/Object;' in 'java/lang/reflect/Method')}
  0x000001f7b9361d68: 85ff 48bf | 6860 3611 | f801 0000 | 48c7 c348 | 0100 0074 | 0748 c7c3 | 5801 0000 | 488b 141f 
  0x000001f7b9361d88: 488d 5201 | 4889 141f | 0f84 4400 | 0000 85c0 

  0x000001f7b9361d98: ;   {metadata(method data for {method} {0x000001f7d0043cd8} 'invoke' '(Ljava/lang/Object;[Ljava/lang/Object;)Ljava/lang/Object;' in 'java/lang/reflect/Method')}
  0x000001f7b9361d98: 48bf 6860 | 3611 f801 | 0000 48c7 | c378 0100 | 0075 0748 | c7c3 6801 | 0000 488b | 141f 488d 
  0x000001f7b9361db8: 5201 4889 | 141f 0f85 | 1600 0000 

  0x000001f7b9361dc4: ;   {oop(nullptr)}
  0x000001f7b9361dc4: 48bb 0000 | 0000 0000 | 0000 8984 | 24f0 0000 | 00e9 3500 | 0000 8984 | 24f0 0000 

  0x000001f7b9361de0: ;   {metadata(method data for {method} {0x000001f7d0043cd8} 'invoke' '(Ljava/lang/Object;[Ljava/lang/Object;)Ljava/lang/Object;' in 'java/lang/reflect/Method')}
  0x000001f7b9361de0: 0048 bf68 | 6036 11f8 | 0100 0048 | 8387 8801 | 0000 010f 

  0x000001f7b9361df4: ;   {static_call}
  0x000001f7b9361df4: 1f40 00e8 

  0x000001f7b9361df8: ; ImmutableOopMap {[184]=Oop [192]=Oop [224]=Oop [232]=Oop }
                      ;*invokestatic getCallerClass {reexecute=0 rethrow=0 return_oop=0}
                      ; - java.lang.reflect.Method::invoke@19
                      ; - org.eclipse.e4.core.internal.di.MethodRequestor::execute@77 (line 56)
  0x000001f7b9361df8: 84d2 d306 

  0x000001f7b9361dfc: ;   {other}
  0x000001f7b9361dfc: 0f1f 8400 | 6c16 0008 | 488b d848 | 8bb4 24e0 | 0000 0044 | 0fbe 460c 

  0x000001f7b9361e14: ;   {metadata(method data for {method} {0x000001f7d0043cd8} 'invoke' '(Ljava/lang/Object;[Ljava/lang/Object;)Ljava/lang/Object;' in 'java/lang/reflect/Method')}
  0x000001f7b9361e14: 4585 c049 | b868 6036 | 11f8 0100 | 0049 c7c1 | a801 0000 | 7407 49c7 | c198 0100 | 004b 8b3c 
  0x000001f7b9361e34: 0848 8d7f | 014b 893c | 080f 840d | 0000 0048 | 899c 24f8 | 0000 00e9 | 7401 0000 | 448b 4e24 
  0x000001f7b9361e54: 49c1 e103 

  0x000001f7b9361e58: ;   {metadata(method data for {method} {0x000001f7d0043cd8} 'invoke' '(Ljava/lang/Object;[Ljava/lang/Object;)Ljava/lang/Object;' in 'java/lang/reflect/Method')}
  0x000001f7b9361e58: 8b56 2049 | b868 6036 | 11f8 0100 | 0049 8380 | b801 0000 

  0x000001f7b9361e6c: ;   {metadata(method data for {method} {0x000001f7d03dc098} 'isStatic' '(I)Z' in 'java/lang/reflect/Modifier')}
  0x000001f7b9361e6c: 0149 b858 | 6c06 11f8 | 0100 0041 | 8bb8 cc00 | 0000 83c7 | 0241 89b8 | cc00 0000 | 81e7 feff 
  0x000001f7b9361e8c: 1f00 85ff | 0f84 760f | 0000 4c8b | c241 83e0 | 0845 85c0 

  0x000001f7b9361ea0: ;   {metadata(method data for {method} {0x000001f7d03dc098} 'isStatic' '(I)Z' in 'java/lang/reflect/Modifier')}
  0x000001f7b9361ea0: 49b8 586c | 0611 f801 | 0000 48c7 | c710 0100 | 0074 0748 | c7c7 2001 | 0000 498b | 0438 488d 
  0x000001f7b9361ec0: 4001 4989 | 0438 0f84 | 1c00 0000 

  0x000001f7b9361ecc: ;   {metadata(method data for {method} {0x000001f7d03dc098} 'isStatic' '(I)Z' in 'java/lang/reflect/Modifier')}
  0x000001f7b9361ecc: 49b8 586c | 0611 f801 | 0000 41ff | 8030 0100 | 0041 b801 | 0000 00e9 | 0600 0000 | 41b8 0000 
  0x000001f7b9361eec: 0000 4183 | e001 4585 

  0x000001f7b9361ef4: ;   {metadata(method data for {method} {0x000001f7d0043cd8} 'invoke' '(Ljava/lang/Object;[Ljava/lang/Object;)Ljava/lang/Object;' in 'java/lang/reflect/Method')}
  0x000001f7b9361ef4: c049 b868 | 6036 11f8 | 0100 0048 | c7c7 c801 | 0000 7407 | 48c7 c7d8 | 0100 0049 | 8b04 3848 
  0x000001f7b9361f14: 8d40 0149 | 8904 380f | 8420 0000 

  0x000001f7b9361f20: ;   {metadata(method data for {method} {0x000001f7d0043cd8} 'invoke' '(Ljava/lang/Object;[Ljava/lang/Object;)Ljava/lang/Object;' in 'java/lang/reflect/Method')}
  0x000001f7b9361f20: 0049 b868 | 6036 11f8 | 0100 0041 | ff80 e801 

  0x000001f7b9361f30: ;   {oop(nullptr)}
  0x000001f7b9361f30: 0000 48bf | 0000 0000 | 0000 0000 | e943 0000 | 0048 8b84 | 24c0 0000 | 0048 3b00 

  0x000001f7b9361f4c: ;   {metadata(method data for {method} {0x000001f7d0043cd8} 'invoke' '(Ljava/lang/Object;[Ljava/lang/Object;)Ljava/lang/Object;' in 'java/lang/reflect/Method')}
  0x000001f7b9361f4c: 4c8b c048 | bf68 6036 | 11f8 0100 | 0048 8387 | 0002 0000 | 0144 8b40 | 0849 ba00 | 0000 d0f7 
  0x000001f7b9361f6c: 0100 004d | 03c2 4d8b | 4070 4d8b | 0049 8bf8 | 4889 8424 | c000 0000 

  0x000001f7b9361f84: ;   {metadata(method data for {method} {0x000001f7d0043cd8} 'invoke' '(Ljava/lang/Object;[Ljava/lang/Object;)Ljava/lang/Object;' in 'java/lang/reflect/Method')}
  0x000001f7b9361f84: 4c8b c648 | b968 6036 | 11f8 0100 | 0048 8381 | 3802 0000 | 014c 8bc3 | 488b ce48 | 8bf2 488b 
  0x000001f7b9361fa4: d148 899c | 24f8 0000 

  0x000001f7b9361fac: ;   {optimized virtual_call}
  0x000001f7b9361fac: 0066 90e8 

  0x000001f7b9361fb0: ; ImmutableOopMap {[184]=Oop [192]=Oop [224]=Oop [232]=Oop [248]=Oop }
                      ;*invokevirtual checkAccess {reexecute=0 rethrow=0 return_oop=0}
                      ; - java.lang.reflect.Method::invoke@60
                      ; - org.eclipse.e4.core.internal.di.MethodRequestor::execute@77 (line 56)
  0x000001f7b9361fb0: ccca d306 

  0x000001f7b9361fb4: ;   {other}
  0x000001f7b9361fb4: 0f1f 8400 | 2418 0009 | 488b b424 | e000 0000 | 8b56 4c48 | c1e2 0348 

  0x000001f7b9361fcc: ;   {metadata(method data for {method} {0x000001f7d0043cd8} 'invoke' '(Ljava/lang/Object;[Ljava/lang/Object;)Ljava/lang/Object;' in 'java/lang/reflect/Method')}
  0x000001f7b9361fcc: 85d2 48bf | 6860 3611 | f801 0000 | 48c7 c370 | 0200 0075 | 0748 c7c3 | 8002 0000 | 488b 041f 
  0x000001f7b9361fec: 488d 4001 | 4889 041f | 0f85 2d00 | 0000 488b 

  0x000001f7b9361ffc: ;   {metadata(method data for {method} {0x000001f7d0043cd8} 'invoke' '(Ljava/lang/Object;[Ljava/lang/Object;)Ljava/lang/Object;' in 'java/lang/reflect/Method')}
  0x000001f7b9361ffc: d648 bf68 | 6036 11f8 | 0100 0048 | 8387 9002 | 0000 0148 | 8bd6 0f1f 

  0x000001f7b9362014: ;   {optimized virtual_call}
  0x000001f7b9362014: 4400 00e8 

  0x000001f7b9362018: ; ImmutableOopMap {[184]=Oop [192]=Oop [232]=Oop [248]=Oop }
                      ;*invokevirtual acquireMethodAccessor {reexecute=0 rethrow=0 return_oop=0}
                      ; - java.lang.reflect.Method::invoke@75
                      ; - org.eclipse.e4.core.internal.di.MethodRequestor::execute@77 (line 56)
  0x000001f7b9362018: 8d12 0000 

  0x000001f7b936201c: ;   {other}
  0x000001f7b936201c: 0f1f 8400 | 8c18 000a | 488b d08b | 8424 f000 | 0000 85c0 

  0x000001f7b9362030: ;   {metadata(method data for {method} {0x000001f7d0043cd8} 'invoke' '(Ljava/lang/Object;[Ljava/lang/Object;)Ljava/lang/Object;' in 'java/lang/reflect/Method')}
  0x000001f7b9362030: 49b8 6860 | 3611 f801 | 0000 49c7 | c1c8 0200 | 0074 0749 | c7c1 d802 | 0000 4b8b | 3c08 488d 
  0x000001f7b9362050: 7f01 4b89 | 3c08 0f84 | e600 0000 | 488b 9c24 | f800 0000 

  0x000001f7b9362064: ; implicit exception: dispatches to 0x000001f7b9362e32
  0x000001f7b9362064: 483b 024c 

  0x000001f7b9362068: ;   {metadata(method data for {method} {0x000001f7d0043cd8} 'invoke' '(Ljava/lang/Object;[Ljava/lang/Object;)Ljava/lang/Object;' in 'java/lang/reflect/Method')}
  0x000001f7b9362068: 8bc2 49b9 | 6860 3611 | f801 0000 | 458b 4008 | 49ba 0000 | 00d0 f701 | 0000 4d03 | c24d 3b81 
  0x000001f7b9362088: f802 0000 | 750d 4983 | 8100 0300 | 0001 e960 | 0000 004d | 3b81 0803 | 0000 750d | 4983 8110 
  0x000001f7b93620a8: 0300 0001 | e94a 0000 | 0049 83b9 | f802 0000 | 0075 174d | 8981 f802 | 0000 49c7 | 8100 0300 
  0x000001f7b93620c8: 0001 0000 | 00e9 2900 | 0000 4983 | b908 0300 | 0000 7517 | 4d89 8108 | 0300 0049 | c781 1003 
  0x000001f7b93620e8: 0000 0100 | 0000 e908 | 0000 0049 | 8381 e802 | 0000 014c | 8b84 24c0 | 0000 004c | 8b8c 24e8 
  0x000001f7b9362108: 0000 0048 | 8bfb 0f1f | 8000 0000 | 0048 b8ff | ffff ffff 

  0x000001f7b936211c: ;   {virtual_call}
  0x000001f7b936211c: ffff ffe8 

  0x000001f7b9362120: ; ImmutableOopMap {[184]=Oop }
                      ;*invokeinterface invoke {reexecute=0 rethrow=0 return_oop=0}
                      ; - java.lang.reflect.Method::invoke@90
                      ; - org.eclipse.e4.core.internal.di.MethodRequestor::execute@77 (line 56)
  0x000001f7b9362120: 5ccc d306 

  0x000001f7b9362124: ;   {other}
  0x000001f7b9362124: 0f1f 8400 | 9419 000b 

  0x000001f7b936212c: ;   {metadata(method data for {method} {0x000001f7d0043cd8} 'invoke' '(Ljava/lang/Object;[Ljava/lang/Object;)Ljava/lang/Object;' in 'java/lang/reflect/Method')}
  0x000001f7b936212c: 49b8 6860 | 3611 f801 | 0000 41ff | 8020 0300 | 00e9 c200 | 0000 488b | bc24 e800 | 0000 483b 
  0x000001f7b936214c: 024c 8bc2 

  0x000001f7b9362150: ;   {metadata(method data for {method} {0x000001f7d0043cd8} 'invoke' '(Ljava/lang/Object;[Ljava/lang/Object;)Ljava/lang/Object;' in 'java/lang/reflect/Method')}
  0x000001f7b9362150: 49b9 6860 | 3611 f801 | 0000 458b | 4008 49ba | 0000 00d0 | f701 0000 | 4d03 c24d | 3b81 4803 
  0x000001f7b9362170: 0000 750d | 4983 8150 | 0300 0001 | e960 0000 | 004d 3b81 | 5803 0000 | 750d 4983 | 8160 0300 
  0x000001f7b9362190: 0001 e94a | 0000 0049 | 83b9 4803 | 0000 0075 | 174d 8981 | 4803 0000 | 49c7 8150 | 0300 0001 
  0x000001f7b93621b0: 0000 00e9 | 2900 0000 | 4983 b958 | 0300 0000 | 7517 4d89 | 8158 0300 | 0049 c781 | 6003 0000 
  0x000001f7b93621d0: 0100 0000 | e908 0000 | 0049 8381 | 3803 0000 | 014c 8b84 | 24c0 0000 | 004c 8bcf | 9048 b8b8 
  0x000001f7b93621f0: dc19 d0f7 

  0x000001f7b93621f4: ;   {virtual_call}
  0x000001f7b93621f4: 0100 00e8 

  0x000001f7b93621f8: ; ImmutableOopMap {[184]=Oop }
                      ;*invokeinterface invoke {reexecute=0 rethrow=0 return_oop=0}
                      ; - java.lang.reflect.Method::invoke@102
                      ; - org.eclipse.e4.core.internal.di.MethodRequestor::execute@77 (line 56)
  0x000001f7b93621f8: 6468 b7ff 

  0x000001f7b93621fc: ;   {other}
  0x000001f7b93621fc: 0f1f 8400 | 6c1a 000c 

  0x000001f7b9362204: ;   {metadata(method data for {method} {0x000001f8128ec828} 'execute' '()Ljava/lang/Object;' in 'org/eclipse/e4/core/internal/di/MethodRequestor')}
  0x000001f7b9362204: 48ba a0d9 | 7113 f801 | 0000 ff82 | 5003 0000 | 8bbc 24d4 | 0000 0085 

  0x000001f7b936221c: ;   {metadata(method data for {method} {0x000001f8128ec828} 'execute' '()Ljava/lang/Object;' in 'org/eclipse/e4/core/internal/di/MethodRequestor')}
  0x000001f7b936221c: ff48 baa0 | d971 13f8 | 0100 0048 | c7c6 1805 | 0000 7407 | 48c7 c628 | 0500 0048 | 8b3c 3248 
  0x000001f7b936223c: 8d7f 0148 | 893c 3248 | 8984 2400 | 0100 000f | 844b 0000 | 0048 8b94 | 24b8 0000 | 008b 7220 
  0x000001f7b936225c: 48c1 e603 

  0x000001f7b9362260: ; implicit exception: dispatches to 0x000001f7b9362e3c
  0x000001f7b9362260: 483b 0648 

  0x000001f7b9362264: ;   {metadata(method data for {method} {0x000001f8128ec828} 'execute' '()Ljava/lang/Object;' in 'org/eclipse/e4/core/internal/di/MethodRequestor')}
  0x000001f7b9362264: 8bfe 48bb | a0d9 7113 | f801 0000 

  0x000001f7b9362270: ;   {metadata('org/eclipse/e4/core/internal/contexts/ContextObjectSupplier')}
  0x000001f7b9362270: 49ba a8f6 | 2bd1 f701 | 0000 4c89 | 9348 0500 | 0048 8383 | 5005 0000 | 0148 8bd6 

  0x000001f7b936228c: ;   {optimized virtual_call}
  0x000001f7b936228c: 6666 90e8 

  0x000001f7b9362290: ; ImmutableOopMap {[184]=Oop [256]=Oop }
                      ;*invokevirtual resumeRecording {reexecute=0 rethrow=0 return_oop=0}
                      ; - org.eclipse.e4.core.internal.di.MethodRequestor::execute@167 (line 69)
  0x000001f7b9362290: ec62 f9ff 

  0x000001f7b9362294: ;   {other}
  0x000001f7b9362294: 0f1f 8400 | 041b 000d | 488b 9424 | b800 0000 

  0x000001f7b93622a4: ;   {metadata(method data for {method} {0x000001f8128ec828} 'execute' '()Ljava/lang/Object;' in 'org/eclipse/e4/core/internal/di/MethodRequestor')}
  0x000001f7b93622a4: 488b c248 | bea0 d971 | 13f8 0100 | 008b 4008 | 49ba 0000 | 00d0 f701 | 0000 4903 | c248 3b86 
  0x000001f7b93622c4: 8005 0000 | 750d 4883 | 8688 0500 | 0001 e960 | 0000 0048 | 3b86 9005 | 0000 750d | 4883 8698 
  0x000001f7b93622e4: 0500 0001 | e94a 0000 | 0048 83be | 8005 0000 | 0075 1748 | 8986 8005 | 0000 48c7 | 8688 0500 
  0x000001f7b9362304: 0001 0000 | 00e9 2900 | 0000 4883 | be90 0500 | 0000 7517 | 4889 8690 | 0500 0048 | c786 9805 
  0x000001f7b9362324: 0000 0100 | 0000 e908 | 0000 0048 | 8386 7005 

  0x000001f7b9362334: ;   {metadata(method data for {method} {0x000001f8128ea8d8} 'clearResolvedArgs' '()V' in 'org/eclipse/e4/core/internal/di/Requestor')}
  0x000001f7b9362334: 0000 0148 | b8d0 c271 | 13f8 0100 | 008b b0cc | 0000 0083 | c602 89b0 | cc00 0000 | 81e6 feff 
  0x000001f7b9362354: 1f00 85f6 | 0f84 e30a | 0000 448b | 4228 49c1 | e003 4d85 

  0x000001f7b9362368: ;   {metadata(method data for {method} {0x000001f8128ea8d8} 'clearResolvedArgs' '()V' in 'org/eclipse/e4/core/internal/di/Requestor')}
  0x000001f7b9362368: c048 b8d0 | c271 13f8 | 0100 0048 | c7c6 1001 | 0000 7507 | 48c7 c620 | 0100 0048 | 8b3c 3048 
  0x000001f7b9362388: 8d7f 0148 | 893c 300f | 852c 0200 | 00e9 7602 | 0000 488b | 9424 b800 | 0000 498b | 87f8 0400 
  0x000001f7b93623a8: 004d 33d2 | 4d89 97f8 | 0400 004d | 33d2 4d89 | 9700 0500 | 0048 8bd8 

  0x000001f7b93623c0: ;   {metadata(method data for {method} {0x000001f8128ec828} 'execute' '()Ljava/lang/Object;' in 'org/eclipse/e4/core/internal/di/MethodRequestor')}
  0x000001f7b93623c0: 488b f348 | b8a0 d971 | 13f8 0100 

  0x000001f7b93623cc: ;   {metadata('java/lang/reflect/InvocationTargetException')}
  0x000001f7b93623cc: 0049 ba78 | 5304 d1f7 | 0100 004c | 8990 8803 | 0000 4883 | 8090 0300 | 0001 448b | 4324 49c1 
  0x000001f7b93623ec: e003 4d85 

  0x000001f7b93623f0: ;   {metadata(method data for {method} {0x000001f8128ec828} 'execute' '()Ljava/lang/Object;' in 'org/eclipse/e4/core/internal/di/MethodRequestor')}
  0x000001f7b93623f0: c075 1648 | b9a0 d971 | 13f8 0100 | 0080 89a9 | 0300 0001 | e9cf 0000 

  0x000001f7b9362408: ;   {metadata('java/lang/Error')}
  0x000001f7b9362408: 0049 b9c8 | 0701 d0f7 | 0100 0041 | 8b48 0849 | ba00 0000 | d0f7 0100 | 0049 03ca | 4c3b 4940 
  0x000001f7b9362428: 0f85 8e00 

  0x000001f7b936242c: ;   {metadata(method data for {method} {0x000001f8128ec828} 'execute' '()Ljava/lang/Object;' in 'org/eclipse/e4/core/internal/di/MethodRequestor')}
  0x000001f7b936242c: 0000 48b9 | a0d9 7113 | f801 0000 | 458b 4808 | 49ba 0000 | 00d0 f701 | 0000 4d03 | ca4c 3b89 
  0x000001f7b936244c: c003 0000 | 750d 4883 | 81c8 0300 | 0001 e97e | 0000 004c | 3b89 d003 | 0000 750d | 4883 81d8 
  0x000001f7b936246c: 0300 0001 | e968 0000 | 0048 83b9 | c003 0000 | 0075 174c | 8989 c003 | 0000 48c7 | 81c8 0300 
  0x000001f7b936248c: 0001 0000 | 00e9 4700 | 0000 4883 | b9d0 0300 | 0000 7517 | 4c89 89d0 | 0300 0048 | c781 d803 
  0x000001f7b93624ac: 0000 0100 | 0000 e926 | 0000 00e9 | 2100 0000 

  0x000001f7b93624bc: ;   {metadata(method data for {method} {0x000001f8128ec828} 'execute' '()Ljava/lang/Object;' in 'org/eclipse/e4/core/internal/di/MethodRequestor')}
  0x000001f7b93624bc: 48b9 a0d9 | 7113 f801 | 0000 4883 | a9b0 0300 | 0001 e905 | 0000 00e9 | 0500 0000 | 4833 f6eb 
  0x000001f7b93624dc: 0748 c7c6 | 0100 0000 

  0x000001f7b93624e4: ;   {metadata(method data for {method} {0x000001f8128ec828} 'execute' '()Ljava/lang/Object;' in 'org/eclipse/e4/core/internal/di/MethodRequestor')}
  0x000001f7b93624e4: 85f6 48be | a0d9 7113 | f801 0000 | 48c7 c0f8 | 0300 0075 | 0748 c7c0 | e803 0000 | 488b 0c06 
  0x000001f7b9362504: 488d 4901 | 4889 0c06 | 89bc 24d4 | 0000 000f | 85b3 0100 | 000f 1f80 | 0000 0000 

  0x000001f7b9362520: ;   {no_reloc}
  0x000001f7b9362520: e94c 0900 | 0000 0000 | 0000 80ba | 2101 0000 | 040f 8549 | 0900 0049 | 8b87 b801 | 0000 488d 
  0x000001f7b9362540: 7828 493b | bfc8 0100 | 000f 8731 | 0900 0049 | 89bf b801 | 0000 48c7 | 0001 0000 | 0048 8bca 
  0x000001f7b9362560: 49ba 0000 | 00d0 f701 | 0000 492b | ca89 4808 | 4833 c989 | 480c 4833 | c948 8948 | 1048 8948 
  0x000001f7b9362580: 1848 8948 | 204d 85c0 

  0x000001f7b9362588: ;   {metadata(method data for {method} {0x000001f8128ec828} 'execute' '()Ljava/lang/Object;' in 'org/eclipse/e4/core/internal/di/MethodRequestor')}
  0x000001f7b9362588: 48ba a0d9 | 7113 f801 | 0000 48c7 | c640 0400 | 0074 0748 | c7c6 5004 | 0000 488b | 3c32 488d 
  0x000001f7b93625a8: 7f01 4889 | 3c32 488b | 9424 b800 | 0000 0f84 | c700 0000 | e9ad 0000 

  0x000001f7b93625c0: ;   {metadata(method data for {method} {0x000001f8128ea8d8} 'clearResolvedArgs' '()V' in 'org/eclipse/e4/core/internal/di/Requestor')}
  0x000001f7b93625c0: 0048 bed0 | c271 13f8 | 0100 0048 | 8386 3001 | 0000 0149 

  0x000001f7b93625d4: ;   {oop(nullptr)}
  0x000001f7b93625d4: 8bd0 49b8 | 0000 0000 | 0000 0000 | 0f1f 8000 

  0x000001f7b93625e4: ;   {static_call}
  0x000001f7b93625e4: 0000 00e8 

  0x000001f7b93625e8: ; ImmutableOopMap {[184]=Oop [256]=Oop }
                      ;*invokestatic fill {reexecute=0 rethrow=0 return_oop=0}
                      ; - org.eclipse.e4.core.internal.di.Requestor::clearResolvedArgs@13 (line 195)
                      ; - org.eclipse.e4.core.internal.di.MethodRequestor::execute@171 (line 70)
  0x000001f7b93625e8: d4f2 8500 

  0x000001f7b93625ec: ;   {other}
  0x000001f7b93625ec: 0f1f 8400 | 5c1e 000e | 410f be47 | 4085 c048 | 8b94 24b8 | 0000 000f | 8584 0800 | 00c7 4228 
  0x000001f7b936260c: 0000 0000 | 488b 8424 | 0001 0000 | 4881 c450 | 0100 005d 

  0x000001f7b9362620: ;   {poll_return}
  0x000001f7b9362620: 493b a748 | 0400 000f | 877f 0800 

  0x000001f7b936262c: ;   {oop(nullptr)}
  0x000001f7b936262c: 00c3 48b8 | 0000 0000 | 0000 0000 | 4881 c450 | 0100 005d 

  0x000001f7b9362640: ;   {poll_return}
  0x000001f7b9362640: 493b a748 | 0400 000f | 8775 0800 

  0x000001f7b936264c: ;   {oop(nullptr)}
  0x000001f7b936264c: 00c3 48b8 | 0000 0000 | 0000 0000 | 4881 c450 | 0100 005d 

  0x000001f7b9362660: ;   {poll_return}
  0x000001f7b9362660: 493b a748 | 0400 000f | 876b 0800 

  0x000001f7b936266c: ;   {metadata(method data for {method} {0x000001f8128ec828} 'execute' '()Ljava/lang/Object;' in 'org/eclipse/e4/core/internal/di/MethodRequestor')}
  0x000001f7b936266c: 00c3 48be | a0d9 7113 | f801 0000 | ff86 6004 | 0000 e903 | 0000 004c | 8bc3 488b 

  0x000001f7b9362688: ;   {metadata(method data for {method} {0x000001f8128ec828} 'execute' '()Ljava/lang/Object;' in 'org/eclipse/e4/core/internal/di/MethodRequestor')}
  0x000001f7b9362688: f048 bba0 | d971 13f8 | 0100 0048 | 8383 7804 | 0000 0148 | 8bd0 4889 | 8424 0801 

  0x000001f7b93626a4: ;   {optimized virtual_call}
  0x000001f7b93626a4: 0000 90e8 

  0x000001f7b93626a8: ; ImmutableOopMap {[184]=Oop [264]=Oop }
                      ;*invokespecial <init> {reexecute=0 rethrow=0 return_oop=0}
                      ; - org.eclipse.e4.core.internal.di.MethodRequestor::execute@135 (line 66)
  0x000001f7b93626a8: d4c3 d306 

  0x000001f7b93626ac: ;   {other}
  0x000001f7b93626ac: 0f1f 8400 | 1c1f 000f | 488b 8424 

  0x000001f7b93626b8: ; ImmutableOopMap {rax=Oop [184]=Oop }
                      ;*athrow {reexecute=1 rethrow=0 return_oop=0}
                      ; - (reexecute) org.eclipse.e4.core.internal.di.MethodRequestor::execute@138 (line 66)
  0x000001f7b93626b8: 0801 0000 

  0x000001f7b93626bc: ;   {section_word}
  0x000001f7b93626bc: 48ba bc26 | 36b9 f701 

  0x000001f7b93626c4: ;   {runtime_call handle_exception_nofpu Runtime1 stub}
  0x000001f7b93626c4: 0000 e8b5 | 43e0 0690 | 4d85 c075 

  0x000001f7b93626d0: ;   {metadata(method data for {method} {0x000001f8128ec828} 'execute' '()Ljava/lang/Object;' in 'org/eclipse/e4/core/internal/di/MethodRequestor')}
  0x000001f7b93626d0: 1648 bea0 | d971 13f8 | 0100 0080 | 8e01 0400 | 0001 e9cf 

  0x000001f7b93626e4: ;   {metadata('java/lang/Error')}
  0x000001f7b93626e4: 0000 0048 | bfc8 0701 | d0f7 0100 | 0041 8b70 | 0849 ba00 | 0000 d0f7 | 0100 0049 | 03f2 483b 
  0x000001f7b9362704: 7e40 0f85 | 8e00 0000 

  0x000001f7b936270c: ;   {metadata(method data for {method} {0x000001f8128ec828} 'execute' '()Ljava/lang/Object;' in 'org/eclipse/e4/core/internal/di/MethodRequestor')}
  0x000001f7b936270c: 48be a0d9 | 7113 f801 | 0000 418b | 7808 49ba | 0000 00d0 | f701 0000 | 4903 fa48 | 3bbe 1804 
  0x000001f7b936272c: 0000 750d | 4883 8620 | 0400 0001 | e979 0000 | 0048 3bbe | 2804 0000 | 750d 4883 | 8630 0400 
  0x000001f7b936274c: 0001 e963 | 0000 0048 | 83be 1804 | 0000 0075 | 1748 89be | 1804 0000 | 48c7 8620 | 0400 0001 
  0x000001f7b936276c: 0000 00e9 | 4200 0000 | 4883 be28 | 0400 0000 | 7517 4889 | be28 0400 | 0048 c786 | 3004 0000 
  0x000001f7b936278c: 0100 0000 | e921 0000 | 00e9 1c00 

  0x000001f7b9362798: ;   {metadata(method data for {method} {0x000001f8128ec828} 'execute' '()Ljava/lang/Object;' in 'org/eclipse/e4/core/internal/di/MethodRequestor')}
  0x000001f7b9362798: 0000 48be | a0d9 7113 | f801 0000 | 4883 ae08 | 0400 0001 | e93d 0700 | 00e9 0000 | 0000 498b 
  0x000001f7b93627b8: ; ImmutableOopMap {rax=Oop [184]=Oop }
                      ;*athrow {reexecute=1 rethrow=0 return_oop=0}
                      ; - (reexecute) org.eclipse.e4.core.internal.di.MethodRequestor::execute@118 (line 64)
  0x000001f7b93627b8: c048 3b00 

  0x000001f7b93627bc: ;   {section_word}
  0x000001f7b93627bc: 48ba bc27 | 36b9 f701 

  0x000001f7b93627c4: ;   {runtime_call handle_exception_nofpu Runtime1 stub}
  0x000001f7b93627c4: 0000 e8b5 | 42e0 0690 | 498b 87f8 | 0400 004d | 33d2 4d89 | 97f8 0400 | 004d 33d2 | 4d89 9700 
  0x000001f7b93627e4: 0500 004c | 8bc0 660f | 1f44 0000 

  0x000001f7b93627f0: ;   {no_reloc}
  0x000001f7b93627f0: e916 0700 | 0000 0000 | 0000 80ba | 2101 0000 | 040f 8513 | 0700 0049 | 8b87 b801 | 0000 488d 
  0x000001f7b9362810: 7828 493b | bfc8 0100 | 000f 87fb | 0600 0049 | 89bf b801 | 0000 48c7 | 0001 0000 | 0048 8bca 
  0x000001f7b9362830: 49ba 0000 | 00d0 f701 | 0000 492b | ca89 4808 | 4833 c989 | 480c 4833 | c948 8948 | 1048 8948 
  0x000001f7b9362850: 1848 8948 | 2048 8bd0 

  0x000001f7b9362858: ;   {metadata(method data for {method} {0x000001f8128ec828} 'execute' '()Ljava/lang/Object;' in 'org/eclipse/e4/core/internal/di/MethodRequestor')}
  0x000001f7b9362858: 48be a0d9 | 7113 f801 | 0000 4883 | 8668 0300 | 0001 488b | d048 8984 | 2410 0100 

  0x000001f7b9362874: ;   {optimized virtual_call}
  0x000001f7b9362874: 0066 90e8 

  0x000001f7b9362878: ; ImmutableOopMap {[184]=Oop [272]=Oop }
                      ;*invokespecial <init> {reexecute=0 rethrow=0 return_oop=0}
                      ; - org.eclipse.e4.core.internal.di.MethodRequestor::execute@92 (line 58)
  0x000001f7b9362878: 04c2 d306 

  0x000001f7b936287c: ;   {other}
  0x000001f7b936287c: 0f1f 8400 | ec20 0012 | 488b 8424 

  0x000001f7b9362888: ; ImmutableOopMap {rax=Oop [184]=Oop }
                      ;*athrow {reexecute=1 rethrow=0 return_oop=0}
                      ; - (reexecute) org.eclipse.e4.core.internal.di.MethodRequestor::execute@95 (line 58)
  0x000001f7b9362888: 1001 0000 

  0x000001f7b936288c: ;   {section_word}
  0x000001f7b936288c: 48ba 8c28 | 36b9 f701 

  0x000001f7b9362894: ;   {runtime_call handle_exception_nofpu Runtime1 stub}
  0x000001f7b9362894: 0000 e8e5 | 41e0 0690 | 498b 87f8 | 0400 004d | 33d2 4d89 | 97f8 0400 | 004d 33d2 | 4d89 9700 
  0x000001f7b93628b4: 0500 0085 

  0x000001f7b93628b8: ;   {metadata(method data for {method} {0x000001f8128ec828} 'execute' '()Ljava/lang/Object;' in 'org/eclipse/e4/core/internal/di/MethodRequestor')}
  0x000001f7b93628b8: ff48 baa0 | d971 13f8 | 0100 0048 | c7c6 8804 | 0000 7407 | 48c7 c698 | 0400 0048 | 8b3c 3248 
  0x000001f7b93628d8: 8d7f 0148 | 893c 3248 | 8984 2418 | 0100 000f | 844f 0000 | 0048 8b94 | 24b8 0000 | 008b 7220 
  0x000001f7b93628f8: 48c1 e603 

  0x000001f7b93628fc: ; implicit exception: dispatches to 0x000001f7b9362f27
  0x000001f7b93628fc: 483b 0648 

  0x000001f7b9362900: ;   {metadata(method data for {method} {0x000001f8128ec828} 'execute' '()Ljava/lang/Object;' in 'org/eclipse/e4/core/internal/di/MethodRequestor')}
  0x000001f7b9362900: 8bfe 48bb | a0d9 7113 | f801 0000 

  0x000001f7b936290c: ;   {metadata('org/eclipse/e4/core/internal/contexts/ContextObjectSupplier')}
  0x000001f7b936290c: 49ba a8f6 | 2bd1 f701 | 0000 4c89 | 93b8 0400 | 0048 8383 | c004 0000 | 0148 8bd6 | 0f1f 8000 
  0x000001f7b936292c: ;   {optimized virtual_call}
  0x000001f7b936292c: 0000 00e8 

  0x000001f7b9362930: ; ImmutableOopMap {[184]=Oop [280]=Oop }
                      ;*invokevirtual resumeRecording {reexecute=0 rethrow=0 return_oop=0}
                      ; - org.eclipse.e4.core.internal.di.MethodRequestor::execute@149 (line 69)
  0x000001f7b9362930: 4cc1 d306 

  0x000001f7b9362934: ;   {other}
  0x000001f7b9362934: 0f1f 8400 | a421 0014 | 488b 9424 | b800 0000 

  0x000001f7b9362944: ;   {metadata(method data for {method} {0x000001f8128ec828} 'execute' '()Ljava/lang/Object;' in 'org/eclipse/e4/core/internal/di/MethodRequestor')}
  0x000001f7b9362944: 4c8b c248 | bea0 d971 | 13f8 0100 | 0045 8b40 | 0849 ba00 | 0000 d0f7 | 0100 004d | 03c2 4c3b 
  0x000001f7b9362964: 86f0 0400 | 0075 0d48 | 8386 f804 | 0000 01e9 | 6000 0000 | 4c3b 8600 | 0500 0075 | 0d48 8386 
  0x000001f7b9362984: 0805 0000 | 01e9 4a00 | 0000 4883 | bef0 0400 | 0000 7517 | 4c89 86f0 | 0400 0048 | c786 f804 
  0x000001f7b93629a4: 0000 0100 | 0000 e929 | 0000 0048 | 83be 0005 | 0000 0075 | 174c 8986 | 0005 0000 | 48c7 8608 
  0x000001f7b93629c4: 0500 0001 | 0000 00e9 | 0800 0000 | 4883 86e0 | 0400 0001 

  0x000001f7b93629d8: ;   {metadata(method data for {method} {0x000001f8128ea8d8} 'clearResolvedArgs' '()V' in 'org/eclipse/e4/core/internal/di/Requestor')}
  0x000001f7b93629d8: 49b8 d0c2 | 7113 f801 | 0000 418b | b0cc 0000 | 0083 c602 | 4189 b0cc | 0000 0081 | e6fe ff1f 
  0x000001f7b93629f8: 0085 f60f | 842b 0500 | 0044 8b42 | 2849 c1e0 | 034d 85c0 

  0x000001f7b9362a0c: ;   {metadata(method data for {method} {0x000001f8128ea8d8} 'clearResolvedArgs' '()V' in 'org/eclipse/e4/core/internal/di/Requestor')}
  0x000001f7b9362a0c: 48be d0c2 | 7113 f801 | 0000 48c7 | c720 0100 | 0074 0748 | c7c7 1001 | 0000 488b | 1c3e 488d 
  0x000001f7b9362a2c: 5b01 4889 | 1c3e 0f84 | 4800 0000 

  0x000001f7b9362a38: ;   {metadata(method data for {method} {0x000001f8128ea8d8} 'clearResolvedArgs' '()V' in 'org/eclipse/e4/core/internal/di/Requestor')}
  0x000001f7b9362a38: 48be d0c2 | 7113 f801 | 0000 4883 | 8630 0100 | 0001 498b 

  0x000001f7b9362a4c: ;   {oop(nullptr)}
  0x000001f7b9362a4c: d049 b800 | 0000 0000 

  0x000001f7b9362a54: ;   {static_call}
  0x000001f7b9362a54: 0000 00e8 

  0x000001f7b9362a58: ; ImmutableOopMap {[184]=Oop [280]=Oop }
                      ;*invokestatic fill {reexecute=0 rethrow=0 return_oop=0}
                      ; - org.eclipse.e4.core.internal.di.Requestor::clearResolvedArgs@13 (line 195)
                      ; - org.eclipse.e4.core.internal.di.MethodRequestor::execute@153 (line 70)
  0x000001f7b9362a58: 24c6 d306 

  0x000001f7b9362a5c: ;   {other}
  0x000001f7b9362a5c: 0f1f 8400 | cc22 0015 | 410f be47 | 4085 c048 | 8bb4 24b8 | 0000 000f | 85d4 0400 | 00c7 4628 
  0x000001f7b9362a7c: 0000 0000 | 488b 8424 | 1801 0000 | e93d 0700 | 0048 8bb4 | 24b8 0000 | 0049 8b87 | f804 0000 
  0x000001f7b9362a9c: 4d33 d24d | 8997 f804 | 0000 4d33 | d24d 8997 | 0005 0000 | 488b d048 | 8d84 2430 | 0100 0048 
  0x000001f7b9362abc: 8b18 4885 | db0f 840f | 0000 0048 | 8b48 08f0 | 480f b119 | 0f85 9604 | 0000 49ff | 8f48 0500 
  0x000001f7b9362adc: ; ImmutableOopMap {rdi=Oop rsi=Oop rax=Oop [184]=Oop [296]=Oop }
                      ;*invokevirtual addElement {reexecute=0 rethrow=0 return_oop=0}
                      ; - java.util.Stack::push@2
                      ; - org.eclipse.e4.core.internal.contexts.ContextObjectSupplier::pauseRecording@6 (line 215)
                      ; - org.eclipse.e4.core.internal.di.MethodRequestor::execute@49 (line 51)
  0x000001f7b9362adc: 0048 8bc2 

  0x000001f7b9362ae0: ;   {section_word}
  0x000001f7b9362ae0: 48ba e02a | 36b9 f701 

  0x000001f7b9362ae8: ;   {runtime_call handle_exception_nofpu Runtime1 stub}
  0x000001f7b9362ae8: 0000 e891 | 3fe0 0690 | 498b 87f8 | 0400 004d | 33d2 4d89 | 97f8 0400 | 004d 33d2 | 4d89 9700 
  0x000001f7b9362b08: 0500 0048 | 8bf0 488d | 8424 2001 | 0000 488b | 3848 85ff | 0f84 0f00 | 0000 488b | 5808 f048 
  0x000001f7b9362b28: 0fb1 3b0f | 8551 0400 | 0049 ff8f | 4805 0000 | 488b c6e9 | 8a06 0000 

  0x000001f7b9362b40: ;   {metadata({method} {0x000001f8128ec828} 'execute' '()Ljava/lang/Object;' in 'org/eclipse/e4/core/internal/di/MethodRequestor')}
  0x000001f7b9362b40: 49ba 20c8 | 8e12 f801 | 0000 4c89 | 5424 0848 | c704 24ff 

  0x000001f7b9362b54: ;   {runtime_call counter_overflow Runtime1 stub}
  0x000001f7b9362b54: ffff ffe8 

  0x000001f7b9362b58: ; ImmutableOopMap {rdx=Oop [184]=Oop }
                      ;*synchronization entry
                      ; - org.eclipse.e4.core.internal.di.MethodRequestor::execute@-1 (line 41)
  0x000001f7b9362b58: 2481 e006 | e90d e1ff | ff48 8934 

  0x000001f7b9362b64: ;   {runtime_call throw_class_cast_exception Runtime1 stub}
  0x000001f7b9362b64: 24e8 964f 

  0x000001f7b9362b68: ; ImmutableOopMap {rdx=Oop [184]=Oop }
                      ;*checkcast {reexecute=0 rethrow=0 return_oop=0}
                      ; - org.eclipse.e4.core.internal.di.MethodRequestor::execute@11 (line 42)
                      ;   {runtime_call throw_null_pointer_exception Runtime1 stub}
  0x000001f7b9362b68: e006 e891 

  0x000001f7b9362b6c: ; ImmutableOopMap {rdx=Oop rsi=Oop [184]=Oop }
                      ;*invokevirtual getParameterTypes {reexecute=0 rethrow=0 return_oop=0}
                      ; - org.eclipse.e4.core.internal.di.MethodRequestor::execute@14 (line 42)
                      ;   {metadata({method} {0x000001f7d0041d00} 'getParameterTypes' '()[Ljava/lang/Class;' in 'java/lang/reflect/Method')}
  0x000001f7b9362b6c: 18e0 0649 | baf8 1c04 | d0f7 0100 | 004c 8954 | 2408 48c7 | 0424 ffff 

  0x000001f7b9362b84: ;   {runtime_call counter_overflow Runtime1 stub}
  0x000001f7b9362b84: ffff e8f5 

  0x000001f7b9362b88: ; ImmutableOopMap {rdx=Oop rsi=Oop [184]=Oop }
                      ;*synchronization entry
                      ; - java.lang.reflect.Method::getParameterTypes@-1
                      ; - org.eclipse.e4.core.internal.di.MethodRequestor::execute@14 (line 42)
  0x000001f7b9362b88: 80e0 06e9 | 41e2 ffff 

  0x000001f7b9362b90: ;   {runtime_call throw_null_pointer_exception Runtime1 stub}
  0x000001f7b9362b90: e86b 18e0 

  0x000001f7b9362b94: ; ImmutableOopMap {rdx=Oop rsi=Oop [184]=Oop }
                      ;*invokevirtual clone {reexecute=0 rethrow=0 return_oop=0}
                      ; - java.lang.reflect.Method::getParameterTypes@4
                      ; - org.eclipse.e4.core.internal.di.MethodRequestor::execute@14 (line 42)
  0x000001f7b9362b94: 0648 8904 

  0x000001f7b9362b98: ;   {runtime_call throw_class_cast_exception Runtime1 stub}
  0x000001f7b9362b98: 24e8 624f 

  0x000001f7b9362b9c: ; ImmutableOopMap {[184]=Oop }
                      ;*checkcast {reexecute=0 rethrow=0 return_oop=0}
                      ; - java.lang.reflect.Method::getParameterTypes@7
                      ; - org.eclipse.e4.core.internal.di.MethodRequestor::execute@14 (line 42)
                      ;   {runtime_call throw_null_pointer_exception Runtime1 stub}
  0x000001f7b9362b9c: e006 e85d 

  0x000001f7b9362ba0: ; ImmutableOopMap {[184]=Oop }
                      ;*arraylength {reexecute=0 rethrow=0 return_oop=0}
                      ; - org.eclipse.e4.core.internal.di.MethodRequestor::execute@17 (line 42)
                      ;   {metadata({method} {0x000001f8128e9ed8} 'getRequestingObject' '()Ljava/lang/Object;' in 'org/eclipse/e4/core/internal/di/Requestor')}
  0x000001f7b9362ba0: 18e0 0649 | bad0 9e8e | 12f8 0100 | 004c 8954 | 2408 48c7 | 0424 ffff 

  0x000001f7b9362bb8: ;   {runtime_call counter_overflow Runtime1 stub}
  0x000001f7b9362bb8: ffff e8c1 

  0x000001f7b9362bbc: ; ImmutableOopMap {rdx=Oop [184]=Oop }
                      ;*synchronization entry
                      ; - org.eclipse.e4.core.internal.di.Requestor::getRequestingObject@-1 (line 106)
                      ; - org.eclipse.e4.core.internal.di.MethodRequestor::execute@24 (line 45)
  0x000001f7b9362bbc: 80e0 06e9 | a6e4 ffff 

  0x000001f7b9362bc4: ;   {runtime_call throw_null_pointer_exception Runtime1 stub}
  0x000001f7b9362bc4: e837 18e0 

  0x000001f7b9362bc8: ; ImmutableOopMap {rsi=Oop [184]=Oop }
                      ;*invokevirtual get {reexecute=0 rethrow=0 return_oop=0}
                      ; - org.eclipse.e4.core.internal.di.Requestor::getRequestingObject@13 (line 108)
                      ; - org.eclipse.e4.core.internal.di.MethodRequestor::execute@24 (line 45)
                      ;   {runtime_call throw_null_pointer_exception Runtime1 stub}
  0x000001f7b9362bc8: 06e8 3218 

  0x000001f7b9362bcc: ; ImmutableOopMap {rdi=Oop [184]=Oop [192]=Oop }
                      ;*invokevirtual pauseRecording {reexecute=0 rethrow=0 return_oop=0}
                      ; - org.eclipse.e4.core.internal.di.MethodRequestor::execute@49 (line 51)
  0x000001f7b9362bcc: e006 4889 | 7c24 0848 

  0x000001f7b9362bd4: ;   {runtime_call monitorenter_nofpu Runtime1 stub}
  0x000001f7b9362bd4: 891c 24e8 

  0x000001f7b9362bd8: ; ImmutableOopMap {rdi=Oop [184]=Oop [192]=Oop [296]=Oop }
                      ;*synchronization entry
                      ; - org.eclipse.e4.core.internal.contexts.ContextObjectSupplier::pauseRecording@-1 (line 214)
                      ; - org.eclipse.e4.core.internal.di.MethodRequestor::execute@49 (line 51)
  0x000001f7b9362bd8: 245b e006 | e977 e6ff 

  0x000001f7b9362be0: ;   {metadata({method} {0x000001f8128dc080} 'pauseRecording' '()V' in 'org/eclipse/e4/core/internal/contexts/ContextObjectSupplier')}
  0x000001f7b9362be0: ff49 ba78 | c08d 12f8 | 0100 004c | 8954 2408 | 48c7 0424 | ffff ffff 

  0x000001f7b9362bf8: ;   {runtime_call counter_overflow Runtime1 stub}
  0x000001f7b9362bf8: e883 80e0 

  0x000001f7b9362bfc: ; ImmutableOopMap {rdi=Oop [184]=Oop [192]=Oop [296]=Oop }
                      ;*synchronization entry
                      ; - org.eclipse.e4.core.internal.contexts.ContextObjectSupplier::pauseRecording@-1 (line 214)
                      ; - org.eclipse.e4.core.internal.di.MethodRequestor::execute@49 (line 51)
  0x000001f7b9362bfc: 06e9 7ce6 

  0x000001f7b9362c00: ;   {metadata({method} {0x000001f8128c74e0} 'getCalculatedComputations' '()Ljava/util/Stack;' in 'org/eclipse/e4/core/internal/contexts/EclipseContext')}
  0x000001f7b9362c00: ffff 49ba | d874 8c12 | f801 0000 | 4c89 5424 | 0848 c704 | 24ff ffff 

  0x000001f7b9362c18: ;   {runtime_call counter_overflow Runtime1 stub}
  0x000001f7b9362c18: ffe8 6280 

  0x000001f7b9362c1c: ; ImmutableOopMap {[184]=Oop [192]=Oop [296]=Oop }
                      ;*synchronization entry
                      ; - org.eclipse.e4.core.internal.contexts.EclipseContext::getCalculatedComputations@-1 (line 734)
                      ; - org.eclipse.e4.core.internal.contexts.ContextObjectSupplier::pauseRecording@0 (line 214)
                      ; - org.eclipse.e4.core.internal.di.MethodRequestor::execute@49 (line 51)
  0x000001f7b9362c1c: e006 e994 

  0x000001f7b9362c20: ;   {runtime_call throw_null_pointer_exception Runtime1 stub}
  0x000001f7b9362c20: e6ff ffe8 

  0x000001f7b9362c24: ; ImmutableOopMap {rdi=Oop [184]=Oop [192]=Oop [296]=Oop }
                      ;*invokevirtual get {reexecute=0 rethrow=0 return_oop=0}
                      ; - org.eclipse.e4.core.internal.contexts.EclipseContext::getCalculatedComputations@3 (line 734)
                      ; - org.eclipse.e4.core.internal.contexts.ContextObjectSupplier::pauseRecording@0 (line 214)
                      ; - org.eclipse.e4.core.internal.di.MethodRequestor::execute@49 (line 51)
  0x000001f7b9362c24: d817 e006 | 4889 0424 

  0x000001f7b9362c2c: ;   {runtime_call throw_class_cast_exception Runtime1 stub}
  0x000001f7b9362c2c: e8cf 4ee0 

  0x000001f7b9362c30: ; ImmutableOopMap {[184]=Oop [192]=Oop [296]=Oop }
                      ;*checkcast {reexecute=0 rethrow=0 return_oop=0}
                      ; - org.eclipse.e4.core.internal.contexts.EclipseContext::getCalculatedComputations@6 (line 734)
                      ; - org.eclipse.e4.core.internal.contexts.ContextObjectSupplier::pauseRecording@0 (line 214)
                      ; - org.eclipse.e4.core.internal.di.MethodRequestor::execute@49 (line 51)
  0x000001f7b9362c30: 0648 8bd2 

  0x000001f7b9362c34: ;   {runtime_call fast_new_instance Runtime1 stub}
  0x000001f7b9362c34: e847 2fe0 

  0x000001f7b9362c38: ; ImmutableOopMap {[184]=Oop [192]=Oop [296]=Oop }
                      ;*new {reexecute=0 rethrow=0 return_oop=0}
                      ; - org.eclipse.e4.core.internal.contexts.EclipseContext::getCalculatedComputations@14 (line 736)
                      ; - org.eclipse.e4.core.internal.contexts.ContextObjectSupplier::pauseRecording@0 (line 214)
                      ; - org.eclipse.e4.core.internal.di.MethodRequestor::execute@49 (line 51)
  0x000001f7b9362c38: 06e9 abe8 

  0x000001f7b9362c3c: ;   {metadata({method} {0x000001f811935bd8} '<init>' '()V' in 'java/util/Stack')}
  0x000001f7b9362c3c: ffff 49ba | d05b 9311 | f801 0000 | 4c89 5424 | 0848 c704 | 24ff ffff 

  0x000001f7b9362c54: ;   {runtime_call counter_overflow Runtime1 stub}
  0x000001f7b9362c54: ffe8 2680 

  0x000001f7b9362c58: ; ImmutableOopMap {rax=Oop [184]=Oop [192]=Oop [296]=Oop }
                      ;*synchronization entry
                      ; - java.util.Stack::<init>@-1
                      ; - org.eclipse.e4.core.internal.contexts.EclipseContext::getCalculatedComputations@18 (line 736)
                      ; - org.eclipse.e4.core.internal.contexts.ContextObjectSupplier::pauseRecording@0 (line 214)
                      ; - org.eclipse.e4.core.internal.di.MethodRequestor::execute@49 (line 51)
  0x000001f7b9362c58: e006 e9cb 

  0x000001f7b9362c5c: ;   {metadata({method} {0x000001f811191cd8} '<init>' '()V' in 'java/util/Vector')}
  0x000001f7b9362c5c: e8ff ff49 | bad0 1c19 | 11f8 0100 | 004c 8954 | 2408 48c7 | 0424 ffff 

  0x000001f7b9362c74: ;   {runtime_call counter_overflow Runtime1 stub}
  0x000001f7b9362c74: ffff e805 

  0x000001f7b9362c78: ; ImmutableOopMap {rax=Oop [184]=Oop [192]=Oop [296]=Oop }
                      ;*synchronization entry
                      ; - java.util.Vector::<init>@-1
                      ; - java.util.Stack::<init>@1
                      ; - org.eclipse.e4.core.internal.contexts.EclipseContext::getCalculatedComputations@18 (line 736)
                      ; - org.eclipse.e4.core.internal.contexts.ContextObjectSupplier::pauseRecording@0 (line 214)
                      ; - org.eclipse.e4.core.internal.di.MethodRequestor::execute@49 (line 51)
  0x000001f7b9362c78: 80e0 06e9 | ebe8 ffff 

  0x000001f7b9362c80: ;   {metadata({method} {0x000001f811191c40} '<init>' '(I)V' in 'java/util/Vector')}
  0x000001f7b9362c80: 49ba 381c | 1911 f801 | 0000 4c89 | 5424 0848 | c704 24ff 

  0x000001f7b9362c94: ;   {runtime_call counter_overflow Runtime1 stub}
  0x000001f7b9362c94: ffff ffe8 

  0x000001f7b9362c98: ; ImmutableOopMap {rax=Oop [184]=Oop [192]=Oop [296]=Oop }
                      ;*synchronization entry
                      ; - java.util.Vector::<init>@-1
                      ; - java.util.Vector::<init>@3
                      ; - java.util.Stack::<init>@1
                      ; - org.eclipse.e4.core.internal.contexts.EclipseContext::getCalculatedComputations@18 (line 736)
                      ; - org.eclipse.e4.core.internal.contexts.ContextObjectSupplier::pauseRecording@0 (line 214)
                      ; - org.eclipse.e4.core.internal.di.MethodRequestor::execute@49 (line 51)
  0x000001f7b9362c98: e47f e006 | e90b e9ff 

  0x000001f7b9362ca0: ;   {runtime_call throw_null_pointer_exception Runtime1 stub}
  0x000001f7b9362ca0: ffe8 5a17 

  0x000001f7b9362ca4: ; ImmutableOopMap {rdx=Oop [184]=Oop [192]=Oop [200]=Oop [296]=Oop }
                      ;*invokevirtual set {reexecute=0 rethrow=0 return_oop=0}
                      ; - org.eclipse.e4.core.internal.contexts.EclipseContext::getCalculatedComputations@26 (line 737)
                      ; - org.eclipse.e4.core.internal.contexts.ContextObjectSupplier::pauseRecording@0 (line 214)
                      ; - org.eclipse.e4.core.internal.di.MethodRequestor::execute@49 (line 51)
                      ;   {runtime_call throw_null_pointer_exception Runtime1 stub}
  0x000001f7b9362ca4: e006 e855 

  0x000001f7b9362ca8: ; ImmutableOopMap {rdx=Oop [184]=Oop [192]=Oop [296]=Oop }
                      ;*invokevirtual push {reexecute=0 rethrow=0 return_oop=0}
                      ; - org.eclipse.e4.core.internal.contexts.ContextObjectSupplier::pauseRecording@6 (line 215)
                      ; - org.eclipse.e4.core.internal.di.MethodRequestor::execute@49 (line 51)
                      ;   {metadata({method} {0x000001f811935c78} 'push' '(Ljava/lang/Object;)Ljava/lang/Object;' in 'java/util/Stack')}
  0x000001f7b9362ca8: 17e0 0649 | ba70 5c93 | 11f8 0100 | 004c 8954 | 2408 48c7 | 0424 ffff 

  0x000001f7b9362cc0: ;   {runtime_call counter_overflow Runtime1 stub}
  0x000001f7b9362cc0: ffff e8b9 

  0x000001f7b9362cc4: ; ImmutableOopMap {rdx=Oop [184]=Oop [192]=Oop [296]=Oop }
                      ;*synchronization entry
                      ; - java.util.Stack::push@-1
                      ; - org.eclipse.e4.core.internal.contexts.ContextObjectSupplier::pauseRecording@6 (line 215)
                      ; - org.eclipse.e4.core.internal.di.MethodRequestor::execute@49 (line 51)
  0x000001f7b9362cc4: 7fe0 06e9 | 34ea ffff | 4889 5424 | 084c 8904 

  0x000001f7b9362cd4: ;   {runtime_call monitorenter_nofpu Runtime1 stub}
  0x000001f7b9362cd4: 24e8 265a 

  0x000001f7b9362cd8: ; ImmutableOopMap {rdx=Oop [184]=Oop [192]=Oop [296]=Oop [312]=Oop }
                      ;*synchronization entry
                      ; - java.util.Vector::addElement@-1
                      ; - java.util.Stack::push@2
                      ; - org.eclipse.e4.core.internal.contexts.ContextObjectSupplier::pauseRecording@6 (line 215)
                      ; - org.eclipse.e4.core.internal.di.MethodRequestor::execute@49 (line 51)
  0x000001f7b9362cd8: e006 e9ee 

  0x000001f7b9362cdc: ;   {metadata({method} {0x000001f811192ed8} 'addElement' '(Ljava/lang/Object;)V' in 'java/util/Vector')}
  0x000001f7b9362cdc: eaff ff49 | bad0 2e19 | 11f8 0100 | 004c 8954 | 2408 48c7 | 0424 ffff 

  0x000001f7b9362cf4: ;   {runtime_call counter_overflow Runtime1 stub}
  0x000001f7b9362cf4: ffff e885 

  0x000001f7b9362cf8: ; ImmutableOopMap {rdx=Oop [184]=Oop [192]=Oop [296]=Oop [312]=Oop }
                      ;*synchronization entry
                      ; - java.util.Vector::addElement@-1
                      ; - java.util.Stack::push@2
                      ; - org.eclipse.e4.core.internal.contexts.ContextObjectSupplier::pauseRecording@6 (line 215)
                      ; - org.eclipse.e4.core.internal.di.MethodRequestor::execute@49 (line 51)
  0x000001f7b9362cf8: 7fe0 06e9 | f6ea ffff 

  0x000001f7b9362d00: ;   {metadata({method} {0x000001f811193638} 'add' '(Ljava/lang/Object;[Ljava/lang/Object;I)V' in 'java/util/Vector')}
  0x000001f7b9362d00: 49ba 3036 | 1911 f801 | 0000 4c89 | 5424 0848 | c704 24ff 

  0x000001f7b9362d14: ;   {runtime_call counter_overflow Runtime1 stub}
  0x000001f7b9362d14: ffff ffe8 

  0x000001f7b9362d18: ; ImmutableOopMap {rdx=Oop r8=Oop [184]=Oop [192]=Oop [296]=Oop [312]=Oop }
                      ;*synchronization entry
                      ; - java.util.Vector::add@-1
                      ; - java.util.Vector::addElement@20
                      ; - java.util.Stack::push@2
                      ; - org.eclipse.e4.core.internal.contexts.ContextObjectSupplier::pauseRecording@6 (line 215)
                      ; - org.eclipse.e4.core.internal.di.MethodRequestor::execute@49 (line 51)
  0x000001f7b9362d18: 647f e006 | e927 ebff 

  0x000001f7b9362d20: ;   {runtime_call throw_null_pointer_exception Runtime1 stub}
  0x000001f7b9362d20: ffe8 da16 

  0x000001f7b9362d24: ; ImmutableOopMap {rdx=Oop r8=Oop [184]=Oop [192]=Oop [296]=Oop [312]=Oop }
                      ;*arraylength {reexecute=0 rethrow=0 return_oop=0}
                      ; - java.util.Vector::add@2
                      ; - java.util.Vector::addElement@20
                      ; - java.util.Stack::push@2
                      ; - org.eclipse.e4.core.internal.contexts.ContextObjectSupplier::pauseRecording@6 (line 215)
                      ; - org.eclipse.e4.core.internal.di.MethodRequestor::execute@49 (line 51)
                      ;   {metadata({method} {0x000001f811192170} 'grow' '()[Ljava/lang/Object;' in 'java/util/Vector')}
  0x000001f7b9362d24: e006 49ba | 6821 1911 | f801 0000 | 4c89 5424 | 0848 c704 | 24ff ffff 

  0x000001f7b9362d3c: ;   {runtime_call counter_overflow Runtime1 stub}
  0x000001f7b9362d3c: ffe8 3e7f 

  0x000001f7b9362d40: ; ImmutableOopMap {rdx=Oop [184]=Oop [192]=Oop [296]=Oop [312]=Oop }
                      ;*synchronization entry
                      ; - java.util.Vector::grow@-1
                      ; - java.util.Vector::add@7
                      ; - java.util.Vector::addElement@20
                      ; - java.util.Stack::push@2
                      ; - org.eclipse.e4.core.internal.contexts.ContextObjectSupplier::pauseRecording@6 (line 215)
                      ; - org.eclipse.e4.core.internal.di.MethodRequestor::execute@49 (line 51)
  0x000001f7b9362d40: e006 e971 

  0x000001f7b9362d44: ;   {runtime_call throw_null_pointer_exception Runtime1 stub}
  0x000001f7b9362d44: ebff ffe8 

  0x000001f7b9362d48: ; ImmutableOopMap {r8=Oop rdx=Oop rax=Oop [184]=Oop [192]=Oop [296]=Oop [312]=Oop }
                      ;*aastore {reexecute=1 rethrow=0 return_oop=0}
                      ; - (reexecute) java.util.Vector::add@14
                      ; - java.util.Vector::addElement@20
                      ; - java.util.Stack::push@2
                      ; - org.eclipse.e4.core.internal.contexts.ContextObjectSupplier::pauseRecording@6 (line 215)
                      ; - org.eclipse.e4.core.internal.di.MethodRequestor::execute@49 (line 51)
  0x000001f7b9362d48: b416 e006 

  0x000001f7b9362d4c: ;   {runtime_call throw_null_pointer_exception Runtime1 stub}
  0x000001f7b9362d4c: e8af 16e0 

  0x000001f7b9362d50: ; ImmutableOopMap {r8=Oop rdx=Oop rax=Oop [184]=Oop [192]=Oop [296]=Oop [312]=Oop }
                      ;*aastore {reexecute=1 rethrow=0 return_oop=0}
                      ; - (reexecute) java.util.Vector::add@14
                      ; - java.util.Vector::addElement@20
                      ; - java.util.Stack::push@2
                      ; - org.eclipse.e4.core.internal.contexts.ContextObjectSupplier::pauseRecording@6 (line 215)
                      ; - org.eclipse.e4.core.internal.di.MethodRequestor::execute@49 (line 51)
  0x000001f7b9362d50: 0648 8934 | 244c 8944 

  0x000001f7b9362d58: ;   {runtime_call throw_range_check_failed Runtime1 stub}
  0x000001f7b9362d58: 2408 e821 

  0x000001f7b9362d5c: ; ImmutableOopMap {r8=Oop rdx=Oop rax=Oop [184]=Oop [192]=Oop [296]=Oop [312]=Oop }
                      ;*aastore {reexecute=1 rethrow=0 return_oop=0}
                      ; - (reexecute) java.util.Vector::add@14
                      ; - java.util.Vector::addElement@20
                      ; - java.util.Stack::push@2
                      ; - org.eclipse.e4.core.internal.contexts.ContextObjectSupplier::pauseRecording@6 (line 215)
                      ; - org.eclipse.e4.core.internal.di.MethodRequestor::execute@49 (line 51)
                      ;   {runtime_call throw_null_pointer_exception Runtime1 stub}
  0x000001f7b9362d5c: 09e0 06e8 

  0x000001f7b9362d60: ; ImmutableOopMap {r8=Oop rdx=Oop rax=Oop [184]=Oop [192]=Oop [296]=Oop [312]=Oop }
                      ;*aastore {reexecute=1 rethrow=0 return_oop=0}
                      ; - (reexecute) java.util.Vector::add@14
                      ; - java.util.Vector::addElement@20
                      ; - java.util.Stack::push@2
                      ; - org.eclipse.e4.core.internal.contexts.ContextObjectSupplier::pauseRecording@6 (line 215)
                      ; - org.eclipse.e4.core.internal.di.MethodRequestor::execute@49 (line 51)
  0x000001f7b9362d60: 9c16 e006 | 4889 0424 

  0x000001f7b9362d68: ;   {runtime_call throw_array_store_exception Runtime1 stub}
  0x000001f7b9362d68: e893 4ae0 

  0x000001f7b9362d6c: ; ImmutableOopMap {r8=Oop rdx=Oop rax=Oop [184]=Oop [192]=Oop [296]=Oop [312]=Oop }
                      ;*aastore {reexecute=1 rethrow=0 return_oop=0}
                      ; - (reexecute) java.util.Vector::add@14
                      ; - java.util.Vector::addElement@20
                      ; - java.util.Stack::push@2
                      ; - org.eclipse.e4.core.internal.contexts.ContextObjectSupplier::pauseRecording@6 (line 215)
                      ; - org.eclipse.e4.core.internal.di.MethodRequestor::execute@49 (line 51)
  0x000001f7b9362d6c: 068b 1f48 | c1e3 0348 | 83fb 000f | 84ce ecff | ff48 891c 

  0x000001f7b9362d80: ;   {runtime_call g1_pre_barrier_slow}
  0x000001f7b9362d80: 24e8 fa84 | e006 e9c0 | ecff ff48 | 83f8 000f | 84d4 ecff | ff48 893c 

  0x000001f7b9362d98: ;   {runtime_call g1_post_barrier_slow}
  0x000001f7b9362d98: 24e8 e287 | e006 e9c6 | ecff ff48 | 8d84 2430 | 0100 0048 

  0x000001f7b9362dac: ;   {runtime_call monitorexit_nofpu Runtime1 stub}
  0x000001f7b9362dac: 8904 24e8 | 4c5f e006 | e9df ecff | ff48 8d84 | 2420 0100 | 0048 8904 

  0x000001f7b9362dc4: ;   {runtime_call monitorexit_nofpu Runtime1 stub}
  0x000001f7b9362dc4: 24e8 365f | e006 e9f3 | ecff ff48 

  0x000001f7b9362dd0: ;   {runtime_call throw_class_cast_exception Runtime1 stub}
  0x000001f7b9362dd0: 8934 24e8 

  0x000001f7b9362dd4: ; ImmutableOopMap {rdx=Oop [184]=Oop [192]=Oop }
                      ;*checkcast {reexecute=0 rethrow=0 return_oop=0}
                      ; - org.eclipse.e4.core.internal.di.MethodRequestor::execute@58 (line 55)
  0x000001f7b9362dd4: 284d e006 

  0x000001f7b9362dd8: ;   {runtime_call throw_null_pointer_exception Runtime1 stub}
  0x000001f7b9362dd8: e823 16e0 

  0x000001f7b9362ddc: ; ImmutableOopMap {rdx=Oop rsi=Oop [184]=Oop [192]=Oop }
                      ;*invokevirtual trySetAccessible {reexecute=0 rethrow=0 return_oop=0}
                      ; - org.eclipse.e4.core.internal.di.MethodRequestor::execute@61 (line 55)
  0x000001f7b9362ddc: 0648 8934 

  0x000001f7b9362de0: ;   {runtime_call throw_class_cast_exception Runtime1 stub}
  0x000001f7b9362de0: 24e8 1a4d 

  0x000001f7b9362de4: ; ImmutableOopMap {rdx=Oop [184]=Oop [192]=Oop }
                      ;*checkcast {reexecute=0 rethrow=0 return_oop=0}
                      ; - org.eclipse.e4.core.internal.di.MethodRequestor::execute@69 (line 56)
                      ;   {runtime_call throw_null_pointer_exception Runtime1 stub}
  0x000001f7b9362de4: e006 e815 

  0x000001f7b9362de8: ; ImmutableOopMap {rdx=Oop rsi=Oop rdi=Oop [184]=Oop [192]=Oop [224]=Oop }
                      ;*invokevirtual invoke {reexecute=0 rethrow=0 return_oop=0}
                      ; - org.eclipse.e4.core.internal.di.MethodRequestor::execute@77 (line 56)
                      ;   {metadata({method} {0x000001f7d0043cd8} 'invoke' '(Ljava/lang/Object;[Ljava/lang/Object;)Ljava/lang/Object;' in 'java/lang/reflect/Method')}
  0x000001f7b9362de8: 16e0 0649 | bad0 3c04 | d0f7 0100 | 004c 8954 | 2408 48c7 | 0424 ffff 

  0x000001f7b9362e00: ;   {runtime_call counter_overflow Runtime1 stub}
  0x000001f7b9362e00: ffff e879 

  0x000001f7b9362e04: ; ImmutableOopMap {rdx=Oop rsi=Oop rdi=Oop [184]=Oop [192]=Oop [224]=Oop }
                      ;*synchronization entry
                      ; - java.lang.reflect.Method::invoke@-1
                      ; - org.eclipse.e4.core.internal.di.MethodRequestor::execute@77 (line 56)
  0x000001f7b9362e04: 7ee0 06e9 | 23ef ffff 

  0x000001f7b9362e0c: ;   {metadata({method} {0x000001f7d03dc098} 'isStatic' '(I)Z' in 'java/lang/reflect/Modifier')}
  0x000001f7b9362e0c: 49ba 90c0 | 3dd0 f701 | 0000 4c89 | 5424 0848 | c704 24ff 

  0x000001f7b9362e20: ;   {runtime_call counter_overflow Runtime1 stub}
  0x000001f7b9362e20: ffff ffe8 

  0x000001f7b9362e24: ; ImmutableOopMap {rbx=Oop rsi=Oop r9=Oop [184]=Oop [192]=Oop [224]=Oop [232]=Oop }
                      ;*synchronization entry
                      ; - java.lang.reflect.Modifier::isStatic@-1
                      ; - java.lang.reflect.Method::invoke@42
                      ; - org.eclipse.e4.core.internal.di.MethodRequestor::execute@77 (line 56)
  0x000001f7b9362e24: 587e e006 | e969 f0ff 

  0x000001f7b9362e2c: ;   {runtime_call throw_null_pointer_exception Runtime1 stub}
  0x000001f7b9362e2c: ffe8 ce15 

  0x000001f7b9362e30: ; ImmutableOopMap {rbx=Oop rsi=Oop r9=Oop rax=Oop [184]=Oop [224]=Oop [232]=Oop }
                      ;*invokevirtual getClass {reexecute=0 rethrow=0 return_oop=0}
                      ; - java.lang.reflect.Method::invoke@53
                      ; - org.eclipse.e4.core.internal.di.MethodRequestor::execute@77 (line 56)
                      ;   {runtime_call throw_null_pointer_exception Runtime1 stub}
  0x000001f7b9362e30: e006 e8c9 

  0x000001f7b9362e34: ; ImmutableOopMap {rdx=Oop rbx=Oop [184]=Oop [192]=Oop [232]=Oop }
                      ;*invokeinterface invoke {reexecute=0 rethrow=0 return_oop=0}
                      ; - java.lang.reflect.Method::invoke@90
                      ; - org.eclipse.e4.core.internal.di.MethodRequestor::execute@77 (line 56)
                      ;   {runtime_call throw_null_pointer_exception Runtime1 stub}
  0x000001f7b9362e34: 15e0 06e8 

  0x000001f7b9362e38: ; ImmutableOopMap {rdi=Oop rdx=Oop [184]=Oop [192]=Oop }
                      ;*invokeinterface invoke {reexecute=0 rethrow=0 return_oop=0}
                      ; - java.lang.reflect.Method::invoke@102
                      ; - org.eclipse.e4.core.internal.di.MethodRequestor::execute@77 (line 56)
  0x000001f7b9362e38: c415 e006 

  0x000001f7b9362e3c: ;   {runtime_call throw_null_pointer_exception Runtime1 stub}
  0x000001f7b9362e3c: e8bf 15e0 

  0x000001f7b9362e40: ; ImmutableOopMap {rdx=Oop rsi=Oop [184]=Oop [256]=Oop }
                      ;*invokevirtual resumeRecording {reexecute=0 rethrow=0 return_oop=0}
                      ; - org.eclipse.e4.core.internal.di.MethodRequestor::execute@167 (line 69)
                      ;   {metadata({method} {0x000001f8128ea8d8} 'clearResolvedArgs' '()V' in 'org/eclipse/e4/core/internal/di/Requestor')}
  0x000001f7b9362e40: 0649 bad0 | a88e 12f8 | 0100 004c | 8954 2408 | 48c7 0424 | ffff ffff 

  0x000001f7b9362e58: ;   {runtime_call counter_overflow Runtime1 stub}
  0x000001f7b9362e58: e823 7ee0 

  0x000001f7b9362e5c: ; ImmutableOopMap {rdx=Oop [184]=Oop [256]=Oop }
                      ;*synchronization entry
                      ; - org.eclipse.e4.core.internal.di.Requestor::clearResolvedArgs@-1 (line 193)
                      ; - org.eclipse.e4.core.internal.di.MethodRequestor::execute@171 (line 70)
  0x000001f7b9362e5c: 06e9 fcf4 

  0x000001f7b9362e60: ;   {metadata(nullptr)}
  0x000001f7b9362e60: ffff 48ba | 0000 0000 | 0000 0000 | b800 0f05 

  0x000001f7b9362e70: ;   {runtime_call load_klass_patching Runtime1 stub}
  0x000001f7b9362e70: 0ae8 0a69 

  0x000001f7b9362e74: ; ImmutableOopMap {rbx=Oop r8=Oop [184]=Oop }
                      ;*new {reexecute=1 rethrow=0 return_oop=0}
                      ; - (reexecute) org.eclipse.e4.core.internal.di.MethodRequestor::execute@119 (line 66)
  0x000001f7b9362e74: e006 e9a5 

  0x000001f7b9362e78: ;   {runtime_call throw_null_pointer_exception Runtime1 stub}
  0x000001f7b9362e78: f6ff ffe8 

  0x000001f7b9362e7c: ; ImmutableOopMap {rbx=Oop r8=Oop [184]=Oop }
                      ;*new {reexecute=0 rethrow=0 return_oop=0}
                      ; - org.eclipse.e4.core.internal.di.MethodRequestor::execute@119 (line 66)
  0x000001f7b9362e7c: 8015 e006 

  0x000001f7b9362e80: ;   {runtime_call fast_new_instance_init_check Runtime1 stub}
  0x000001f7b9362e80: 488b d2e8 

  0x000001f7b9362e84: ; ImmutableOopMap {rbx=Oop r8=Oop [184]=Oop }
                      ;*new {reexecute=0 rethrow=0 return_oop=0}
                      ; - org.eclipse.e4.core.internal.di.MethodRequestor::execute@119 (line 66)
  0x000001f7b9362e84: f82f e006 | e9f8 f6ff | ff8b 4228 | 48c1 e003 | 4883 f800 | 0f84 6bf7 | ffff 4889 

  0x000001f7b9362ea0: ;   {runtime_call g1_pre_barrier_slow}
  0x000001f7b9362ea0: 0424 e8d9 | 83e0 06e9 | 5df7 ffff 

  0x000001f7b9362eac: ;   {internal_word}
  0x000001f7b9362eac: 49ba 2026 | 36b9 f701 | 0000 4d89 | 9760 0400 

  0x000001f7b9362ebc: ;   {runtime_call SafepointBlob}
  0x000001f7b9362ebc: 00e9 3e28 

  0x000001f7b9362ec0: ;   {internal_word}
  0x000001f7b9362ec0: d406 49ba | 4026 36b9 | f701 0000 | 4d89 9760 

  0x000001f7b9362ed0: ;   {runtime_call SafepointBlob}
  0x000001f7b9362ed0: 0400 00e9 | 2828 d406 

  0x000001f7b9362ed8: ;   {internal_word}
  0x000001f7b9362ed8: 49ba 6026 | 36b9 f701 | 0000 4d89 | 9760 0400 

  0x000001f7b9362ee8: ;   {runtime_call SafepointBlob}
  0x000001f7b9362ee8: 00e9 1228 | d406 4c89 

  0x000001f7b9362ef0: ;   {runtime_call throw_class_cast_exception Runtime1 stub}
  0x000001f7b9362ef0: 0424 e809 

  0x000001f7b9362ef4: ; ImmutableOopMap {[184]=Oop }
                      ;*checkcast {reexecute=0 rethrow=0 return_oop=0}
                      ; - org.eclipse.e4.core.internal.di.MethodRequestor::execute@115 (line 64)
                      ;   {runtime_call throw_null_pointer_exception Runtime1 stub}
  0x000001f7b9362ef4: 4ce0 06e8 

  0x000001f7b9362ef8: ; ImmutableOopMap {rax=Oop [184]=Oop }
                      ;*athrow {reexecute=1 rethrow=0 return_oop=0}
                      ; - (reexecute) org.eclipse.e4.core.internal.di.MethodRequestor::execute@118 (line 64)
  0x000001f7b9362ef8: 0415 e006 

  0x000001f7b9362efc: ;   {metadata(nullptr)}
  0x000001f7b9362efc: 48ba 0000 | 0000 0000 | 0000 b800 

  0x000001f7b9362f08: ;   {runtime_call load_klass_patching Runtime1 stub}
  0x000001f7b9362f08: 0f05 0ae8 

  0x000001f7b9362f0c: ; ImmutableOopMap {r8=Oop [184]=Oop }
                      ;*new {reexecute=1 rethrow=0 return_oop=0}
                      ; - (reexecute) org.eclipse.e4.core.internal.di.MethodRequestor::execute@86 (line 58)
  0x000001f7b9362f0c: 7068 e006 | e9db f8ff 

  0x000001f7b9362f14: ;   {runtime_call throw_null_pointer_exception Runtime1 stub}
  0x000001f7b9362f14: ffe8 e614 

  0x000001f7b9362f18: ; ImmutableOopMap {r8=Oop [184]=Oop }
                      ;*new {reexecute=0 rethrow=0 return_oop=0}
                      ; - org.eclipse.e4.core.internal.di.MethodRequestor::execute@86 (line 58)
  0x000001f7b9362f18: e006 488b 

  0x000001f7b9362f1c: ;   {runtime_call fast_new_instance_init_check Runtime1 stub}
  0x000001f7b9362f1c: d2e8 5e2f 

  0x000001f7b9362f20: ; ImmutableOopMap {r8=Oop [184]=Oop }
                      ;*new {reexecute=0 rethrow=0 return_oop=0}
                      ; - org.eclipse.e4.core.internal.di.MethodRequestor::execute@86 (line 58)
  0x000001f7b9362f20: e006 e92e 

  0x000001f7b9362f24: ;   {runtime_call throw_null_pointer_exception Runtime1 stub}
  0x000001f7b9362f24: f9ff ffe8 

  0x000001f7b9362f28: ; ImmutableOopMap {rdx=Oop rsi=Oop [184]=Oop [280]=Oop }
                      ;*invokevirtual resumeRecording {reexecute=0 rethrow=0 return_oop=0}
                      ; - org.eclipse.e4.core.internal.di.MethodRequestor::execute@149 (line 69)
  0x000001f7b9362f28: d414 e006 

  0x000001f7b9362f2c: ;   {metadata({method} {0x000001f8128ea8d8} 'clearResolvedArgs' '()V' in 'org/eclipse/e4/core/internal/di/Requestor')}
  0x000001f7b9362f2c: 49ba d0a8 | 8e12 f801 | 0000 4c89 | 5424 0848 | c704 24ff 

  0x000001f7b9362f40: ;   {runtime_call counter_overflow Runtime1 stub}
  0x000001f7b9362f40: ffff ffe8 

  0x000001f7b9362f44: ; ImmutableOopMap {rdx=Oop [184]=Oop [280]=Oop }
                      ;*synchronization entry
                      ; - org.eclipse.e4.core.internal.di.Requestor::clearResolvedArgs@-1 (line 193)
                      ; - org.eclipse.e4.core.internal.di.MethodRequestor::execute@153 (line 70)
  0x000001f7b9362f44: 387d e006 | e9b4 faff | ff8b 4628 | 48c1 e003 | 4883 f800 | 0f84 1bfb | ffff 4889 

  0x000001f7b9362f60: ;   {runtime_call g1_pre_barrier_slow}
  0x000001f7b9362f60: 0424 e819 | 83e0 06e9 | 0dfb ffff | 488d 8424 | 3001 0000 | 4889 0424 

  0x000001f7b9362f78: ;   {runtime_call monitorexit_nofpu Runtime1 stub}
  0x000001f7b9362f78: e883 5de0 | 06e9 5bfb | ffff 488d | 8424 2001 | 0000 4889 

  0x000001f7b9362f8c: ;   {runtime_call monitorexit_nofpu Runtime1 stub}
  0x000001f7b9362f8c: 0424 e86d | 5de0 06e9 | a0fb ffff | 488b bc24 | c000 0000 | e9e8 faff | ff8b bc24 | d400 0000 
  0x000001f7b9362fac: e9e9 f3ff | ff8b bc24 | d400 0000 | e9df f8ff | ff8b bc24 | d400 0000 | e9d1 f3ff | ff8b bc24 
  0x000001f7b9362fcc: d400 0000 | e9c7 f8ff | ff8b bc24 | d400 0000 | e9b9 f3ff | ff8b bc24 | d400 0000 | e9af f8ff 
  0x000001f7b9362fec: ff8b bc24 | d400 0000 | e9a1 f3ff | ff8b bc24 | d400 0000 | e997 f8ff | ff8b bc24 | d400 0000 
  0x000001f7b936300c: e989 f3ff | ff8b bc24 | d400 0000 | e97f f8ff | ff8b bc24 | d400 0000 | e971 f3ff | ff8b bc24 
  0x000001f7b936302c: d400 0000 | e967 f8ff | ff8b bc24 | d400 0000 | e959 f3ff | ff8b bc24 | d400 0000 | e94f f8ff 
  0x000001f7b936304c: ff8b bc24 | d400 0000 | e943 f8ff | ff8b bc24 | d400 0000 | e937 f8ff | ff8b bc24 | d400 0000 
  0x000001f7b936306c: e92b f8ff | ff8b bc24 | d400 0000 | e91f f8ff | ff8b bc24 | d400 0000 | e913 f8ff | ff48 8bbc 
  0x000001f7b936308c: ;   {no_reloc}
  0x000001f7b936308c: 24c0 0000 | 00e9 f7f9 | ffff 488b | bc24 c000 | 0000 e9ea | f9ff ff48 | 8bbc 24c0 | 0000 00e9 
  0x000001f7b93630ac: ddf9 ffff | 488b bc24 | c000 0000 | e9d0 f9ff | ff8b bc24 | d400 0000 | e9d1 f2ff | ff8b bc24 
  0x000001f7b93630cc: d400 0000 | e9c7 f7ff | ff8b bc24 | d400 0000 | e9b9 f2ff | ff8b bc24 | d400 0000 | e9af f7ff 
  0x000001f7b93630ec: ff8b bc24 | d400 0000 | e9a1 f2ff | ff8b bc24 | d400 0000 | e997 f7ff | ff8b bc24 | d400 0000 
  0x000001f7b936310c: e989 f2ff | ff8b bc24 | d400 0000 | e97f f7ff | ff8b bc24 | d400 0000 | e971 f2ff | ff8b bc24 
  0x000001f7b936312c: d400 0000 | e967 f7ff | ff8b bc24 | d400 0000 | e959 f2ff | ff8b bc24 | d400 0000 | e94f f7ff 
  0x000001f7b936314c: ff8b bc24 | d400 0000 | e941 f2ff | ff8b bc24 | d400 0000 | e937 f7ff | ff8b bc24 | d400 0000 
  0x000001f7b936316c: e92b f7ff | ff8b bc24 | d400 0000 | e91f f7ff | ff8b bc24 | d400 0000 | e913 f7ff | ff8b bc24 
  0x000001f7b936318c: ;   {no_reloc}
  0x000001f7b936318c: d400 0000 | e907 f7ff | ff8b bc24 | d400 0000 | e9fb f6ff | ff8b bc24 | d400 0000 | e9ef f6ff 
  0x000001f7b93631ac: ff49 8b87 | f804 0000 | 49c7 87f8 | 0400 0000 | 0000 0049 | c787 0005 | 0000 0000 | 0000 4881 
  0x000001f7b93631cc: c450 0100 

  0x000001f7b93631d0: ;   {runtime_call unwind_exception Runtime1 stub}
  0x000001f7b93631d0: 005d e929 | fadf 06f4 
[Stub Code]
  0x000001f7b93631d8: ;   {no_reloc}
  0x000001f7b93631d8: 0f1f 4400 

  0x000001f7b93631dc: ;   {static_stub}
  0x000001f7b93631dc: 0048 bb00 | 0000 0000 

  0x000001f7b93631e4: ;   {runtime_call nmethod}
  0x000001f7b93631e4: 0000 00e9 | fbff ffff 

  0x000001f7b93631ec: ;   {static_stub}
  0x000001f7b93631ec: 9048 bb00 | 0000 0000 

  0x000001f7b93631f4: ;   {runtime_call nmethod}
  0x000001f7b93631f4: 0000 00e9 | fbff ffff 

  0x000001f7b93631fc: ;   {static_stub}
  0x000001f7b93631fc: 9048 bb00 | 0000 0000 

  0x000001f7b9363204: ;   {runtime_call nmethod}
  0x000001f7b9363204: 0000 00e9 | fbff ffff 

  0x000001f7b936320c: ;   {static_stub}
  0x000001f7b936320c: 9048 bb00 | 0000 0000 

  0x000001f7b9363214: ;   {runtime_call nmethod}
  0x000001f7b9363214: 0000 00e9 | fbff ffff 

  0x000001f7b936321c: ;   {static_stub}
  0x000001f7b936321c: 9048 bb00 | 0000 0000 

  0x000001f7b9363224: ;   {runtime_call nmethod}
  0x000001f7b9363224: 0000 00e9 | fbff ffff 

  0x000001f7b936322c: ;   {static_stub}
  0x000001f7b936322c: 9048 bb00 | 0000 0000 

  0x000001f7b9363234: ;   {runtime_call nmethod}
  0x000001f7b9363234: 0000 00e9 | fbff ffff 

  0x000001f7b936323c: ;   {static_stub}
  0x000001f7b936323c: 9048 bb00 | 0000 0000 

  0x000001f7b9363244: ;   {runtime_call nmethod}
  0x000001f7b9363244: 0000 00e9 | fbff ffff 

  0x000001f7b936324c: ;   {static_stub}
  0x000001f7b936324c: 9048 bb00 | 0000 0000 

  0x000001f7b9363254: ;   {runtime_call nmethod}
  0x000001f7b9363254: 0000 00e9 | fbff ffff 

  0x000001f7b936325c: ;   {static_stub}
  0x000001f7b936325c: 9048 bb00 | 0000 0000 

  0x000001f7b9363264: ;   {runtime_call nmethod}
  0x000001f7b9363264: 0000 00e9 | fbff ffff 

  0x000001f7b936326c: ;   {static_stub}
  0x000001f7b936326c: 9048 bb00 | 0000 0000 

  0x000001f7b9363274: ;   {runtime_call nmethod}
  0x000001f7b9363274: 0000 00e9 | fbff ffff 

  0x000001f7b936327c: ;   {static_stub}
  0x000001f7b936327c: 48bb 0000 | 0000 0000 

  0x000001f7b9363284: ;   {runtime_call nmethod}
  0x000001f7b9363284: 0000 e9fb 

  0x000001f7b9363288: ;   {static_stub}
  0x000001f7b9363288: ffff ff48 | bb00 0000 | 0000 0000 

  0x000001f7b9363294: ;   {runtime_call nmethod}
  0x000001f7b9363294: 00e9 fbff 

  0x000001f7b9363298: ;   {static_stub}
  0x000001f7b9363298: ffff 48bb | 0000 0000 | 0000 0000 

  0x000001f7b93632a4: ;   {runtime_call nmethod}
  0x000001f7b93632a4: e9fb ffff 

  0x000001f7b93632a8: ;   {static_stub}
  0x000001f7b93632a8: ff48 bb48 | 4104 d0f7 

  0x000001f7b93632b0: ;   {runtime_call I2C/C2I adapters}
  0x000001f7b93632b0: 0100 00e9 | ab01 d406 

  0x000001f7b93632b8: ;   {static_stub}
  0x000001f7b93632b8: 48bb 0000 | 0000 0000 

  0x000001f7b93632c0: ;   {runtime_call nmethod}
  0x000001f7b93632c0: 0000 e9fb 

  0x000001f7b93632c4: ;   {static_stub}
  0x000001f7b93632c4: ffff ff48 | bb00 0000 | 0000 0000 

  0x000001f7b93632d0: ;   {runtime_call nmethod}
  0x000001f7b93632d0: 00e9 fbff 

  0x000001f7b93632d4: ;   {static_stub}
  0x000001f7b93632d4: ffff 48bb | 0000 0000 | 0000 0000 

  0x000001f7b93632e0: ;   {runtime_call nmethod}
  0x000001f7b93632e0: e9fb ffff 

  0x000001f7b93632e4: ;   {static_stub}
  0x000001f7b93632e4: ff48 bb00 | 0000 0000 

  0x000001f7b93632ec: ;   {runtime_call nmethod}
  0x000001f7b93632ec: 0000 00e9 | fbff ffff 
[Exception Handler]
  0x000001f7b93632f4: ;   {runtime_call handle_exception_from_callee Runtime1 stub}
  0x000001f7b93632f4: e807 42e0 

  0x000001f7b93632f8: ;   {external_word}
  0x000001f7b93632f8: 0648 b990 | 7f27 d3fe | 7f00 0048 

  0x000001f7b9363304: ;   {runtime_call}
  0x000001f7b9363304: 83e4 f048 | b8e0 44ea | d2fe 7f00 | 00ff d0f4 
[Deopt Handler Code]
  0x000001f7b9363314: ;   {section_word}
  0x000001f7b9363314: 49ba 1433 | 36b9 f701 | 0000 4152 

  0x000001f7b9363320: ;   {runtime_call DeoptimizationBlob}
  0x000001f7b9363320: e97b 16d4 | 06f4 f4f4 
[/MachCode]


Compiled method (c1) 12546 10091       3       org.eclipse.e4.core.internal.di.InjectorImpl::processAnnotated (417 bytes)
 total in heap  [0x000001f7b9269f90,0x000001f7b926b708] = 6008
 relocation     [0x000001f7b926a0f0,0x000001f7b926a280] = 400
 main code      [0x000001f7b926a280,0x000001f7b926af60] = 3296
 stub code      [0x000001f7b926af60,0x000001f7b926b070] = 272
 oops           [0x000001f7b926b070,0x000001f7b926b078] = 8
 metadata       [0x000001f7b926b078,0x000001f7b926b0a8] = 48
 scopes data    [0x000001f7b926b0a8,0x000001f7b926b490] = 1000
 scopes pcs     [0x000001f7b926b490,0x000001f7b926b6c0] = 560
 dependencies   [0x000001f7b926b6c0,0x000001f7b926b6c8] = 8
 nul chk table  [0x000001f7b926b6c8,0x000001f7b926b708] = 64

[Constant Pool (empty)]

[MachCode]
[Entry Point]
  # {method} {0x000001f8128e82d0} 'processAnnotated' '(Lorg/eclipse/e4/core/internal/di/AnnotationLookup$AnnotationProxy;Ljava/lang/Object;Ljava/lang/Class;Lorg/eclipse/e4/core/di/suppliers/PrimaryObjectSupplier;Lorg/eclipse/e4/core/di/suppliers/PrimaryObjectSupplier;Ljava/util/List;)V' in 'org/eclipse/e4/core/internal/di/InjectorImpl'
  # this:     rdx:rdx   = 'org/eclipse/e4/core/internal/di/InjectorImpl'
  # parm0:    r8:r8     = 'org/eclipse/e4/core/internal/di/AnnotationLookup$AnnotationProxy'
  # parm1:    r9:r9     = 'java/lang/Object'
  # parm2:    rdi:rdi   = 'java/lang/Class'
  # parm3:    rsi:rsi   = 'org/eclipse/e4/core/di/suppliers/PrimaryObjectSupplier'
  # parm4:    rcx:rcx   = 'org/eclipse/e4/core/di/suppliers/PrimaryObjectSupplier'
  # parm5:    [sp+0xf0]   = 'java/util/List'  (sp of caller)
  0x000001f7b926a280: 448b 5208 | 49bb 0000 | 00d0 f701 | 0000 4d03 | d34c 3bd0 

  0x000001f7b926a294: ;   {runtime_call ic_miss_stub}
  0x000001f7b926a294: 0f85 e644 | e306 660f | 1f44 0000 
[Verified Entry Point]
  0x000001f7b926a2a0: 8984 2400 | 80ff ff55 | 4881 ece0 | 0000 0090 | 4181 7f20 | 0a00 0000 

  0x000001f7b926a2b8: ;   {runtime_call StubRoutines (final stubs)}
  0x000001f7b926a2b8: 7405 e8a1 | aae1 0648 | 8954 2470 | 4c89 4424 | 784c 898c | 2480 0000 | 0048 89b4 | 2488 0000 
  0x000001f7b926a2d8: 0048 898c | 2490 0000 

  0x000001f7b926a2e0: ;   {metadata(method data for {method} {0x000001f8128e82d0} 'processAnnotated' '(Lorg/eclipse/e4/core/internal/di/AnnotationLookup$AnnotationProxy;Ljava/lang/Object;Ljava/lang/Class;Lorg/eclipse/e4/core/di/suppliers/PrimaryObjectSupplier;Lorg/eclipse/e4/core/di/suppliers/PrimaryObjectSupplier;Ljava/util/List;)V' in 'org/eclipse/e4/core/internal/di/InjectorImpl')}
  0x000001f7b926a2e0: 0048 bba0 | df71 13f8 | 0100 008b | 83cc 0000 | 0083 c002 | 8983 cc00 | 0000 25fe | 0700 0085 
  0x000001f7b926a300: c00f 84c2 | 0a00 0048 | 3b07 488b 

  0x000001f7b926a30c: ;   {metadata(method data for {method} {0x000001f8128e82d0} 'processAnnotated' '(Lorg/eclipse/e4/core/internal/di/AnnotationLookup$AnnotationProxy;Ljava/lang/Object;Ljava/lang/Class;Lorg/eclipse/e4/core/di/suppliers/PrimaryObjectSupplier;Lorg/eclipse/e4/core/di/suppliers/PrimaryObjectSupplier;Ljava/util/List;)V' in 'org/eclipse/e4/core/internal/di/InjectorImpl')}
  0x000001f7b926a30c: df48 b8a0 | df71 13f8 | 0100 0048 | 8380 1001 | 0000 0148 | 8bd7 4889 

  0x000001f7b926a324: ;   {optimized virtual_call}
  0x000001f7b926a324: 7c24 68e8 

  0x000001f7b926a328: ; ImmutableOopMap {[104]=Oop [112]=Oop [120]=Oop [128]=Oop [136]=Oop [144]=Oop [240]=Oop }
                      ;*invokevirtual getSuperclass {reexecute=0 rethrow=0 return_oop=0}
                      ; - org.eclipse.e4.core.internal.di.InjectorImpl::processAnnotated@1 (line 936)
  0x000001f7b926a328: b417 7707 

  0x000001f7b926a32c: ;   {other}
  0x000001f7b926a32c: 0f1f 8400 | 9c03 0000 | 4889 8424 | 9800 0000 

  0x000001f7b926a33c: ;   {metadata(method data for {method} {0x000001f8128e82d0} 'processAnnotated' '(Lorg/eclipse/e4/core/internal/di/AnnotationLookup$AnnotationProxy;Ljava/lang/Object;Ljava/lang/Class;Lorg/eclipse/e4/core/di/suppliers/PrimaryObjectSupplier;Lorg/eclipse/e4/core/di/suppliers/PrimaryObjectSupplier;Ljava/util/List;)V' in 'org/eclipse/e4/core/internal/di/InjectorImpl')}
  0x000001f7b926a33c: 4885 c048 | baa0 df71 | 13f8 0100 | 0048 c7c6 | 4801 0000 | 7407 48c7 | c658 0100 | 0048 8b3c 
  0x000001f7b926a35c: 3248 8d7f | 0148 893c | 320f 84f9 | 0200 0048 | 3b00 488b 

  0x000001f7b926a370: ;   {metadata(method data for {method} {0x000001f8128e82d0} 'processAnnotated' '(Lorg/eclipse/e4/core/internal/di/AnnotationLookup$AnnotationProxy;Ljava/lang/Object;Ljava/lang/Class;Lorg/eclipse/e4/core/di/suppliers/PrimaryObjectSupplier;Lorg/eclipse/e4/core/di/suppliers/PrimaryObjectSupplier;Ljava/util/List;)V' in 'org/eclipse/e4/core/internal/di/InjectorImpl')}
  0x000001f7b926a370: d048 bea0 | df71 13f8 | 0100 0048 | 8386 6801 

  0x000001f7b926a380: ;   {metadata(method data for {method} {0x000001f7d0465ac0} 'getName' '()Ljava/lang/String;' in 'java/lang/Class')}
  0x000001f7b926a380: 0000 0148 | ba38 a805 | 11f8 0100 | 008b b2cc | 0000 0083 | c602 89b2 | cc00 0000 | 81e6 feff 
  0x000001f7b926a3a0: 1f00 85f6 | 0f84 4a0a | 0000 8b50 | 2c48 c1e2 | 0348 85d2 

  0x000001f7b926a3b4: ;   {metadata(method data for {method} {0x000001f7d0465ac0} 'getName' '()Ljava/lang/String;' in 'java/lang/Class')}
  0x000001f7b926a3b4: 48be 38a8 | 0511 f801 | 0000 48c7 | c710 0100 | 0074 0748 | c7c7 2001 | 0000 488b | 1c3e 488d 
  0x000001f7b926a3d4: 5b01 4889 | 1c3e 0f84 | 1500 0000 

  0x000001f7b926a3e0: ;   {metadata(method data for {method} {0x000001f7d0465ac0} 'getName' '()Ljava/lang/String;' in 'java/lang/Class')}
  0x000001f7b926a3e0: 48be 38a8 | 0511 f801 | 0000 ff86 | 3001 0000 | e92a 0000 | 0048 8bd0 

  0x000001f7b926a3f8: ;   {metadata(method data for {method} {0x000001f7d0465ac0} 'getName' '()Ljava/lang/String;' in 'java/lang/Class')}
  0x000001f7b926a3f8: 48be 38a8 | 0511 f801 | 0000 4883 | 8648 0100 | 0001 488b 

  0x000001f7b926a40c: ;   {optimized virtual_call}
  0x000001f7b926a40c: d066 90e8 

  0x000001f7b926a410: ; ImmutableOopMap {[104]=Oop [112]=Oop [120]=Oop [128]=Oop [136]=Oop [144]=Oop [152]=Oop [240]=Oop }
                      ;*invokevirtual initClassName {reexecute=0 rethrow=0 return_oop=0}
                      ; - java.lang.Class::getName@14
                      ; - org.eclipse.e4.core.internal.di.InjectorImpl::processAnnotated@13 (line 937)
  0x000001f7b926a410: 6c46 e306 

  0x000001f7b926a414: ;   {other}
  0x000001f7b926a414: 0f1f 8400 | 8404 0001 | 488b d048 | 3b02 4c8b 

  0x000001f7b926a424: ;   {metadata(method data for {method} {0x000001f8128e82d0} 'processAnnotated' '(Lorg/eclipse/e4/core/internal/di/AnnotationLookup$AnnotationProxy;Ljava/lang/Object;Ljava/lang/Class;Lorg/eclipse/e4/core/di/suppliers/PrimaryObjectSupplier;Lorg/eclipse/e4/core/di/suppliers/PrimaryObjectSupplier;Ljava/util/List;)V' in 'org/eclipse/e4/core/internal/di/InjectorImpl')}
  0x000001f7b926a424: c248 bea0 | df71 13f8 | 0100 0048 | 8386 a001 

  0x000001f7b926a434: ;   {oop("java.lang.Object"{0x000000074045d2f8})}
  0x000001f7b926a434: 0000 0149 | b8f8 d245 | 4007 0000 | 0066 0f1f 

  0x000001f7b926a444: ;   {optimized virtual_call}
  0x000001f7b926a444: 4400 00e8 

  0x000001f7b926a448: ; ImmutableOopMap {[104]=Oop [112]=Oop [120]=Oop [128]=Oop [136]=Oop [144]=Oop [152]=Oop [240]=Oop }
                      ;*invokevirtual equals {reexecute=0 rethrow=0 return_oop=0}
                      ; - org.eclipse.e4.core.internal.di.InjectorImpl::processAnnotated@18 (line 937)
  0x000001f7b926a448: f453 5d07 

  0x000001f7b926a44c: ;   {other}
  0x000001f7b926a44c: 0f1f 8400 | bc04 0002 

  0x000001f7b926a454: ;   {metadata(method data for {method} {0x000001f8128e82d0} 'processAnnotated' '(Lorg/eclipse/e4/core/internal/di/AnnotationLookup$AnnotationProxy;Ljava/lang/Object;Ljava/lang/Class;Lorg/eclipse/e4/core/di/suppliers/PrimaryObjectSupplier;Lorg/eclipse/e4/core/di/suppliers/PrimaryObjectSupplier;Ljava/util/List;)V' in 'org/eclipse/e4/core/internal/di/InjectorImpl')}
  0x000001f7b926a454: 85c0 49b8 | a0df 7113 | f801 0000 | 48c7 c2d8 | 0100 0075 | 0748 c7c2 | e801 0000 | 498b 3410 
  0x000001f7b926a474: 488d 7601 | 4989 3410 | 0f85 e201 | 0000 488b | b424 f000 | 0000 483b | 064c 8bc6 

  0x000001f7b926a490: ;   {metadata(method data for {method} {0x000001f8128e82d0} 'processAnnotated' '(Lorg/eclipse/e4/core/internal/di/AnnotationLookup$AnnotationProxy;Ljava/lang/Object;Ljava/lang/Class;Lorg/eclipse/e4/core/di/suppliers/PrimaryObjectSupplier;Lorg/eclipse/e4/core/di/suppliers/PrimaryObjectSupplier;Ljava/util/List;)V' in 'org/eclipse/e4/core/internal/di/InjectorImpl')}
  0x000001f7b926a490: 48ba a0df | 7113 f801 | 0000 458b | 4008 49ba | 0000 00d0 | f701 0000 | 4d03 c24c | 3b82 0802 
  0x000001f7b926a4b0: 0000 750d | 4883 8210 | 0200 0001 | e960 0000 | 004c 3b82 | 1802 0000 | 750d 4883 | 8220 0200 
  0x000001f7b926a4d0: 0001 e94a | 0000 0048 | 83ba 0802 | 0000 0075 | 174c 8982 | 0802 0000 | 48c7 8210 | 0200 0001 
  0x000001f7b926a4f0: 0000 00e9 | 2900 0000 | 4883 ba18 | 0200 0000 | 7517 4c89 | 8218 0200 | 0048 c782 | 2002 0000 
  0x000001f7b926a510: 0100 0000 | e908 0000 | 0048 8382 | f801 0000 | 014c 8b44 | 2468 488b | d60f 1f40 | 0048 b8e0 
  0x000001f7b926a530: a50b d0f7 

  0x000001f7b926a534: ;   {virtual_call}
  0x000001f7b926a534: 0100 00e8 

  0x000001f7b926a538: ; ImmutableOopMap {[104]=Oop [112]=Oop [120]=Oop [128]=Oop [136]=Oop [144]=Oop [152]=Oop [240]=Oop }
                      ;*invokeinterface add {reexecute=0 rethrow=0 return_oop=0}
                      ; - org.eclipse.e4.core.internal.di.InjectorImpl::processAnnotated@27 (line 938)
  0x000001f7b926a538: 242a 5b07 

  0x000001f7b926a53c: ;   {other}
  0x000001f7b926a53c: 0f1f 8400 | ac05 0003 | 488b 5424 

  0x000001f7b926a548: ;   {metadata(method data for {method} {0x000001f8128e82d0} 'processAnnotated' '(Lorg/eclipse/e4/core/internal/di/AnnotationLookup$AnnotationProxy;Ljava/lang/Object;Ljava/lang/Class;Lorg/eclipse/e4/core/di/suppliers/PrimaryObjectSupplier;Lorg/eclipse/e4/core/di/suppliers/PrimaryObjectSupplier;Ljava/util/List;)V' in 'org/eclipse/e4/core/internal/di/InjectorImpl')}
  0x000001f7b926a548: 7049 b8a0 | df71 13f8 | 0100 0049 | 8380 3002 | 0000 014c | 8b44 2478 | 4c8b 8c24 | 8000 0000 
  0x000001f7b926a568: 488b bc24 | 9800 0000 | 488b b424 | 8800 0000 | 488b 8c24 | 9000 0000 | 488b 9c24 | f000 0000 
  0x000001f7b926a588: 4889 1c24 | 488b 5424 | 7066 0f1f 

  0x000001f7b926a594: ;   {optimized virtual_call}
  0x000001f7b926a594: 4400 00e8 

  0x000001f7b926a598: ; ImmutableOopMap {[104]=Oop [112]=Oop [120]=Oop [128]=Oop [136]=Oop [144]=Oop [240]=Oop }
                      ;*invokevirtual processAnnotated {reexecute=0 rethrow=0 return_oop=0}
                      ; - org.eclipse.e4.core.internal.di.InjectorImpl::processAnnotated@44 (line 939)
  0x000001f7b926a598: 04fd ffff 

  0x000001f7b926a59c: ;   {other}
  0x000001f7b926a59c: 0f1f 8400 | 0c06 0004 | 488b b424 | f000 0000 

  0x000001f7b926a5ac: ;   {metadata(method data for {method} {0x000001f8128e82d0} 'processAnnotated' '(Lorg/eclipse/e4/core/internal/di/AnnotationLookup$AnnotationProxy;Ljava/lang/Object;Ljava/lang/Class;Lorg/eclipse/e4/core/di/suppliers/PrimaryObjectSupplier;Lorg/eclipse/e4/core/di/suppliers/PrimaryObjectSupplier;Ljava/util/List;)V' in 'org/eclipse/e4/core/internal/di/InjectorImpl')}
  0x000001f7b926a5ac: 49b8 a0df | 7113 f801 | 0000 8b76 | 0849 ba00 | 0000 d0f7 | 0100 0049 | 03f2 493b | b078 0200 
  0x000001f7b926a5cc: 0075 0d49 | 8380 8002 | 0000 01e9 | 6000 0000 | 493b b088 | 0200 0075 | 0d49 8380 | 9002 0000 
  0x000001f7b926a5ec: 01e9 4a00 | 0000 4983 | b878 0200 | 0000 7517 | 4989 b078 | 0200 0049 | c780 8002 | 0000 0100 
  0x000001f7b926a60c: 0000 e929 | 0000 0049 | 83b8 8802 | 0000 0075 | 1749 89b0 | 8802 0000 | 49c7 8090 | 0200 0001 
  0x000001f7b926a62c: 0000 00e9 | 0800 0000 | 4983 8068 | 0200 0001 | 4c8b 4424 | 6848 8b94 | 24f0 0000 | 000f 1f40 
  0x000001f7b926a64c: 0048 b8e0 | a50b d0f7 

  0x000001f7b926a654: ;   {virtual_call}
  0x000001f7b926a654: 0100 00e8 

  0x000001f7b926a658: ; ImmutableOopMap {[104]=Oop [112]=Oop [120]=Oop [128]=Oop [136]=Oop [144]=Oop [240]=Oop }
                      ;*invokeinterface remove {reexecute=0 rethrow=0 return_oop=0}
                      ; - org.eclipse.e4.core.internal.di.InjectorImpl::processAnnotated@50 (line 940)
  0x000001f7b926a658: e4a7 8607 

  0x000001f7b926a65c: ;   {other}
  0x000001f7b926a65c: 0f1f 8400 | cc06 0005 | 488b 7c24 | 6848 8b54 

  0x000001f7b926a66c: ;   {metadata(method data for {method} {0x000001f8128e82d0} 'processAnnotated' '(Lorg/eclipse/e4/core/internal/di/AnnotationLookup$AnnotationProxy;Ljava/lang/Object;Ljava/lang/Class;Lorg/eclipse/e4/core/di/suppliers/PrimaryObjectSupplier;Lorg/eclipse/e4/core/di/suppliers/PrimaryObjectSupplier;Ljava/util/List;)V' in 'org/eclipse/e4/core/internal/di/InjectorImpl')}
  0x000001f7b926a66c: 2470 49b8 | a0df 7113 | f801 0000 | 4983 80a0 | 0200 0001 | 4c8b c748 | 8b54 2470 | 0f1f 8000 
  0x000001f7b926a68c: ;   {optimized virtual_call}
  0x000001f7b926a68c: 0000 00e8 

  0x000001f7b926a690: ; ImmutableOopMap {[112]=Oop [120]=Oop [128]=Oop [136]=Oop [144]=Oop [240]=Oop }
                      ;*invokevirtual getDeclaredMethods {reexecute=0 rethrow=0 return_oop=0}
                      ; - org.eclipse.e4.core.internal.di.InjectorImpl::processAnnotated@58 (line 942)
  0x000001f7b926a690: 4c83 a8ff 

  0x000001f7b926a694: ;   {other}
  0x000001f7b926a694: 0f1f 8400 | 0407 0006 | 4889 8424 | b000 0000 

  0x000001f7b926a6a4: ; implicit exception: dispatches to 0x000001f7b926ae1f
  0x000001f7b926a6a4: 8b70 0c89 | b424 a400 

  0x000001f7b926a6ac: ;   {metadata(method data for {method} {0x000001f8128e82d0} 'processAnnotated' '(Lorg/eclipse/e4/core/internal/di/AnnotationLookup$AnnotationProxy;Ljava/lang/Object;Ljava/lang/Class;Lorg/eclipse/e4/core/di/suppliers/PrimaryObjectSupplier;Lorg/eclipse/e4/core/di/suppliers/PrimaryObjectSupplier;Ljava/util/List;)V' in 'org/eclipse/e4/core/internal/di/InjectorImpl')}
  0x000001f7b926a6ac: 0000 49b8 | a0df 7113 | f801 0000 | 41ff 80d8 | 0200 00bf | 0000 0000 | 0f1f 4000 | 4c8b 4424 
  0x000001f7b926a6cc: 783b fe41 | bd02 0000 | 007c 0641 | bd00 0000 

  0x000001f7b926a6dc: ;   {metadata(method data for {method} {0x000001f8128e82d0} 'processAnnotated' '(Lorg/eclipse/e4/core/internal/di/AnnotationLookup$AnnotationProxy;Ljava/lang/Object;Ljava/lang/Class;Lorg/eclipse/e4/core/di/suppliers/PrimaryObjectSupplier;Lorg/eclipse/e4/core/di/suppliers/PrimaryObjectSupplier;Ljava/util/List;)V' in 'org/eclipse/e4/core/internal/di/InjectorImpl')}
  0x000001f7b926a6dc: 0049 bea0 | df71 13f8 | 0100 0041 | 8b96 d000 | 0000 4103 | d541 8996 | d000 0000 | 4585 ed75 
  0x000001f7b926a6fc: 05ba 0200 | 0000 81e2 | fe3f 0000 | 85d2 0f84 | 1407 0000 | 4d8b 9750 

  0x000001f7b926a714: ; ImmutableOopMap {rax=Oop r8=Oop [112]=Oop [120]=Oop [128]=Oop [136]=Oop [144]=Oop [176]=Oop [240]=Oop }
                      ;*if_icmplt {reexecute=1 rethrow=0 return_oop=0}
                      ; - (reexecute) org.eclipse.e4.core.internal.di.InjectorImpl::processAnnotated@413 (line 943)
                      ;   {poll}
  0x000001f7b926a714: 0400 0041 | 8502 3bfe 

  0x000001f7b926a71c: ;   {metadata(method data for {method} {0x000001f8128e82d0} 'processAnnotated' '(Lorg/eclipse/e4/core/internal/di/AnnotationLookup$AnnotationProxy;Ljava/lang/Object;Ljava/lang/Class;Lorg/eclipse/e4/core/di/suppliers/PrimaryObjectSupplier;Lorg/eclipse/e4/core/di/suppliers/PrimaryObjectSupplier;Ljava/util/List;)V' in 'org/eclipse/e4/core/internal/di/InjectorImpl')}
  0x000001f7b926a71c: 48ba a0df | 7113 f801 | 0000 49c7 | c508 0c00 | 007d 0749 | c7c5 f80b | 0000 4e8b | 342a 4d8d 
  0x000001f7b926a73c: 7601 4e89 | 342a 0f8d | 3905 0000 | 488b 5424 | 704c 63ef | 468b 6ca8 | 1049 c1e5 | 034c 8bf2 
  0x000001f7b926a75c: 89bc 24a0 

  0x000001f7b926a760: ;   {metadata(method data for {method} {0x000001f8128e82d0} 'processAnnotated' '(Lorg/eclipse/e4/core/internal/di/AnnotationLookup$AnnotationProxy;Ljava/lang/Object;Ljava/lang/Class;Lorg/eclipse/e4/core/di/suppliers/PrimaryObjectSupplier;Lorg/eclipse/e4/core/di/suppliers/PrimaryObjectSupplier;Ljava/util/List;)V' in 'org/eclipse/e4/core/internal/di/InjectorImpl')}
  0x000001f7b926a760: 0000 0048 | bea0 df71 | 13f8 0100 | 0048 8386 | f002 0000 | 0149 8bf0 | 4d8b c54c | 8bce 4c8b 
  0x000001f7b926a780: f249 8bd6 | 4c89 ac24 | a800 0000 

  0x000001f7b926a78c: ;   {optimized virtual_call}
  0x000001f7b926a78c: 6666 90e8 

  0x000001f7b926a790: ; ImmutableOopMap {[112]=Oop [120]=Oop [128]=Oop [136]=Oop [144]=Oop [168]=Oop [176]=Oop [240]=Oop }
                      ;*invokevirtual isAnnotationPresent {reexecute=0 rethrow=0 return_oop=0}
                      ; - org.eclipse.e4.core.internal.di.InjectorImpl::processAnnotated@88 (line 944)
  0x000001f7b926a790: ecb7 6f07 

  0x000001f7b926a794: ;   {other}
  0x000001f7b926a794: 0f1f 8400 | 0408 0008 

  0x000001f7b926a79c: ;   {metadata(method data for {method} {0x000001f8128e82d0} 'processAnnotated' '(Lorg/eclipse/e4/core/internal/di/AnnotationLookup$AnnotationProxy;Ljava/lang/Object;Ljava/lang/Class;Lorg/eclipse/e4/core/di/suppliers/PrimaryObjectSupplier;Lorg/eclipse/e4/core/di/suppliers/PrimaryObjectSupplier;Ljava/util/List;)V' in 'org/eclipse/e4/core/internal/di/InjectorImpl')}
  0x000001f7b926a79c: 85c0 49b8 | a0df 7113 | f801 0000 | 49c7 c128 | 0300 0075 | 0749 c7c1 | 3803 0000 | 4b8b 1408 
  0x000001f7b926a7bc: 488d 5201 | 4b89 1408 | 0f85 1600 

  0x000001f7b926a7c8: ;   {metadata(method data for {method} {0x000001f8128e82d0} 'processAnnotated' '(Lorg/eclipse/e4/core/internal/di/AnnotationLookup$AnnotationProxy;Ljava/lang/Object;Ljava/lang/Class;Lorg/eclipse/e4/core/di/suppliers/PrimaryObjectSupplier;Lorg/eclipse/e4/core/di/suppliers/PrimaryObjectSupplier;Ljava/util/List;)V' in 'org/eclipse/e4/core/internal/di/InjectorImpl')}
  0x000001f7b926a7c8: 0000 49b8 | a0df 7113 | f801 0000 | 41ff 8048 | 0300 00e9 | 8404 0000 | 488b 5424 

  0x000001f7b926a7e4: ;   {metadata(method data for {method} {0x000001f8128e82d0} 'processAnnotated' '(Lorg/eclipse/e4/core/internal/di/AnnotationLookup$AnnotationProxy;Ljava/lang/Object;Ljava/lang/Class;Lorg/eclipse/e4/core/di/suppliers/PrimaryObjectSupplier;Lorg/eclipse/e4/core/di/suppliers/PrimaryObjectSupplier;Ljava/util/List;)V' in 'org/eclipse/e4/core/internal/di/InjectorImpl')}
  0x000001f7b926a7e4: 7049 b8a0 | df71 13f8 | 0100 0049 | 8380 d009 | 0000 014c | 8b84 24a8 | 0000 004c | 8b8c 24f0 
  0x000001f7b926a804: 0000 0048 | 8b54 2470 

  0x000001f7b926a80c: ;   {optimized virtual_call}
  0x000001f7b926a80c: 6666 90e8 

  0x000001f7b926a810: ; ImmutableOopMap {[112]=Oop [120]=Oop [128]=Oop [136]=Oop [144]=Oop [168]=Oop [176]=Oop [240]=Oop }
                      ;*invokevirtual isOverridden {reexecute=0 rethrow=0 return_oop=0}
                      ; - org.eclipse.e4.core.internal.di.InjectorImpl::processAnnotated@314 (line 964)
  0x000001f7b926a810: ae07 0000 

  0x000001f7b926a814: ;   {other}
  0x000001f7b926a814: 0f1f 8400 | 8408 0009 

  0x000001f7b926a81c: ;   {metadata(method data for {method} {0x000001f8128e82d0} 'processAnnotated' '(Lorg/eclipse/e4/core/internal/di/AnnotationLookup$AnnotationProxy;Ljava/lang/Object;Ljava/lang/Class;Lorg/eclipse/e4/core/di/suppliers/PrimaryObjectSupplier;Lorg/eclipse/e4/core/di/suppliers/PrimaryObjectSupplier;Ljava/util/List;)V' in 'org/eclipse/e4/core/internal/di/InjectorImpl')}
  0x000001f7b926a81c: 85c0 48ba | a0df 7113 | f801 0000 | 48c7 c608 | 0a00 0074 | 0748 c7c6 | 180a 0000 | 488b 3c32 
  0x000001f7b926a83c: 488d 7f01 | 4889 3c32 | 0f84 1500 

  0x000001f7b926a848: ;   {metadata(method data for {method} {0x000001f8128e82d0} 'processAnnotated' '(Lorg/eclipse/e4/core/internal/di/AnnotationLookup$AnnotationProxy;Ljava/lang/Object;Ljava/lang/Class;Lorg/eclipse/e4/core/di/suppliers/PrimaryObjectSupplier;Lorg/eclipse/e4/core/di/suppliers/PrimaryObjectSupplier;Ljava/util/List;)V' in 'org/eclipse/e4/core/internal/di/InjectorImpl')}
  0x000001f7b926a848: 0000 48ba | a0df 7113 | f801 0000 | ff82 280a | 0000 e905 

  0x000001f7b926a85c: ;   {metadata('org/eclipse/e4/core/internal/di/MethodRequestor')}
  0x000001f7b926a85c: 0400 0048 | baf0 6230 | d1f7 0100 | 0049 8b87 | b801 0000 | 488d 7830 | 493b bfc8 | 0100 000f 
  0x000001f7b926a87c: 87c4 0500 | 0049 89bf | b801 0000 | 48c7 0001 | 0000 0048 | 8bca 49ba | 0000 00d0 | f701 0000 
  0x000001f7b926a89c: 492b ca89 | 4808 4833 | c989 480c | 4833 c948 | 8948 1048 | 8948 1848 | 8948 2048 | 8948 2848 
  0x000001f7b926a8bc: 8984 24b8 | 0000 004c 

  0x000001f7b926a8c4: ;   {metadata(method data for {method} {0x000001f8128e82d0} 'processAnnotated' '(Lorg/eclipse/e4/core/internal/di/AnnotationLookup$AnnotationProxy;Ljava/lang/Object;Ljava/lang/Class;Lorg/eclipse/e4/core/di/suppliers/PrimaryObjectSupplier;Lorg/eclipse/e4/core/di/suppliers/PrimaryObjectSupplier;Ljava/util/List;)V' in 'org/eclipse/e4/core/internal/di/InjectorImpl')}
  0x000001f7b926a8c4: 8bc0 49b9 | a0df 7113 | f801 0000 | 4983 8140 | 0a00 0001 | 4c8b 8424 | a800 0000 | 4c8b 4c24 
  0x000001f7b926a8e4: 7048 8bbc | 2488 0000 | 0048 8bb4 | 2490 0000 | 0048 8b8c | 2480 0000 | 00c7 0424 | 0000 0000 
  0x000001f7b926a904: ;   {optimized virtual_call}
  0x000001f7b926a904: 488b d0e8 

  0x000001f7b926a908: ; ImmutableOopMap {[112]=Oop [120]=Oop [128]=Oop [136]=Oop [144]=Oop [168]=Oop [176]=Oop [184]=Oop [240]=Oop }
                      ;*invokespecial <init> {reexecute=0 rethrow=0 return_oop=0}
                      ; - org.eclipse.e4.core.internal.di.InjectorImpl::processAnnotated@336 (line 967)
  0x000001f7b926a908: c506 0000 

  0x000001f7b926a90c: ;   {other}
  0x000001f7b926a90c: 0f1f 8400 | 7c09 000a | 488b 5424 

  0x000001f7b926a918: ;   {metadata(method data for {method} {0x000001f8128e82d0} 'processAnnotated' '(Lorg/eclipse/e4/core/internal/di/AnnotationLookup$AnnotationProxy;Ljava/lang/Object;Ljava/lang/Class;Lorg/eclipse/e4/core/di/suppliers/PrimaryObjectSupplier;Lorg/eclipse/e4/core/di/suppliers/PrimaryObjectSupplier;Ljava/util/List;)V' in 'org/eclipse/e4/core/internal/di/InjectorImpl')}
  0x000001f7b926a918: 7049 b8a0 | df71 13f8 | 0100 0049 | 8380 500a | 0000 014c | 8b84 24b8 | 0000 004c | 8b8c 2488 
  0x000001f7b926a938: 0000 0048 | 8bbc 2490 | 0000 00be | 0000 0000 | b900 0000 | 00c7 0424 | 0000 0000 | 488b 5424 
  0x000001f7b926a958: 7066 0f1f 

  0x000001f7b926a95c: ;   {optimized virtual_call}
  0x000001f7b926a95c: 4400 00e8 

  0x000001f7b926a960: ; ImmutableOopMap {[112]=Oop [120]=Oop [128]=Oop [136]=Oop [144]=Oop [168]=Oop [176]=Oop [184]=Oop [240]=Oop }
                      ;*invokevirtual resolveArgs {reexecute=0 rethrow=0 return_oop=0}
                      ; - org.eclipse.e4.core.internal.di.InjectorImpl::processAnnotated@351 (line 968)
  0x000001f7b926a960: 9ce7 c5ff 

  0x000001f7b926a964: ;   {other}
  0x000001f7b926a964: 0f1f 8400 | d409 000b | 4889 8424 | c000 0000 | 488b 5424 

  0x000001f7b926a978: ;   {metadata(method data for {method} {0x000001f8128e82d0} 'processAnnotated' '(Lorg/eclipse/e4/core/internal/di/AnnotationLookup$AnnotationProxy;Ljava/lang/Object;Ljava/lang/Class;Lorg/eclipse/e4/core/di/suppliers/PrimaryObjectSupplier;Lorg/eclipse/e4/core/di/suppliers/PrimaryObjectSupplier;Ljava/util/List;)V' in 'org/eclipse/e4/core/internal/di/InjectorImpl')}
  0x000001f7b926a978: 7049 b8a0 | df71 13f8 | 0100 0049 | 8380 880a 

  0x000001f7b926a988: ;   {metadata(method data for {method} {0x000001f8128e3338} 'unresolved' '([Ljava/lang/Object;)I' in 'org/eclipse/e4/core/internal/di/InjectorImpl')}
  0x000001f7b926a988: 0000 0149 | b878 ef61 | 13f8 0100 | 0045 8b88 | cc00 0000 | 4183 c102 | 4589 88cc | 0000 0041 
  0x000001f7b926a9a8: 81e1 feff | 1f00 4585 | c90f 849b 

  0x000001f7b926a9b4: ;   {metadata(method data for {method} {0x000001f8128e3338} 'unresolved' '([Ljava/lang/Object;)I' in 'org/eclipse/e4/core/internal/di/InjectorImpl')}
  0x000001f7b926a9b4: 0400 0049 | b878 ef61 | 13f8 0100 | 0041 ff80 | 1001 0000 | 41b8 0000 | 0000 e94d | 0000 000f 
  0x000001f7b926a9d4: 1f44 0000 | 4d63 c846 | 8b4c 8810 | 49c1 e103 

  0x000001f7b926a9e4: ;   {oop(a 'java/lang/Object'{0x0000000743008820})}
  0x000001f7b926a9e4: 49ba 2088 | 0043 0700 | 0000 4d3b 

  0x000001f7b926a9f0: ;   {metadata(method data for {method} {0x000001f8128e3338} 'unresolved' '([Ljava/lang/Object;)I' in 'org/eclipse/e4/core/internal/di/InjectorImpl')}
  0x000001f7b926a9f0: ca49 b978 | ef61 13f8 | 0100 0048 | c7c2 3801 | 0000 7407 | 48c7 c228 | 0100 0049 | 8b34 1148 
  0x000001f7b926aa10: 8d76 0149 | 8934 110f | 8484 0000 | 0041 ffc0 

  0x000001f7b926aa20: ; implicit exception: dispatches to 0x000001f7b926ae73
  0x000001f7b926aa20: 448b 480c | 453b c1ba | 0200 0000 | 7c05 ba00 

  0x000001f7b926aa30: ;   {metadata(method data for {method} {0x000001f8128e3338} 'unresolved' '([Ljava/lang/Object;)I' in 'org/eclipse/e4/core/internal/di/InjectorImpl')}
  0x000001f7b926aa30: 0000 0048 | be78 ef61 | 13f8 0100 | 008b bed0 | 0000 0003 | fa89 bed0 | 0000 0085 | d275 05bf 
  0x000001f7b926aa50: 0200 0000 | 81e7 fe3f | 0000 85ff | 0f84 1604 | 0000 4d8b | 9750 0400 

  0x000001f7b926aa68: ; ImmutableOopMap {rax=Oop [112]=Oop [120]=Oop [128]=Oop [136]=Oop [144]=Oop [168]=Oop [176]=Oop [184]=Oop [192]=Oop [240]=Oop }
                      ;*if_icmplt {reexecute=1 rethrow=0 return_oop=0}
                      ; - (reexecute) org.eclipse.e4.core.internal.di.InjectorImpl::unresolved@22 (line 625)
                      ; - org.eclipse.e4.core.internal.di.InjectorImpl::processAnnotated@359 (line 969)
                      ;   {poll}
  0x000001f7b926aa68: 0041 8502 

  0x000001f7b926aa6c: ;   {metadata(method data for {method} {0x000001f8128e3338} 'unresolved' '([Ljava/lang/Object;)I' in 'org/eclipse/e4/core/internal/di/InjectorImpl')}
  0x000001f7b926aa6c: 453b c149 | b978 ef61 | 13f8 0100 | 0048 c7c2 | 4801 0000 | 7c07 48c7 | c258 0100 | 0049 8b34 
  0x000001f7b926aa8c: 1148 8d76 | 0149 8934 | 110f 8c3d | ffff ff41 | b8ff ffff | ff41 83f8 

  0x000001f7b926aaa4: ;   {metadata(method data for {method} {0x000001f8128e82d0} 'processAnnotated' '(Lorg/eclipse/e4/core/internal/di/AnnotationLookup$AnnotationProxy;Ljava/lang/Object;Ljava/lang/Class;Lorg/eclipse/e4/core/di/suppliers/PrimaryObjectSupplier;Lorg/eclipse/e4/core/di/suppliers/PrimaryObjectSupplier;Ljava/util/List;)V' in 'org/eclipse/e4/core/internal/di/InjectorImpl')}
  0x000001f7b926aaa4: ff49 b9a0 | df71 13f8 | 0100 0048 | c7c2 c00a | 0000 7407 | 48c7 c2d0 | 0a00 0049 | 8b34 1148 
  0x000001f7b926aac4: 8d76 0149 | 8934 110f | 848e 0000 | 0044 8984 | 24c8 0000 | 004c 8bac | 24a8 0000 | 0048 8b54 
  0x000001f7b926aae4: ;   {metadata(method data for {method} {0x000001f8128e82d0} 'processAnnotated' '(Lorg/eclipse/e4/core/internal/di/AnnotationLookup$AnnotationProxy;Ljava/lang/Object;Ljava/lang/Class;Lorg/eclipse/e4/core/di/suppliers/PrimaryObjectSupplier;Lorg/eclipse/e4/core/di/suppliers/PrimaryObjectSupplier;Ljava/util/List;)V' in 'org/eclipse/e4/core/internal/di/InjectorImpl')}
  0x000001f7b926aae4: 2470 49b9 | a0df 7113 | f801 0000 | 4983 81e0 | 0a00 0001 

  0x000001f7b926aaf8: ;   {oop(a 'org/eclipse/e4/core/internal/di/AnnotationLookup$AnnotationProxy'{0x00000007430dcb08})}
  0x000001f7b926aaf8: 4d8b c549 | b908 cb0d | 4307 0000 | 0048 8b54 | 2470 0f1f 

  0x000001f7b926ab0c: ;   {optimized virtual_call}
  0x000001f7b926ab0c: 4400 00e8 

  0x000001f7b926ab10: ; ImmutableOopMap {[112]=Oop [120]=Oop [128]=Oop [136]=Oop [144]=Oop [176]=Oop [184]=Oop [192]=Oop [240]=Oop }
                      ;*invokevirtual isAnnotationPresent {reexecute=0 rethrow=0 return_oop=0}
                      ; - org.eclipse.e4.core.internal.di.InjectorImpl::processAnnotated@376 (line 971)
  0x000001f7b926ab10: 6c3f e306 

  0x000001f7b926ab14: ;   {other}
  0x000001f7b926ab14: 0f1f 8400 | 840b 000d 

  0x000001f7b926ab1c: ;   {metadata(method data for {method} {0x000001f8128e82d0} 'processAnnotated' '(Lorg/eclipse/e4/core/internal/di/AnnotationLookup$AnnotationProxy;Ljava/lang/Object;Ljava/lang/Class;Lorg/eclipse/e4/core/di/suppliers/PrimaryObjectSupplier;Lorg/eclipse/e4/core/di/suppliers/PrimaryObjectSupplier;Ljava/util/List;)V' in 'org/eclipse/e4/core/internal/di/InjectorImpl')}
  0x000001f7b926ab1c: 85c0 48ba | a0df 7113 | f801 0000 | 48c7 c618 | 0b00 0074 | 0748 c7c6 | 280b 0000 | 488b 3c32 
  0x000001f7b926ab3c: 488d 7f01 | 4889 3c32 | 0f84 4d01 

  0x000001f7b926ab48: ;   {metadata(method data for {method} {0x000001f8128e82d0} 'processAnnotated' '(Lorg/eclipse/e4/core/internal/di/AnnotationLookup$AnnotationProxy;Ljava/lang/Object;Ljava/lang/Class;Lorg/eclipse/e4/core/di/suppliers/PrimaryObjectSupplier;Lorg/eclipse/e4/core/di/suppliers/PrimaryObjectSupplier;Ljava/util/List;)V' in 'org/eclipse/e4/core/internal/di/InjectorImpl')}
  0x000001f7b926ab48: 0000 48ba | a0df 7113 | f801 0000 | ff82 380b | 0000 e905 | 0100 0048 | 8bf0 488b | 8424 b800 
  0x000001f7b926ab68: 0000 488b 

  0x000001f7b926ab6c: ;   {metadata(method data for {method} {0x000001f8128e82d0} 'processAnnotated' '(Lorg/eclipse/e4/core/internal/di/AnnotationLookup$AnnotationProxy;Ljava/lang/Object;Ljava/lang/Class;Lorg/eclipse/e4/core/di/suppliers/PrimaryObjectSupplier;Lorg/eclipse/e4/core/di/suppliers/PrimaryObjectSupplier;Ljava/util/List;)V' in 'org/eclipse/e4/core/internal/di/InjectorImpl')}
  0x000001f7b926ab6c: d048 bfa0 | df71 13f8 | 0100 008b | 5208 49ba | 0000 00d0 | f701 0000 | 4903 d248 | 3b97 980b 
  0x000001f7b926ab8c: 0000 750d | 4883 87a0 | 0b00 0001 | e960 0000 | 0048 3b97 | a80b 0000 | 750d 4883 | 87b0 0b00 
  0x000001f7b926abac: 0001 e94a | 0000 0048 | 83bf 980b | 0000 0075 | 1748 8997 | 980b 0000 | 48c7 87a0 | 0b00 0001 
  0x000001f7b926abcc: 0000 00e9 | 2900 0000 | 4883 bfa8 | 0b00 0000 | 7517 4889 | 97a8 0b00 | 0048 c787 | b00b 0000 
  0x000001f7b926abec: 0100 0000 | e908 0000 | 0048 8387 | 880b 0000 | 0141 0fbe | 5740 85d2 | 0f85 8f02 | 0000 4c8b 
  0x000001f7b926ac0c: d649 c1ea | 0344 8950 | 2848 8bd0 | 4833 d648 | c1ea 1548 | 83fa 000f | 858f 0200 | 0048 8bd0 
  0x000001f7b926ac2c: ;   {metadata(method data for {method} {0x000001f8128e82d0} 'processAnnotated' '(Lorg/eclipse/e4/core/internal/di/AnnotationLookup$AnnotationProxy;Ljava/lang/Object;Ljava/lang/Class;Lorg/eclipse/e4/core/di/suppliers/PrimaryObjectSupplier;Lorg/eclipse/e4/core/di/suppliers/PrimaryObjectSupplier;Ljava/util/List;)V' in 'org/eclipse/e4/core/internal/di/InjectorImpl')}
  0x000001f7b926ac2c: 48be a0df | 7113 f801 

  0x000001f7b926ac34: ;   {metadata('org/eclipse/e4/core/internal/di/MethodRequestor')}
  0x000001f7b926ac34: 0000 49ba | f062 30d1 | f701 0000 | 4c89 96d0 | 0b00 0048 | 8386 d80b | 0000 0148 | 8bd0 0f1f 
  0x000001f7b926ac54: ;   {optimized virtual_call}
  0x000001f7b926ac54: 4400 00e8 

  0x000001f7b926ac58: ; ImmutableOopMap {[112]=Oop [120]=Oop [128]=Oop [136]=Oop [144]=Oop [176]=Oop [240]=Oop }
                      ;*invokevirtual execute {reexecute=0 rethrow=0 return_oop=0}
                      ; - org.eclipse.e4.core.internal.di.InjectorImpl::processAnnotated@402 (line 977)
  0x000001f7b926ac58: c45f 0f00 

  0x000001f7b926ac5c: ;   {other}
  0x000001f7b926ac5c: 0f1f 8400 | cc0c 000e | 8bbc 24a0 | 0000 00ff | c78b b424 | a400 0000 | 488b 8424 | b000 0000 
  0x000001f7b926ac7c: e947 faff | ff48 81c4 | e000 0000 

  0x000001f7b926ac88: ;   {poll_return}
  0x000001f7b926ac88: 5d49 3ba7 | 4804 0000 | 0f87 3a02 | 0000 c344 | 8b8c 24c8 | 0000 0048 | 8b84 24b8 | 0000 0048 
  0x000001f7b926aca8: 8b54 2470 

  0x000001f7b926acac: ;   {metadata(method data for {method} {0x000001f8128e82d0} 'processAnnotated' '(Lorg/eclipse/e4/core/internal/di/AnnotationLookup$AnnotationProxy;Ljava/lang/Object;Ljava/lang/Class;Lorg/eclipse/e4/core/di/suppliers/PrimaryObjectSupplier;Lorg/eclipse/e4/core/di/suppliers/PrimaryObjectSupplier;Ljava/util/List;)V' in 'org/eclipse/e4/core/internal/di/InjectorImpl')}
  0x000001f7b926acac: 49b8 a0df | 7113 f801 | 0000 4983 | 8050 0b00 

  0x000001f7b926acbc: ;   {metadata(method data for {method} {0x000001f8128e2810} 'reportUnresolvedArgument' '(Lorg/eclipse/e4/core/internal/di/Requestor;I)V' in 'org/eclipse/e4/core/internal/di/InjectorImpl')}
  0x000001f7b926acbc: 0001 49b8 | 28ec 7113 | f801 0000 | 418b 90cc | 0000 0083 | c202 4189 | 90cc 0000 | 0081 e2fe 
  0x000001f7b926acdc: ff1f 0085 | d20f 84ff | 0100 0048 | 8b54 2470 

  0x000001f7b926acec: ;   {metadata(method data for {method} {0x000001f8128e2810} 'reportUnresolvedArgument' '(Lorg/eclipse/e4/core/internal/di/Requestor;I)V' in 'org/eclipse/e4/core/internal/di/InjectorImpl')}
  0x000001f7b926acec: 49b8 28ec | 7113 f801 | 0000 4983 | 8010 0100 | 0001 4c8b | c048 8b54 

  0x000001f7b926ad04: ;   {optimized virtual_call}
  0x000001f7b926ad04: 2470 90e8 

  0x000001f7b926ad08: ; ImmutableOopMap {[112]=Oop [120]=Oop [128]=Oop [136]=Oop [144]=Oop [176]=Oop [184]=Oop [192]=Oop [240]=Oop }
                      ;*invokevirtual resolutionError {reexecute=0 rethrow=0 return_oop=0}
                      ; - org.eclipse.e4.core.internal.di.InjectorImpl::reportUnresolvedArgument@3 (line 458)
                      ; - org.eclipse.e4.core.internal.di.InjectorImpl::processAnnotated@390 (line 974)
  0x000001f7b926ad08: 743d e306 

  0x000001f7b926ad0c: ;   {other}
  0x000001f7b926ad0c: 0f1f 8400 | 7c0d 000f 

  0x000001f7b926ad14: ;   {metadata(method data for {method} {0x000001f8128e2810} 'reportUnresolvedArgument' '(Lorg/eclipse/e4/core/internal/di/Requestor;I)V' in 'org/eclipse/e4/core/internal/di/InjectorImpl')}
  0x000001f7b926ad14: 4c8b c048 | ba28 ec71 | 13f8 0100 | 00ff 8248 | 0100 0090 

  0x000001f7b926ad28: ;   {no_reloc}
  0x000001f7b926ad28: e9e9 0100 | 0000 0000 | 0000 80ba | 2101 0000 | 040f 85e6 | 0100 0049 | 8b87 b801 | 0000 488d 
  0x000001f7b926ad48: 7828 493b | bfc8 0100 | 000f 87ce | 0100 0049 | 89bf b801 | 0000 48c7 | 0001 0000 | 0048 8bca 
  0x000001f7b926ad68: 49ba 0000 | 00d0 f701 | 0000 492b | ca89 4808 | 4833 c989 | 480c 4833 | c948 8948 | 1048 8948 
  0x000001f7b926ad88: 1848 8948 | 2048 8bd0 

  0x000001f7b926ad90: ;   {metadata(method data for {method} {0x000001f8128e2810} 'reportUnresolvedArgument' '(Lorg/eclipse/e4/core/internal/di/Requestor;I)V' in 'org/eclipse/e4/core/internal/di/InjectorImpl')}
  0x000001f7b926ad90: 48be 28ec | 7113 f801 | 0000 4883 | 8678 0100 | 0001 488b | d048 8984 | 24d0 0000 

  0x000001f7b926adac: ;   {optimized virtual_call}
  0x000001f7b926adac: 0066 90e8 

  0x000001f7b926adb0: ; ImmutableOopMap {[112]=Oop [120]=Oop [128]=Oop [136]=Oop [144]=Oop [176]=Oop [184]=Oop [192]=Oop [208]=Oop [240]=Oop }
                      ;*invokespecial <init> {reexecute=0 rethrow=0 return_oop=0}
                      ; - org.eclipse.e4.core.internal.di.InjectorImpl::reportUnresolvedArgument@23 (line 462)
                      ; - org.eclipse.e4.core.internal.di.InjectorImpl::processAnnotated@390 (line 974)
  0x000001f7b926adb0: cc3c e306 

  0x000001f7b926adb4: ;   {other}
  0x000001f7b926adb4: 0f1f 8400 | 240e 0010 | 488b 8424 | d000 0000 | e986 0100 

  0x000001f7b926adc8: ;   {metadata({method} {0x000001f8128e82d0} 'processAnnotated' '(Lorg/eclipse/e4/core/internal/di/AnnotationLookup$AnnotationProxy;Ljava/lang/Object;Ljava/lang/Class;Lorg/eclipse/e4/core/di/suppliers/PrimaryObjectSupplier;Lorg/eclipse/e4/core/di/suppliers/PrimaryObjectSupplier;Ljava/util/List;)V' in 'org/eclipse/e4/core/internal/di/InjectorImpl')}
  0x000001f7b926adc8: 0049 bac8 | 828e 12f8 | 0100 004c | 8954 2408 | 48c7 0424 | ffff ffff 

  0x000001f7b926ade0: ;   {runtime_call counter_overflow Runtime1 stub}
  0x000001f7b926ade0: e89b feef 

  0x000001f7b926ade4: ; ImmutableOopMap {rdx=Oop r8=Oop r9=Oop rdi=Oop rsi=Oop rcx=Oop [112]=Oop [120]=Oop [128]=Oop [136]=Oop [144]=Oop [240]=Oop }
                      ;*synchronization entry
                      ; - org.eclipse.e4.core.internal.di.InjectorImpl::processAnnotated@-1 (line 936)
  0x000001f7b926ade4: 06e9 1df5 

  0x000001f7b926ade8: ;   {runtime_call throw_null_pointer_exception Runtime1 stub}
  0x000001f7b926ade8: ffff e811 

  0x000001f7b926adec: ; ImmutableOopMap {rdi=Oop [112]=Oop [120]=Oop [128]=Oop [136]=Oop [144]=Oop [240]=Oop }
                      ;*invokevirtual getSuperclass {reexecute=0 rethrow=0 return_oop=0}
                      ; - org.eclipse.e4.core.internal.di.InjectorImpl::processAnnotated@1 (line 936)
                      ;   {runtime_call throw_null_pointer_exception Runtime1 stub}
  0x000001f7b926adec: 96ef 06e8 

  0x000001f7b926adf0: ; ImmutableOopMap {rax=Oop [104]=Oop [112]=Oop [120]=Oop [128]=Oop [136]=Oop [144]=Oop [152]=Oop [240]=Oop }
                      ;*invokevirtual getName {reexecute=0 rethrow=0 return_oop=0}
                      ; - org.eclipse.e4.core.internal.di.InjectorImpl::processAnnotated@13 (line 937)
  0x000001f7b926adf0: 0c96 ef06 

  0x000001f7b926adf4: ;   {metadata({method} {0x000001f7d0465ac0} 'getName' '()Ljava/lang/String;' in 'java/lang/Class')}
  0x000001f7b926adf4: 49ba b85a | 46d0 f701 | 0000 4c89 | 5424 0848 | c704 24ff 

  0x000001f7b926ae08: ;   {runtime_call counter_overflow Runtime1 stub}
  0x000001f7b926ae08: ffff ffe8 

  0x000001f7b926ae0c: ; ImmutableOopMap {rax=Oop [104]=Oop [112]=Oop [120]=Oop [128]=Oop [136]=Oop [144]=Oop [152]=Oop [240]=Oop }
                      ;*synchronization entry
                      ; - java.lang.Class::getName@-1
                      ; - org.eclipse.e4.core.internal.di.InjectorImpl::processAnnotated@13 (line 937)
  0x000001f7b926ae0c: 70fe ef06 | e995 f5ff 

  0x000001f7b926ae14: ;   {runtime_call throw_null_pointer_exception Runtime1 stub}
  0x000001f7b926ae14: ffe8 e695 

  0x000001f7b926ae18: ; ImmutableOopMap {rdx=Oop [104]=Oop [112]=Oop [120]=Oop [128]=Oop [136]=Oop [144]=Oop [152]=Oop [240]=Oop }
                      ;*invokevirtual equals {reexecute=0 rethrow=0 return_oop=0}
                      ; - org.eclipse.e4.core.internal.di.InjectorImpl::processAnnotated@18 (line 937)
                      ;   {runtime_call throw_null_pointer_exception Runtime1 stub}
  0x000001f7b926ae18: ef06 e8e1 

  0x000001f7b926ae1c: ; ImmutableOopMap {rsi=Oop [104]=Oop [112]=Oop [120]=Oop [128]=Oop [136]=Oop [144]=Oop [152]=Oop [240]=Oop }
                      ;*invokeinterface add {reexecute=0 rethrow=0 return_oop=0}
                      ; - org.eclipse.e4.core.internal.di.InjectorImpl::processAnnotated@27 (line 938)
                      ;   {runtime_call throw_null_pointer_exception Runtime1 stub}
  0x000001f7b926ae1c: 95ef 06e8 

  0x000001f7b926ae20: ; ImmutableOopMap {rax=Oop [112]=Oop [120]=Oop [128]=Oop [136]=Oop [144]=Oop [176]=Oop [240]=Oop }
                      ;*arraylength {reexecute=0 rethrow=0 return_oop=0}
                      ; - org.eclipse.e4.core.internal.di.InjectorImpl::processAnnotated@68 (line 943)
  0x000001f7b926ae20: dc95 ef06 

  0x000001f7b926ae24: ;   {metadata({method} {0x000001f8128e82d0} 'processAnnotated' '(Lorg/eclipse/e4/core/internal/di/AnnotationLookup$AnnotationProxy;Ljava/lang/Object;Ljava/lang/Class;Lorg/eclipse/e4/core/di/suppliers/PrimaryObjectSupplier;Lorg/eclipse/e4/core/di/suppliers/PrimaryObjectSupplier;Ljava/util/List;)V' in 'org/eclipse/e4/core/internal/di/InjectorImpl')}
  0x000001f7b926ae24: 49ba c882 | 8e12 f801 | 0000 4c89 | 5424 0848 | c704 249d 

  0x000001f7b926ae38: ;   {runtime_call counter_overflow Runtime1 stub}
  0x000001f7b926ae38: 0100 00e8 

  0x000001f7b926ae3c: ; ImmutableOopMap {rax=Oop r8=Oop [112]=Oop [120]=Oop [128]=Oop [136]=Oop [144]=Oop [176]=Oop [240]=Oop }
                      ;*if_icmplt {reexecute=1 rethrow=0 return_oop=0}
                      ; - (reexecute) org.eclipse.e4.core.internal.di.InjectorImpl::processAnnotated@413 (line 943)
  0x000001f7b926ae3c: 40fe ef06 | e9cb f8ff | ff48 8bd2 

  0x000001f7b926ae48: ;   {runtime_call fast_new_instance Runtime1 stub}
  0x000001f7b926ae48: e833 adef 

  0x000001f7b926ae4c: ; ImmutableOopMap {[112]=Oop [120]=Oop [128]=Oop [136]=Oop [144]=Oop [168]=Oop [176]=Oop [240]=Oop }
                      ;*new {reexecute=0 rethrow=0 return_oop=0}
                      ; - org.eclipse.e4.core.internal.di.InjectorImpl::processAnnotated@323 (line 967)
  0x000001f7b926ae4c: 06e9 69fa 

  0x000001f7b926ae50: ;   {metadata({method} {0x000001f8128e3338} 'unresolved' '([Ljava/lang/Object;)I' in 'org/eclipse/e4/core/internal/di/InjectorImpl')}
  0x000001f7b926ae50: ffff 49ba | 3033 8e12 | f801 0000 | 4c89 5424 | 0848 c704 | 24ff ffff 

  0x000001f7b926ae68: ;   {runtime_call counter_overflow Runtime1 stub}
  0x000001f7b926ae68: ffe8 12fe 

  0x000001f7b926ae6c: ; ImmutableOopMap {rax=Oop [112]=Oop [120]=Oop [128]=Oop [136]=Oop [144]=Oop [168]=Oop [176]=Oop [184]=Oop [192]=Oop [240]=Oop }
                      ;*synchronization entry
                      ; - org.eclipse.e4.core.internal.di.InjectorImpl::unresolved@-1 (line 625)
                      ; - org.eclipse.e4.core.internal.di.InjectorImpl::processAnnotated@359 (line 969)
  0x000001f7b926ae6c: ef06 e944 

  0x000001f7b926ae70: ;   {runtime_call throw_null_pointer_exception Runtime1 stub}
  0x000001f7b926ae70: fbff ffe8 

  0x000001f7b926ae74: ; ImmutableOopMap {rax=Oop [112]=Oop [120]=Oop [128]=Oop [136]=Oop [144]=Oop [168]=Oop [176]=Oop [184]=Oop [192]=Oop [240]=Oop }
                      ;*arraylength {reexecute=0 rethrow=0 return_oop=0}
                      ; - org.eclipse.e4.core.internal.di.InjectorImpl::unresolved@21 (line 625)
                      ; - org.eclipse.e4.core.internal.di.InjectorImpl::processAnnotated@359 (line 969)
  0x000001f7b926ae74: 8895 ef06 

  0x000001f7b926ae78: ;   {metadata({method} {0x000001f8128e3338} 'unresolved' '([Ljava/lang/Object;)I' in 'org/eclipse/e4/core/internal/di/InjectorImpl')}
  0x000001f7b926ae78: 49ba 3033 | 8e12 f801 | 0000 4c89 | 5424 0848 | c704 2416 

  0x000001f7b926ae8c: ;   {runtime_call counter_overflow Runtime1 stub}
  0x000001f7b926ae8c: 0000 00e8 

  0x000001f7b926ae90: ; ImmutableOopMap {rax=Oop [112]=Oop [120]=Oop [128]=Oop [136]=Oop [144]=Oop [168]=Oop [176]=Oop [184]=Oop [192]=Oop [240]=Oop }
                      ;*if_icmplt {reexecute=1 rethrow=0 return_oop=0}
                      ; - (reexecute) org.eclipse.e4.core.internal.di.InjectorImpl::unresolved@22 (line 625)
                      ; - org.eclipse.e4.core.internal.di.InjectorImpl::processAnnotated@359 (line 969)
  0x000001f7b926ae90: ecfd ef06 | e9c9 fbff | ff8b 5028 | 48c1 e203 | 4883 fa00 | 0f84 60fd | ffff 4889 

  0x000001f7b926aeac: ;   {runtime_call g1_pre_barrier_slow}
  0x000001f7b926aeac: 1424 e8cd | 03f0 06e9 | 52fd ffff | 4883 fe00 | 0f84 67fd | ffff 4889 

  0x000001f7b926aec4: ;   {runtime_call g1_post_barrier_slow}
  0x000001f7b926aec4: 0424 e8b5 | 06f0 06e9 | 59fd ffff 

  0x000001f7b926aed0: ;   {internal_word}
  0x000001f7b926aed0: 49ba 89ac | 26b9 f701 | 0000 4d89 | 9760 0400 

  0x000001f7b926aee0: ;   {runtime_call SafepointBlob}
  0x000001f7b926aee0: 00e9 1aa8 

  0x000001f7b926aee4: ;   {metadata({method} {0x000001f8128e2810} 'reportUnresolvedArgument' '(Lorg/eclipse/e4/core/internal/di/Requestor;I)V' in 'org/eclipse/e4/core/internal/di/InjectorImpl')}
  0x000001f7b926aee4: e306 49ba | 0828 8e12 | f801 0000 | 4c89 5424 | 0848 c704 | 24ff ffff 

  0x000001f7b926aefc: ;   {runtime_call counter_overflow Runtime1 stub}
  0x000001f7b926aefc: ffe8 7efd 

  0x000001f7b926af00: ; ImmutableOopMap {rax=Oop [112]=Oop [120]=Oop [128]=Oop [136]=Oop [144]=Oop [176]=Oop [184]=Oop [192]=Oop [240]=Oop }
                      ;*synchronization entry
                      ; - org.eclipse.e4.core.internal.di.InjectorImpl::reportUnresolvedArgument@-1 (line 458)
                      ; - org.eclipse.e4.core.internal.di.InjectorImpl::processAnnotated@390 (line 974)
  0x000001f7b926af00: ef06 e9e0 

  0x000001f7b926af04: ;   {metadata(nullptr)}
  0x000001f7b926af04: fdff ff48 | ba00 0000 | 0000 0000 | 00b8 000f 

  0x000001f7b926af14: ;   {runtime_call load_klass_patching Runtime1 stub}
  0x000001f7b926af14: 050a e865 

  0x000001f7b926af18: ; ImmutableOopMap {r8=Oop [112]=Oop [120]=Oop [128]=Oop [136]=Oop [144]=Oop [176]=Oop [184]=Oop [192]=Oop [240]=Oop }
                      ;*new {reexecute=1 rethrow=0 return_oop=0}
                      ; - (reexecute) org.eclipse.e4.core.internal.di.InjectorImpl::reportUnresolvedArgument@18 (line 462)
                      ; - org.eclipse.e4.core.internal.di.InjectorImpl::processAnnotated@390 (line 974)
  0x000001f7b926af18: e8ef 06e9 | 08fe ffff 

  0x000001f7b926af20: ;   {runtime_call throw_null_pointer_exception Runtime1 stub}
  0x000001f7b926af20: e8db 94ef 

  0x000001f7b926af24: ; ImmutableOopMap {r8=Oop [112]=Oop [120]=Oop [128]=Oop [136]=Oop [144]=Oop [176]=Oop [184]=Oop [192]=Oop [240]=Oop }
                      ;*new {reexecute=0 rethrow=0 return_oop=0}
                      ; - org.eclipse.e4.core.internal.di.InjectorImpl::reportUnresolvedArgument@18 (line 462)
                      ; - org.eclipse.e4.core.internal.di.InjectorImpl::processAnnotated@390 (line 974)
  0x000001f7b926af24: 0648 8bd2 

  0x000001f7b926af28: ;   {runtime_call fast_new_instance_init_check Runtime1 stub}
  0x000001f7b926af28: e853 afef 

  0x000001f7b926af2c: ; ImmutableOopMap {r8=Oop [112]=Oop [120]=Oop [128]=Oop [136]=Oop [144]=Oop [176]=Oop [184]=Oop [192]=Oop [240]=Oop }
                      ;*new {reexecute=0 rethrow=0 return_oop=0}
                      ; - org.eclipse.e4.core.internal.di.InjectorImpl::reportUnresolvedArgument@18 (line 462)
                      ; - org.eclipse.e4.core.internal.di.InjectorImpl::processAnnotated@390 (line 974)
  0x000001f7b926af2c: 06e9 5bfe | ffff 498b | 87f8 0400 | 0049 c787 | f804 0000 | 0000 0000 | 49c7 8700 | 0500 0000 
  0x000001f7b926af4c: 0000 0048 | 81c4 e000 

  0x000001f7b926af54: ;   {runtime_call unwind_exception Runtime1 stub}
  0x000001f7b926af54: 0000 5de9 | a47c ef06 | f4f4 f4f4 
[Stub Code]
  0x000001f7b926af60: ;   {no_reloc}
  0x000001f7b926af60: 0f1f 4400 

  0x000001f7b926af64: ;   {static_stub}
  0x000001f7b926af64: 0048 bb00 | 0000 0000 

  0x000001f7b926af6c: ;   {runtime_call nmethod}
  0x000001f7b926af6c: 0000 00e9 | fbff ffff 

  0x000001f7b926af74: ;   {static_stub}
  0x000001f7b926af74: 9048 bb00 | 0000 0000 

  0x000001f7b926af7c: ;   {runtime_call nmethod}
  0x000001f7b926af7c: 0000 00e9 | fbff ffff 

  0x000001f7b926af84: ;   {static_stub}
  0x000001f7b926af84: 9048 bb00 | 0000 0000 

  0x000001f7b926af8c: ;   {runtime_call nmethod}
  0x000001f7b926af8c: 0000 00e9 | fbff ffff 

  0x000001f7b926af94: ;   {static_stub}
  0x000001f7b926af94: 9048 bb00 | 0000 0000 

  0x000001f7b926af9c: ;   {runtime_call nmethod}
  0x000001f7b926af9c: 0000 00e9 | fbff ffff 

  0x000001f7b926afa4: ;   {static_stub}
  0x000001f7b926afa4: 48bb 0000 | 0000 0000 

  0x000001f7b926afac: ;   {runtime_call nmethod}
  0x000001f7b926afac: 0000 e9fb 

  0x000001f7b926afb0: ;   {static_stub}
  0x000001f7b926afb0: ffff ff48 | bb00 0000 | 0000 0000 

  0x000001f7b926afbc: ;   {runtime_call nmethod}
  0x000001f7b926afbc: 00e9 fbff 

  0x000001f7b926afc0: ;   {static_stub}
  0x000001f7b926afc0: ffff 48bb | 7012 8e12 | f801 0000 

  0x000001f7b926afcc: ;   {runtime_call I2C/C2I adapters}
  0x000001f7b926afcc: e99a fde2 

  0x000001f7b926afd0: ;   {static_stub}
  0x000001f7b926afd0: 0648 bb38 | c68e 12f8 

  0x000001f7b926afd8: ;   {runtime_call I2C/C2I adapters}
  0x000001f7b926afd8: 0100 00e9 | 248c f106 

  0x000001f7b926afe0: ;   {static_stub}
  0x000001f7b926afe0: 48bb 0000 | 0000 0000 

  0x000001f7b926afe8: ;   {runtime_call nmethod}
  0x000001f7b926afe8: 0000 e9fb 

  0x000001f7b926afec: ;   {static_stub}
  0x000001f7b926afec: ffff ff48 | bb00 0000 | 0000 0000 

  0x000001f7b926aff8: ;   {runtime_call nmethod}
  0x000001f7b926aff8: 00e9 fbff 

  0x000001f7b926affc: ;   {static_stub}
  0x000001f7b926affc: ffff 48bb | 0000 0000 | 0000 0000 

  0x000001f7b926b008: ;   {runtime_call nmethod}
  0x000001f7b926b008: e9fb ffff 

  0x000001f7b926b00c: ;   {static_stub}
  0x000001f7b926b00c: ff48 bb00 | 0000 0000 

  0x000001f7b926b014: ;   {runtime_call nmethod}
  0x000001f7b926b014: 0000 00e9 | fbff ffff 

  0x000001f7b926b01c: ;   {static_stub}
  0x000001f7b926b01c: 48bb 0000 | 0000 0000 

  0x000001f7b926b024: ;   {runtime_call nmethod}
  0x000001f7b926b024: 0000 e9fb 

  0x000001f7b926b028: ;   {static_stub}
  0x000001f7b926b028: ffff ff48 | bb00 0000 | 0000 0000 

  0x000001f7b926b034: ;   {runtime_call nmethod}
  0x000001f7b926b034: 00e9 fbff 

  0x000001f7b926b038: ;   {runtime_call handle_exception_from_callee Runtime1 stub}
  0x000001f7b926b038: ffff e8c1 

  0x000001f7b926b03c: ;   {external_word}
  0x000001f7b926b03c: c4ef 0648 | b990 7f27 | d3fe 7f00 | 0048 83e4 

  0x000001f7b926b04c: ;   {runtime_call}
  0x000001f7b926b04c: f048 b8e0 | 44ea d2fe | 7f00 00ff 

  0x000001f7b926b058: ;   {section_word}
  0x000001f7b926b058: d0f4 49ba | 5ab0 26b9 | f701 0000 

  0x000001f7b926b064: ;   {runtime_call DeoptimizationBlob}
  0x000001f7b926b064: 4152 e935 | 99e3 06f4 | f4f4 f4f4 
[/MachCode]


---------------  P R O C E S S  ---------------

Threads class SMR info:
_java_thread_list=0x000001f821492500, length=48, elements={
0x000001f7b33d3ae0, 0x000001f7cf020c40, 0x000001f7cf021690, 0x000001f7cf02a800,
0x000001f7cf02b250, 0x000001f7cf02d4b0, 0x000001f7cf031530, 0x000001f7cf038e40,
0x000001f7cf03a1a0, 0x000001f7cf03c2b0, 0x000001f7cf18efe0, 0x000001f7cf32c060,
0x000001f7cfb39ca0, 0x000001f81b3719a0, 0x000001f81ad7d7b0, 0x000001f81ac35520,
0x000001f81be02c30, 0x000001f81d1eeb80, 0x000001f81d988710, 0x000001f81d98bb90,
0x000001f81d988da0, 0x000001f81d989430, 0x000001f81d989ac0, 0x000001f81d98a150,
0x000001f81d98b500, 0x000001f81d98a7e0, 0x000001f81e25b500, 0x000001f81e259ac0,
0x000001f81e25a150, 0x000001f81e25cf40, 0x000001f81e25a7e0, 0x000001f81e25ae70,
0x000001f81e25bb90, 0x000001f81e25c220, 0x000001f81e25c8b0, 0x000001f81da9efd0,
0x000001f81daa0a10, 0x000001f81daa10a0, 0x000001f81daa1730, 0x000001f8216b3c80,
0x000001f8216b57c0, 0x000001f8216b2140, 0x000001f8216b6560, 0x000001f8216b8770,
0x000001f8216b80a0, 0x000001f8216b5e90, 0x000001f8216b6c30, 0x000001f82127fe40
}

Java Threads: ( => current thread )
=>0x000001f7b33d3ae0 JavaThread "main"                              [_thread_in_native, id=17688, stack(0x0000000c356d0000,0x0000000c357d0000) (1024K)]
  0x000001f7cf020c40 JavaThread "Reference Handler"          daemon [_thread_blocked, id=32660, stack(0x0000000c36400000,0x0000000c36500000) (1024K)]
  0x000001f7cf021690 JavaThread "Finalizer"                  daemon [_thread_blocked, id=27912, stack(0x0000000c36500000,0x0000000c36600000) (1024K)]
  0x000001f7cf02a800 JavaThread "Signal Dispatcher"          daemon [_thread_blocked, id=21628, stack(0x0000000c36600000,0x0000000c36700000) (1024K)]
  0x000001f7cf02b250 JavaThread "Attach Listener"            daemon [_thread_blocked, id=23060, stack(0x0000000c36700000,0x0000000c36800000) (1024K)]
  0x000001f7cf02d4b0 JavaThread "Service Thread"             daemon [_thread_blocked, id=24888, stack(0x0000000c36800000,0x0000000c36900000) (1024K)]
  0x000001f7cf031530 JavaThread "Monitor Deflation Thread"   daemon [_thread_blocked, id=30592, stack(0x0000000c36900000,0x0000000c36a00000) (1024K)]
  0x000001f7cf038e40 JavaThread "C2 CompilerThread0"         daemon [_thread_blocked, id=16092, stack(0x0000000c36a00000,0x0000000c36b00000) (1024K)]
  0x000001f7cf03a1a0 JavaThread "C1 CompilerThread0"         daemon [_thread_blocked, id=27688, stack(0x0000000c36b00000,0x0000000c36c00000) (1024K)]
  0x000001f7cf03c2b0 JavaThread "StringDedupThread"          daemon [_thread_blocked, id=13144, stack(0x0000000c36c00000,0x0000000c36d00000) (1024K)]
  0x000001f7cf18efe0 JavaThread "Common-Cleaner"             daemon [_thread_blocked, id=29292, stack(0x0000000c36d00000,0x0000000c36e00000) (1024K)]
  0x000001f7cf32c060 JavaThread "Notification Thread"        daemon [_thread_blocked, id=10400, stack(0x0000000c37300000,0x0000000c37400000) (1024K)]
  0x000001f7cfb39ca0 JavaThread "Active Thread: Equinox Container: e0f2ff09-4362-4ea2-89b8-98beb9607ad7"        [_thread_blocked, id=20580, stack(0x0000000c38700000,0x0000000c38800000) (1024K)]
  0x000001f81b3719a0 JavaThread "Framework Event Dispatcher: Equinox Container: e0f2ff09-4362-4ea2-89b8-98beb9607ad7" daemon [_thread_blocked, id=28192, stack(0x0000000c38600000,0x0000000c38700000) (1024K)]
  0x000001f81ad7d7b0 JavaThread "Start Level: Equinox Container: e0f2ff09-4362-4ea2-89b8-98beb9607ad7" daemon [_thread_blocked, id=12252, stack(0x0000000c38800000,0x0000000c38900000) (1024K)]
  0x000001f81ac35520 JavaThread "Bundle File Closer"         daemon [_thread_blocked, id=13376, stack(0x0000000c38900000,0x0000000c38a00000) (1024K)]
  0x000001f81be02c30 JavaThread "SCR Component Actor"        daemon [_thread_blocked, id=3368, stack(0x0000000c38a00000,0x0000000c38b00000) (1024K)]
  0x000001f81d1eeb80 JavaThread "SCR Component Registry"     daemon [_thread_blocked, id=13052, stack(0x0000000c37400000,0x0000000c37500000) (1024K)]
  0x000001f81d988710 JavaThread "EMF Reference Cleaner"      daemon [_thread_blocked, id=27040, stack(0x0000000c38c00000,0x0000000c38d00000) (1024K)]
  0x000001f81d98bb90 JavaThread "Gogo shell"                        [_thread_blocked, id=28168, stack(0x0000000c38d00000,0x0000000c38e00000) (1024K)]
  0x000001f81d988da0 JavaThread "Worker-JM"                         [_thread_blocked, id=26092, stack(0x0000000c38e00000,0x0000000c38f00000) (1024K)]
  0x000001f81d989430 JavaThread "FileSystemWatchService"     daemon [_thread_in_native, id=11000, stack(0x0000000c39100000,0x0000000c39200000) (1024K)]
  0x000001f81d989ac0 JavaThread "Thread-3"                          [_thread_blocked, id=20632, stack(0x0000000c39200000,0x0000000c39300000) (1024K)]
  0x000001f81d98a150 JavaThread "Worker-0"                          [_thread_blocked, id=13024, stack(0x0000000c39300000,0x0000000c39400000) (1024K)]
  0x000001f81d98b500 JavaThread "Java2D Disposer"            daemon [_thread_blocked, id=30124, stack(0x0000000c39400000,0x0000000c39500000) (1024K)]
  0x000001f81d98a7e0 JavaThread "StandaloneQueueProcessor"   daemon [_thread_blocked, id=26424, stack(0x0000000c39500000,0x0000000c39600000) (1024K)]
  0x000001f81e25b500 JavaThread "AWT-Windows"                daemon [_thread_in_native, id=32696, stack(0x0000000c39700000,0x0000000c39800000) (1024K)]
  0x000001f81e259ac0 JavaThread "Worker-1"                          [_thread_blocked, id=8608, stack(0x0000000c39800000,0x0000000c39900000) (1024K)]
  0x000001f81e25a150 JavaThread "EventAdmin Async Event Dispatcher Thread" daemon [_thread_blocked, id=30104, stack(0x0000000c39900000,0x0000000c39a00000) (1024K)]
  0x000001f81e25cf40 JavaThread "pool-2-thread-1"                   [_thread_blocked, id=22560, stack(0x0000000c39a00000,0x0000000c39b00000) (1024K)]
  0x000001f81e25a7e0 JavaThread "pool-3-thread-1"                   [_thread_blocked, id=9716, stack(0x0000000c39b00000,0x0000000c39c00000) (1024K)]
  0x000001f81e25ae70 JavaThread "Worker-2"                          [_thread_blocked, id=29144, stack(0x0000000c39c00000,0x0000000c39d00000) (1024K)]
  0x000001f81e25bb90 JavaThread "JNA Cleaner"                daemon [_thread_blocked, id=30760, stack(0x0000000c39d00000,0x0000000c39e00000) (1024K)]
  0x000001f81e25c220 JavaThread "Worker-3"                          [_thread_blocked, id=14064, stack(0x0000000c39600000,0x0000000c39700000) (1024K)]
  0x000001f81e25c8b0 JavaThread "Worker-4"                          [_thread_blocked, id=17728, stack(0x0000000c39e00000,0x0000000c39f00000) (1024K)]
  0x000001f81da9efd0 JavaThread "Worker-5"                          [_thread_blocked, id=25720, stack(0x0000000c39f00000,0x0000000c3a000000) (1024K)]
  0x000001f81daa0a10 JavaThread "Worker-6"                          [_thread_blocked, id=12580, stack(0x0000000c3a000000,0x0000000c3a100000) (1024K)]
  0x000001f81daa10a0 JavaThread "Worker-7"                          [_thread_blocked, id=27464, stack(0x0000000c3a200000,0x0000000c3a300000) (1024K)]
  0x000001f81daa1730 JavaThread "Keep-Alive-Timer"           daemon [_thread_blocked, id=8416, stack(0x0000000c3a300000,0x0000000c3a400000) (1024K)]
  0x000001f8216b3c80 JavaThread "C2 CompilerThread1"         daemon [_thread_blocked, id=14688, stack(0x0000000c36e00000,0x0000000c36f00000) (1024K)]
  0x000001f8216b57c0 JavaThread "C1 CompilerThread1"         daemon [_thread_blocked, id=27948, stack(0x0000000c36f00000,0x0000000c37000000) (1024K)]
  0x000001f8216b2140 JavaThread "C2 CompilerThread2"         daemon [_thread_blocked, id=22536, stack(0x0000000c37000000,0x0000000c37100000) (1024K)]
  0x000001f8216b6560 JavaThread "C2 CompilerThread3"         daemon [_thread_blocked, id=30140, stack(0x0000000c37100000,0x0000000c37200000) (1024K)]
  0x000001f8216b8770 JavaThread "C1 CompilerThread2"         daemon [_thread_blocked, id=1692, stack(0x0000000c37200000,0x0000000c37300000) (1024K)]
  0x000001f8216b80a0 JavaThread "C1 CompilerThread3"         daemon [_thread_blocked, id=28908, stack(0x0000000c37500000,0x0000000c37600000) (1024K)]
  0x000001f8216b5e90 JavaThread "C2 CompilerThread4"         daemon [_thread_blocked, id=32320, stack(0x0000000c37600000,0x0000000c37700000) (1024K)]
  0x000001f8216b6c30 JavaThread "C2 CompilerThread5"         daemon [_thread_blocked, id=31892, stack(0x0000000c37700000,0x0000000c37800000) (1024K)]
  0x000001f82127fe40 JavaThread "chromium-EDT"               daemon [_thread_blocked, id=32284, stack(0x0000000c3a100000,0x0000000c3a200000) (1024K)]
Total: 48

Other Threads:
  0x000001f7cf0039a0 VMThread "VM Thread"                           [id=29032, stack(0x0000000c36300000,0x0000000c36400000) (1024K)]
  0x000001f7cefefbf0 WatcherThread "VM Periodic Task Thread"        [id=30012, stack(0x0000000c36200000,0x0000000c36300000) (1024K)]
  0x000001f7b5a669d0 WorkerThread "GC Thread#0"                     [id=31212, stack(0x0000000c35d00000,0x0000000c35e00000) (1024K)]
  0x000001f81a66ff10 WorkerThread "GC Thread#1"                     [id=27332, stack(0x0000000c37a00000,0x0000000c37b00000) (1024K)]
  0x000001f81a6702b0 WorkerThread "GC Thread#2"                     [id=30552, stack(0x0000000c37b00000,0x0000000c37c00000) (1024K)]
  0x000001f81a5a1ff0 WorkerThread "GC Thread#3"                     [id=8016, stack(0x0000000c37c00000,0x0000000c37d00000) (1024K)]
  0x000001f81a4b8bc0 WorkerThread "GC Thread#4"                     [id=32720, stack(0x0000000c37d00000,0x0000000c37e00000) (1024K)]
  0x000001f81a4b8f60 WorkerThread "GC Thread#5"                     [id=11592, stack(0x0000000c37e00000,0x0000000c37f00000) (1024K)]
  0x000001f81a4b9300 WorkerThread "GC Thread#6"                     [id=15676, stack(0x0000000c37f00000,0x0000000c38000000) (1024K)]
  0x000001f7cfaa1060 WorkerThread "GC Thread#7"                     [id=7808, stack(0x0000000c38000000,0x0000000c38100000) (1024K)]
  0x000001f7cfaa1400 WorkerThread "GC Thread#8"                     [id=28016, stack(0x0000000c38100000,0x0000000c38200000) (1024K)]
  0x000001f81a61fba0 WorkerThread "GC Thread#9"                     [id=8244, stack(0x0000000c38200000,0x0000000c38300000) (1024K)]
  0x000001f7cfade300 WorkerThread "GC Thread#10"                    [id=28396, stack(0x0000000c38300000,0x0000000c38400000) (1024K)]
  0x000001f7cfadf180 WorkerThread "GC Thread#11"                    [id=26776, stack(0x0000000c38400000,0x0000000c38500000) (1024K)]
  0x000001f7cfadede0 WorkerThread "GC Thread#12"                    [id=4880, stack(0x0000000c38500000,0x0000000c38600000) (1024K)]
  0x000001f7b5a739b0 ConcurrentGCThread "G1 Main Marker"            [id=31968, stack(0x0000000c35e00000,0x0000000c35f00000) (1024K)]
  0x000001f7b5a746b0 WorkerThread "G1 Conc#0"                       [id=21668, stack(0x0000000c35f00000,0x0000000c36000000) (1024K)]
  0x000001f7cfb62a70 WorkerThread "G1 Conc#1"                       [id=31868, stack(0x0000000c38f00000,0x0000000c39000000) (1024K)]
  0x000001f7cfb626d0 WorkerThread "G1 Conc#2"                       [id=30796, stack(0x0000000c39000000,0x0000000c39100000) (1024K)]
  0x000001f7cef40bd0 ConcurrentGCThread "G1 Refine#0"               [id=31296, stack(0x0000000c36000000,0x0000000c36100000) (1024K)]
  0x000001f7cef42400 ConcurrentGCThread "G1 Service"                [id=19472, stack(0x0000000c36100000,0x0000000c36200000) (1024K)]
Total: 21

Threads with active compile tasks:
Total: 0

VM state: not at safepoint (normal execution)

VM Mutex/Monitor currently owned by a thread: None

Heap address: 0x0000000740000000, size: 3072 MB, Compressed Oops mode: Zero based, Oop shift amount: 3

CDS archive(s) mapped at: [0x000001f7d0000000-0x000001f7d0ba0000-0x000001f7d0ba0000), size 12189696, SharedBaseAddress: 0x000001f7d0000000, ArchiveRelocationMode: 1.
Compressed class space mapped at: 0x000001f7d1000000-0x000001f811000000, reserved size: 1073741824
Narrow klass base: 0x000001f7d0000000, Narrow klass shift: 0, Narrow klass range: 0x100000000

GC Precious Log:
 CardTable entry size: 512
 Card Set container configuration: InlinePtr #cards 4 size 8 Array Of Cards #cards 16 size 48 Howl #buckets 8 coarsen threshold 3686 Howl Bitmap #cards 512 size 80 coarsen threshold 460 Card regions per heap region 1 cards per card region 4096
 CPUs: 16 total, 16 available
 Memory: 16068M
 Large Page Support: Disabled
 NUMA Support: Disabled
 Compressed Oops: Enabled (Zero based)
 Heap Region Size: 2M
 Heap Min Capacity: 512M
 Heap Initial Capacity: 512M
 Heap Max Capacity: 3G
 Pre-touch: Disabled
 Parallel Workers: 13
 Concurrent Workers: 3
 Concurrent Refinement Workers: 13
 Periodic GC: Disabled
 String Deduplication is enabled

Heap:
 garbage-first heap   total 821248K, used 555008K [0x0000000740000000, 0x0000000800000000)
  region size 2048K, 46 young (94208K), 6 survivors (12288K)
 Metaspace       used 75739K, committed 78400K, reserved 1179648K
  class space    used 8693K, committed 9792K, reserved 1048576K

Heap Regions: E=young(eden), S=young(survivor), O=old, HS=humongous(starts), HC=humongous(continues), CS=collection set, F=free, TAMS=top-at-mark-start, PB=parsable bottom
|   0|0x0000000740000000, 0x0000000740200000, 0x0000000740200000|100%| O|  |TAMS 0x0000000740000000| PB 0x0000000740000000| Untracked 
|   1|0x0000000740200000, 0x0000000740400000, 0x0000000740400000|100%| O|  |TAMS 0x0000000740200000| PB 0x0000000740200000| Untracked 
|   2|0x0000000740400000, 0x0000000740600000, 0x0000000740600000|100%| O|  |TAMS 0x0000000740400000| PB 0x0000000740400000| Untracked 
|   3|0x0000000740600000, 0x0000000740800000, 0x0000000740800000|100%| O|  |TAMS 0x0000000740600000| PB 0x0000000740600000| Untracked 
|   4|0x0000000740800000, 0x0000000740a00000, 0x0000000740a00000|100%| O|  |TAMS 0x0000000740800000| PB 0x0000000740800000| Untracked 
|   5|0x0000000740a00000, 0x0000000740c00000, 0x0000000740c00000|100%| O|  |TAMS 0x0000000740a00000| PB 0x0000000740a00000| Untracked 
|   6|0x0000000740c00000, 0x0000000740e00000, 0x0000000740e00000|100%| O|  |TAMS 0x0000000740c00000| PB 0x0000000740c00000| Untracked 
|   7|0x0000000740e00000, 0x0000000741000000, 0x0000000741000000|100%| O|  |TAMS 0x0000000740e00000| PB 0x0000000740e00000| Untracked 
|   8|0x0000000741000000, 0x0000000741200000, 0x0000000741200000|100%| O|  |TAMS 0x0000000741000000| PB 0x0000000741000000| Untracked 
|   9|0x0000000741200000, 0x0000000741400000, 0x0000000741400000|100%| O|  |TAMS 0x0000000741200000| PB 0x0000000741200000| Untracked 
|  10|0x0000000741400000, 0x0000000741600000, 0x0000000741600000|100%| O|  |TAMS 0x0000000741400000| PB 0x0000000741400000| Untracked 
|  11|0x0000000741600000, 0x0000000741800000, 0x0000000741800000|100%| O|  |TAMS 0x0000000741600000| PB 0x0000000741600000| Untracked 
|  12|0x0000000741800000, 0x0000000741a00000, 0x0000000741a00000|100%| O|  |TAMS 0x0000000741800000| PB 0x0000000741800000| Untracked 
|  13|0x0000000741a00000, 0x0000000741c00000, 0x0000000741c00000|100%| O|  |TAMS 0x0000000741a00000| PB 0x0000000741a00000| Untracked 
|  14|0x0000000741c00000, 0x0000000741e00000, 0x0000000741e00000|100%| O|  |TAMS 0x0000000741c00000| PB 0x0000000741c00000| Untracked 
|  15|0x0000000741e00000, 0x0000000742000000, 0x0000000742000000|100%| O|  |TAMS 0x0000000741e00000| PB 0x0000000741e00000| Untracked 
|  16|0x0000000742000000, 0x0000000742200000, 0x0000000742200000|100%| O|  |TAMS 0x0000000742000000| PB 0x0000000742000000| Untracked 
|  17|0x0000000742200000, 0x0000000742400000, 0x0000000742400000|100%| O|  |TAMS 0x0000000742200000| PB 0x0000000742200000| Untracked 
|  18|0x0000000742400000, 0x0000000742600000, 0x0000000742600000|100%| O|  |TAMS 0x0000000742400000| PB 0x0000000742400000| Untracked 
|  19|0x0000000742600000, 0x0000000742800000, 0x0000000742800000|100%| O|  |TAMS 0x0000000742600000| PB 0x0000000742600000| Untracked 
|  20|0x0000000742800000, 0x0000000742a00000, 0x0000000742a00000|100%| O|  |TAMS 0x0000000742800000| PB 0x0000000742800000| Untracked 
|  21|0x0000000742a00000, 0x0000000742c00000, 0x0000000742c00000|100%| O|  |TAMS 0x0000000742a00000| PB 0x0000000742a00000| Untracked 
|  22|0x0000000742c00000, 0x0000000742e00000, 0x0000000742e00000|100%| O|  |TAMS 0x0000000742c00000| PB 0x0000000742c00000| Untracked 
|  23|0x0000000742e00000, 0x0000000743000000, 0x0000000743000000|100%| O|  |TAMS 0x0000000742e00000| PB 0x0000000742e00000| Untracked 
|  24|0x0000000743000000, 0x0000000743200000, 0x0000000743200000|100%| O|  |TAMS 0x0000000743000000| PB 0x0000000743000000| Untracked 
|  25|0x0000000743200000, 0x0000000743400000, 0x0000000743400000|100%| O|  |TAMS 0x0000000743200000| PB 0x0000000743200000| Untracked 
|  26|0x0000000743400000, 0x0000000743600000, 0x0000000743600000|100%| O|  |TAMS 0x0000000743400000| PB 0x0000000743400000| Untracked 
|  27|0x0000000743600000, 0x0000000743800000, 0x0000000743800000|100%| O|  |TAMS 0x0000000743600000| PB 0x0000000743600000| Untracked 
|  28|0x0000000743800000, 0x0000000743a00000, 0x0000000743a00000|100%| O|  |TAMS 0x0000000743800000| PB 0x0000000743800000| Untracked 
|  29|0x0000000743a00000, 0x0000000743c00000, 0x0000000743c00000|100%| O|  |TAMS 0x0000000743a00000| PB 0x0000000743a00000| Untracked 
|  30|0x0000000743c00000, 0x0000000743e00000, 0x0000000743e00000|100%| O|  |TAMS 0x0000000743c00000| PB 0x0000000743c00000| Untracked 
|  31|0x0000000743e00000, 0x0000000744000000, 0x0000000744000000|100%| O|  |TAMS 0x0000000743e00000| PB 0x0000000743e00000| Untracked 
|  32|0x0000000744000000, 0x0000000744200000, 0x0000000744200000|100%| O|  |TAMS 0x0000000744000000| PB 0x0000000744000000| Untracked 
|  33|0x0000000744200000, 0x0000000744400000, 0x0000000744400000|100%| O|  |TAMS 0x0000000744200000| PB 0x0000000744200000| Untracked 
|  34|0x0000000744400000, 0x0000000744600000, 0x0000000744600000|100%| O|  |TAMS 0x0000000744400000| PB 0x0000000744400000| Untracked 
|  35|0x0000000744600000, 0x0000000744800000, 0x0000000744800000|100%| O|  |TAMS 0x0000000744600000| PB 0x0000000744600000| Untracked 
|  36|0x0000000744800000, 0x0000000744a00000, 0x0000000744a00000|100%| O|  |TAMS 0x0000000744800000| PB 0x0000000744800000| Untracked 
|  37|0x0000000744a00000, 0x0000000744c00000, 0x0000000744c00000|100%| O|  |TAMS 0x0000000744a00000| PB 0x0000000744a00000| Untracked 
|  38|0x0000000744c00000, 0x0000000744e00000, 0x0000000744e00000|100%| O|  |TAMS 0x0000000744c00000| PB 0x0000000744c00000| Untracked 
|  39|0x0000000744e00000, 0x0000000745000000, 0x0000000745000000|100%| O|  |TAMS 0x0000000744e00000| PB 0x0000000744e00000| Untracked 
|  40|0x0000000745000000, 0x0000000745200000, 0x0000000745200000|100%| O|  |TAMS 0x0000000745000000| PB 0x0000000745000000| Untracked 
|  41|0x0000000745200000, 0x0000000745400000, 0x0000000745400000|100%| O|  |TAMS 0x0000000745200000| PB 0x0000000745200000| Untracked 
|  42|0x0000000745400000, 0x0000000745600000, 0x0000000745600000|100%| O|  |TAMS 0x0000000745400000| PB 0x0000000745400000| Untracked 
|  43|0x0000000745600000, 0x0000000745800000, 0x0000000745800000|100%| O|  |TAMS 0x0000000745600000| PB 0x0000000745600000| Untracked 
|  44|0x0000000745800000, 0x0000000745a00000, 0x0000000745a00000|100%| O|  |TAMS 0x0000000745800000| PB 0x0000000745800000| Untracked 
|  45|0x0000000745a00000, 0x0000000745c00000, 0x0000000745c00000|100%| O|  |TAMS 0x0000000745a00000| PB 0x0000000745a00000| Untracked 
|  46|0x0000000745c00000, 0x0000000745e00000, 0x0000000745e00000|100%| O|  |TAMS 0x0000000745c00000| PB 0x0000000745c00000| Untracked 
|  47|0x0000000745e00000, 0x0000000746000000, 0x0000000746000000|100%| O|  |TAMS 0x0000000745e00000| PB 0x0000000745e00000| Untracked 
|  48|0x0000000746000000, 0x0000000746200000, 0x0000000746200000|100%| O|Cm|TAMS 0x0000000746000000| PB 0x0000000746000000| Complete 
|  49|0x0000000746200000, 0x0000000746400000, 0x0000000746400000|100%| O|  |TAMS 0x0000000746200000| PB 0x0000000746200000| Untracked 
|  50|0x0000000746400000, 0x0000000746600000, 0x0000000746600000|100%| O|  |TAMS 0x0000000746400000| PB 0x0000000746400000| Untracked 
|  51|0x0000000746600000, 0x0000000746800000, 0x0000000746800000|100%| O|  |TAMS 0x0000000746600000| PB 0x0000000746600000| Untracked 
|  52|0x0000000746800000, 0x0000000746a00000, 0x0000000746a00000|100%| O|  |TAMS 0x0000000746800000| PB 0x0000000746800000| Untracked 
|  53|0x0000000746a00000, 0x0000000746c00000, 0x0000000746c00000|100%| O|  |TAMS 0x0000000746a00000| PB 0x0000000746a00000| Untracked 
|  54|0x0000000746c00000, 0x0000000746e00000, 0x0000000746e00000|100%| O|  |TAMS 0x0000000746c00000| PB 0x0000000746c00000| Untracked 
|  55|0x0000000746e00000, 0x0000000747000000, 0x0000000747000000|100%| O|  |TAMS 0x0000000746e00000| PB 0x0000000746e00000| Untracked 
|  56|0x0000000747000000, 0x0000000747200000, 0x0000000747200000|100%| O|  |TAMS 0x0000000747000000| PB 0x0000000747000000| Untracked 
|  57|0x0000000747200000, 0x0000000747400000, 0x0000000747400000|100%| O|  |TAMS 0x0000000747200000| PB 0x0000000747200000| Untracked 
|  58|0x0000000747400000, 0x0000000747600000, 0x0000000747600000|100%| O|Cm|TAMS 0x0000000747400000| PB 0x0000000747400000| Complete 
|  59|0x0000000747600000, 0x0000000747800000, 0x0000000747800000|100%| O|  |TAMS 0x0000000747600000| PB 0x0000000747600000| Untracked 
|  60|0x0000000747800000, 0x0000000747a00000, 0x0000000747a00000|100%| O|  |TAMS 0x0000000747800000| PB 0x0000000747800000| Untracked 
|  61|0x0000000747a00000, 0x0000000747c00000, 0x0000000747c00000|100%| O|Cm|TAMS 0x0000000747a00000| PB 0x0000000747a00000| Complete 
|  62|0x0000000747c00000, 0x0000000747e00000, 0x0000000747e00000|100%| O|Cm|TAMS 0x0000000747c00000| PB 0x0000000747c00000| Complete 
|  63|0x0000000747e00000, 0x0000000748000000, 0x0000000748000000|100%| O|  |TAMS 0x0000000747e00000| PB 0x0000000747e00000| Untracked 
|  64|0x0000000748000000, 0x0000000748200000, 0x0000000748200000|100%| O|  |TAMS 0x0000000748000000| PB 0x0000000748000000| Untracked 
|  65|0x0000000748200000, 0x0000000748400000, 0x0000000748400000|100%| O|  |TAMS 0x0000000748200000| PB 0x0000000748200000| Untracked 
|  66|0x0000000748400000, 0x0000000748600000, 0x0000000748600000|100%| O|  |TAMS 0x0000000748400000| PB 0x0000000748400000| Untracked 
|  67|0x0000000748600000, 0x0000000748800000, 0x0000000748800000|100%| O|  |TAMS 0x0000000748600000| PB 0x0000000748600000| Untracked 
|  68|0x0000000748800000, 0x0000000748a00000, 0x0000000748a00000|100%| O|  |TAMS 0x0000000748800000| PB 0x0000000748800000| Untracked 
|  69|0x0000000748a00000, 0x0000000748c00000, 0x0000000748c00000|100%| O|  |TAMS 0x0000000748a00000| PB 0x0000000748a00000| Untracked 
|  70|0x0000000748c00000, 0x0000000748e00000, 0x0000000748e00000|100%| O|  |TAMS 0x0000000748c00000| PB 0x0000000748c00000| Untracked 
|  71|0x0000000748e00000, 0x0000000749000000, 0x0000000749000000|100%| O|  |TAMS 0x0000000748e00000| PB 0x0000000748e00000| Untracked 
|  72|0x0000000749000000, 0x0000000749200000, 0x0000000749200000|100%| O|  |TAMS 0x0000000749000000| PB 0x0000000749000000| Untracked 
|  73|0x0000000749200000, 0x0000000749400000, 0x0000000749400000|100%| O|  |TAMS 0x0000000749200000| PB 0x0000000749200000| Untracked 
|  74|0x0000000749400000, 0x0000000749600000, 0x0000000749600000|100%| O|  |TAMS 0x0000000749400000| PB 0x0000000749400000| Untracked 
|  75|0x0000000749600000, 0x0000000749800000, 0x0000000749800000|100%| O|  |TAMS 0x0000000749600000| PB 0x0000000749600000| Untracked 
|  76|0x0000000749800000, 0x0000000749a00000, 0x0000000749a00000|100%| O|  |TAMS 0x0000000749800000| PB 0x0000000749800000| Untracked 
|  77|0x0000000749a00000, 0x0000000749c00000, 0x0000000749c00000|100%| O|  |TAMS 0x0000000749a00000| PB 0x0000000749a00000| Untracked 
|  78|0x0000000749c00000, 0x0000000749e00000, 0x0000000749e00000|100%| O|  |TAMS 0x0000000749c00000| PB 0x0000000749c00000| Untracked 
|  79|0x0000000749e00000, 0x000000074a000000, 0x000000074a000000|100%| O|  |TAMS 0x0000000749e00000| PB 0x0000000749e00000| Untracked 
|  80|0x000000074a000000, 0x000000074a200000, 0x000000074a200000|100%| O|  |TAMS 0x000000074a000000| PB 0x000000074a000000| Untracked 
|  81|0x000000074a200000, 0x000000074a400000, 0x000000074a400000|100%| O|  |TAMS 0x000000074a200000| PB 0x000000074a200000| Untracked 
|  82|0x000000074a400000, 0x000000074a600000, 0x000000074a600000|100%| O|  |TAMS 0x000000074a400000| PB 0x000000074a400000| Untracked 
|  83|0x000000074a600000, 0x000000074a800000, 0x000000074a800000|100%| O|  |TAMS 0x000000074a600000| PB 0x000000074a600000| Untracked 
|  84|0x000000074a800000, 0x000000074aa00000, 0x000000074aa00000|100%| O|  |TAMS 0x000000074a800000| PB 0x000000074a800000| Untracked 
|  85|0x000000074aa00000, 0x000000074ac00000, 0x000000074ac00000|100%| O|  |TAMS 0x000000074aa00000| PB 0x000000074aa00000| Untracked 
|  86|0x000000074ac00000, 0x000000074ae00000, 0x000000074ae00000|100%| O|  |TAMS 0x000000074ac00000| PB 0x000000074ac00000| Untracked 
|  87|0x000000074ae00000, 0x000000074b000000, 0x000000074b000000|100%| O|  |TAMS 0x000000074ae00000| PB 0x000000074ae00000| Untracked 
|  88|0x000000074b000000, 0x000000074b200000, 0x000000074b200000|100%| O|  |TAMS 0x000000074b000000| PB 0x000000074b000000| Untracked 
|  89|0x000000074b200000, 0x000000074b400000, 0x000000074b400000|100%| O|  |TAMS 0x000000074b200000| PB 0x000000074b200000| Untracked 
|  90|0x000000074b400000, 0x000000074b600000, 0x000000074b600000|100%| O|  |TAMS 0x000000074b400000| PB 0x000000074b400000| Untracked 
|  91|0x000000074b600000, 0x000000074b800000, 0x000000074b800000|100%| O|  |TAMS 0x000000074b600000| PB 0x000000074b600000| Untracked 
|  92|0x000000074b800000, 0x000000074ba00000, 0x000000074ba00000|100%| O|  |TAMS 0x000000074b800000| PB 0x000000074b800000| Untracked 
|  93|0x000000074ba00000, 0x000000074bc00000, 0x000000074bc00000|100%| O|  |TAMS 0x000000074ba00000| PB 0x000000074ba00000| Untracked 
|  94|0x000000074bc00000, 0x000000074be00000, 0x000000074be00000|100%| O|  |TAMS 0x000000074bc00000| PB 0x000000074bc00000| Untracked 
|  95|0x000000074be00000, 0x000000074c000000, 0x000000074c000000|100%| O|Cm|TAMS 0x000000074be00000| PB 0x000000074be00000| Complete 
|  96|0x000000074c000000, 0x000000074c200000, 0x000000074c200000|100%| O|  |TAMS 0x000000074c000000| PB 0x000000074c000000| Untracked 
|  97|0x000000074c200000, 0x000000074c400000, 0x000000074c400000|100%| O|  |TAMS 0x000000074c200000| PB 0x000000074c200000| Untracked 
|  98|0x000000074c400000, 0x000000074c600000, 0x000000074c600000|100%| O|  |TAMS 0x000000074c400000| PB 0x000000074c400000| Untracked 
|  99|0x000000074c600000, 0x000000074c800000, 0x000000074c800000|100%| O|  |TAMS 0x000000074c600000| PB 0x000000074c600000| Untracked 
| 100|0x000000074c800000, 0x000000074ca00000, 0x000000074ca00000|100%| O|  |TAMS 0x000000074c800000| PB 0x000000074c800000| Untracked 
| 101|0x000000074ca00000, 0x000000074cc00000, 0x000000074cc00000|100%| O|Cm|TAMS 0x000000074ca00000| PB 0x000000074ca00000| Complete 
| 102|0x000000074cc00000, 0x000000074ce00000, 0x000000074ce00000|100%| O|  |TAMS 0x000000074cc00000| PB 0x000000074cc00000| Untracked 
| 103|0x000000074ce00000, 0x000000074d000000, 0x000000074d000000|100%| O|  |TAMS 0x000000074ce00000| PB 0x000000074ce00000| Untracked 
| 104|0x000000074d000000, 0x000000074d200000, 0x000000074d200000|100%| O|  |TAMS 0x000000074d000000| PB 0x000000074d000000| Untracked 
| 105|0x000000074d200000, 0x000000074d400000, 0x000000074d400000|100%| O|  |TAMS 0x000000074d200000| PB 0x000000074d200000| Untracked 
| 106|0x000000074d400000, 0x000000074d600000, 0x000000074d600000|100%| O|  |TAMS 0x000000074d400000| PB 0x000000074d400000| Untracked 
| 107|0x000000074d600000, 0x000000074d800000, 0x000000074d800000|100%| O|  |TAMS 0x000000074d600000| PB 0x000000074d600000| Untracked 
| 108|0x000000074d800000, 0x000000074da00000, 0x000000074da00000|100%| O|  |TAMS 0x000000074d800000| PB 0x000000074d800000| Untracked 
| 109|0x000000074da00000, 0x000000074dc00000, 0x000000074dc00000|100%| O|Cm|TAMS 0x000000074da00000| PB 0x000000074da00000| Complete 
| 110|0x000000074dc00000, 0x000000074de00000, 0x000000074de00000|100%| O|  |TAMS 0x000000074dc00000| PB 0x000000074dc00000| Untracked 
| 111|0x000000074de00000, 0x000000074e000000, 0x000000074e000000|100%| O|  |TAMS 0x000000074de00000| PB 0x000000074de00000| Untracked 
| 112|0x000000074e000000, 0x000000074e200000, 0x000000074e200000|100%| O|  |TAMS 0x000000074e000000| PB 0x000000074e000000| Untracked 
| 113|0x000000074e200000, 0x000000074e400000, 0x000000074e400000|100%| O|  |TAMS 0x000000074e200000| PB 0x000000074e200000| Untracked 
| 114|0x000000074e400000, 0x000000074e600000, 0x000000074e600000|100%| O|Cm|TAMS 0x000000074e400000| PB 0x000000074e400000| Complete 
| 115|0x000000074e600000, 0x000000074e800000, 0x000000074e800000|100%| O|  |TAMS 0x000000074e600000| PB 0x000000074e600000| Untracked 
| 116|0x000000074e800000, 0x000000074ea00000, 0x000000074ea00000|100%| O|  |TAMS 0x000000074e800000| PB 0x000000074e800000| Untracked 
| 117|0x000000074ea00000, 0x000000074ec00000, 0x000000074ec00000|100%| O|  |TAMS 0x000000074ea00000| PB 0x000000074ea00000| Untracked 
| 118|0x000000074ec00000, 0x000000074ee00000, 0x000000074ee00000|100%| O|  |TAMS 0x000000074ec00000| PB 0x000000074ec00000| Untracked 
| 119|0x000000074ee00000, 0x000000074f000000, 0x000000074f000000|100%| O|  |TAMS 0x000000074ee00000| PB 0x000000074ee00000| Untracked 
| 120|0x000000074f000000, 0x000000074f200000, 0x000000074f200000|100%| O|  |TAMS 0x000000074f000000| PB 0x000000074f000000| Untracked 
| 121|0x000000074f200000, 0x000000074f400000, 0x000000074f400000|100%| O|  |TAMS 0x000000074f200000| PB 0x000000074f200000| Untracked 
| 122|0x000000074f400000, 0x000000074f600000, 0x000000074f600000|100%| O|  |TAMS 0x000000074f400000| PB 0x000000074f400000| Untracked 
| 123|0x000000074f600000, 0x000000074f800000, 0x000000074f800000|100%| O|Cm|TAMS 0x000000074f600000| PB 0x000000074f600000| Complete 
| 124|0x000000074f800000, 0x000000074fa00000, 0x000000074fa00000|100%| O|  |TAMS 0x000000074f800000| PB 0x000000074f800000| Untracked 
| 125|0x000000074fa00000, 0x000000074fc00000, 0x000000074fc00000|100%| O|  |TAMS 0x000000074fa00000| PB 0x000000074fa00000| Untracked 
| 126|0x000000074fc00000, 0x000000074fe00000, 0x000000074fe00000|100%| O|Cm|TAMS 0x000000074fc00000| PB 0x000000074fc00000| Complete 
| 127|0x000000074fe00000, 0x0000000750000000, 0x0000000750000000|100%| O|Cm|TAMS 0x000000074fe00000| PB 0x000000074fe00000| Complete 
| 128|0x0000000750000000, 0x0000000750200000, 0x0000000750200000|100%| O|  |TAMS 0x0000000750000000| PB 0x0000000750000000| Untracked 
| 129|0x0000000750200000, 0x0000000750400000, 0x0000000750400000|100%| O|  |TAMS 0x0000000750200000| PB 0x0000000750200000| Untracked 
| 130|0x0000000750400000, 0x0000000750600000, 0x0000000750600000|100%| O|  |TAMS 0x0000000750400000| PB 0x0000000750400000| Untracked 
| 131|0x0000000750600000, 0x0000000750800000, 0x0000000750800000|100%| O|  |TAMS 0x0000000750600000| PB 0x0000000750600000| Untracked 
| 132|0x0000000750800000, 0x0000000750a00000, 0x0000000750a00000|100%| O|  |TAMS 0x0000000750800000| PB 0x0000000750800000| Untracked 
| 133|0x0000000750a00000, 0x0000000750c00000, 0x0000000750c00000|100%| O|  |TAMS 0x0000000750a00000| PB 0x0000000750a00000| Untracked 
| 134|0x0000000750c00000, 0x0000000750e00000, 0x0000000750e00000|100%| O|  |TAMS 0x0000000750c00000| PB 0x0000000750c00000| Untracked 
| 135|0x0000000750e00000, 0x0000000751000000, 0x0000000751000000|100%| O|  |TAMS 0x0000000750e00000| PB 0x0000000750e00000| Untracked 
| 136|0x0000000751000000, 0x0000000751200000, 0x0000000751200000|100%| O|Cm|TAMS 0x0000000751000000| PB 0x0000000751000000| Complete 
| 137|0x0000000751200000, 0x0000000751400000, 0x0000000751400000|100%| O|Cm|TAMS 0x0000000751200000| PB 0x0000000751200000| Complete 
| 138|0x0000000751400000, 0x0000000751600000, 0x0000000751600000|100%| O|  |TAMS 0x0000000751400000| PB 0x0000000751400000| Untracked 
| 139|0x0000000751600000, 0x0000000751800000, 0x0000000751800000|100%| O|Cm|TAMS 0x0000000751600000| PB 0x0000000751600000| Complete 
| 140|0x0000000751800000, 0x0000000751a00000, 0x0000000751a00000|100%| O|  |TAMS 0x0000000751800000| PB 0x0000000751800000| Untracked 
| 141|0x0000000751a00000, 0x0000000751c00000, 0x0000000751c00000|100%| O|Cm|TAMS 0x0000000751a00000| PB 0x0000000751a00000| Complete 
| 142|0x0000000751c00000, 0x0000000751e00000, 0x0000000751e00000|100%| O|  |TAMS 0x0000000751c00000| PB 0x0000000751c00000| Untracked 
| 143|0x0000000751e00000, 0x0000000752000000, 0x0000000752000000|100%| O|Cm|TAMS 0x0000000751e00000| PB 0x0000000751e00000| Complete 
| 144|0x0000000752000000, 0x0000000752200000, 0x0000000752200000|100%| O|  |TAMS 0x0000000752000000| PB 0x0000000752000000| Untracked 
| 145|0x0000000752200000, 0x0000000752400000, 0x0000000752400000|100%| O|  |TAMS 0x0000000752200000| PB 0x0000000752200000| Untracked 
| 146|0x0000000752400000, 0x0000000752600000, 0x0000000752600000|100%| O|Cm|TAMS 0x0000000752400000| PB 0x0000000752400000| Complete 
| 147|0x0000000752600000, 0x0000000752800000, 0x0000000752800000|100%| O|  |TAMS 0x0000000752600000| PB 0x0000000752600000| Untracked 
| 148|0x0000000752800000, 0x0000000752a00000, 0x0000000752a00000|100%| O|  |TAMS 0x0000000752800000| PB 0x0000000752800000| Untracked 
| 149|0x0000000752a00000, 0x0000000752c00000, 0x0000000752c00000|100%| O|  |TAMS 0x0000000752a00000| PB 0x0000000752a00000| Untracked 
| 150|0x0000000752c00000, 0x0000000752e00000, 0x0000000752e00000|100%| O|  |TAMS 0x0000000752c00000| PB 0x0000000752c00000| Untracked 
| 151|0x0000000752e00000, 0x0000000753000000, 0x0000000753000000|100%| O|  |TAMS 0x0000000752e00000| PB 0x0000000752e00000| Untracked 
| 152|0x0000000753000000, 0x0000000753200000, 0x0000000753200000|100%| O|Cm|TAMS 0x0000000753000000| PB 0x0000000753000000| Complete 
| 153|0x0000000753200000, 0x0000000753400000, 0x0000000753400000|100%| O|  |TAMS 0x0000000753200000| PB 0x0000000753200000| Untracked 
| 154|0x0000000753400000, 0x0000000753600000, 0x0000000753600000|100%| O|  |TAMS 0x0000000753400000| PB 0x0000000753400000| Untracked 
| 155|0x0000000753600000, 0x0000000753800000, 0x0000000753800000|100%| O|  |TAMS 0x0000000753600000| PB 0x0000000753600000| Untracked 
| 156|0x0000000753800000, 0x0000000753a00000, 0x0000000753a00000|100%| O|Cm|TAMS 0x0000000753800000| PB 0x0000000753800000| Complete 
| 157|0x0000000753a00000, 0x0000000753c00000, 0x0000000753c00000|100%| O|  |TAMS 0x0000000753a00000| PB 0x0000000753a00000| Untracked 
| 158|0x0000000753c00000, 0x0000000753e00000, 0x0000000753e00000|100%| O|Cm|TAMS 0x0000000753c00000| PB 0x0000000753c00000| Complete 
| 159|0x0000000753e00000, 0x0000000754000000, 0x0000000754000000|100%| O|  |TAMS 0x0000000753e00000| PB 0x0000000753e00000| Untracked 
| 160|0x0000000754000000, 0x0000000754200000, 0x0000000754200000|100%| O|Cm|TAMS 0x0000000754000000| PB 0x0000000754000000| Complete 
| 161|0x0000000754200000, 0x0000000754400000, 0x0000000754400000|100%| O|Cm|TAMS 0x0000000754200000| PB 0x0000000754200000| Complete 
| 162|0x0000000754400000, 0x0000000754600000, 0x0000000754600000|100%| O|Cm|TAMS 0x0000000754400000| PB 0x0000000754400000| Complete 
| 163|0x0000000754600000, 0x0000000754800000, 0x0000000754800000|100%| O|Cm|TAMS 0x0000000754600000| PB 0x0000000754600000| Complete 
| 164|0x0000000754800000, 0x0000000754a00000, 0x0000000754a00000|100%| O|Cm|TAMS 0x0000000754800000| PB 0x0000000754800000| Complete 
| 165|0x0000000754a00000, 0x0000000754c00000, 0x0000000754c00000|100%| O|Cm|TAMS 0x0000000754a00000| PB 0x0000000754a00000| Complete 
| 166|0x0000000754c00000, 0x0000000754e00000, 0x0000000754e00000|100%| O|Cm|TAMS 0x0000000754c00000| PB 0x0000000754c00000| Complete 
| 167|0x0000000754e00000, 0x0000000755000000, 0x0000000755000000|100%| O|Cm|TAMS 0x0000000754e00000| PB 0x0000000754e00000| Complete 
| 168|0x0000000755000000, 0x0000000755200000, 0x0000000755200000|100%| O|  |TAMS 0x0000000755000000| PB 0x0000000755000000| Untracked 
| 169|0x0000000755200000, 0x0000000755400000, 0x0000000755400000|100%| O|  |TAMS 0x0000000755200000| PB 0x0000000755200000| Untracked 
| 170|0x0000000755400000, 0x0000000755600000, 0x0000000755600000|100%| O|  |TAMS 0x0000000755400000| PB 0x0000000755400000| Untracked 
| 171|0x0000000755600000, 0x0000000755800000, 0x0000000755800000|100%| O|Cm|TAMS 0x0000000755600000| PB 0x0000000755600000| Complete 
| 172|0x0000000755800000, 0x0000000755a00000, 0x0000000755a00000|100%| O|Cm|TAMS 0x0000000755800000| PB 0x0000000755800000| Complete 
| 173|0x0000000755a00000, 0x0000000755c00000, 0x0000000755c00000|100%| O|Cm|TAMS 0x0000000755a00000| PB 0x0000000755a00000| Complete 
| 174|0x0000000755c00000, 0x0000000755e00000, 0x0000000755e00000|100%| O|Cm|TAMS 0x0000000755c00000| PB 0x0000000755c00000| Complete 
| 175|0x0000000755e00000, 0x0000000756000000, 0x0000000756000000|100%| O|Cm|TAMS 0x0000000755e00000| PB 0x0000000755e00000| Complete 
| 176|0x0000000756000000, 0x0000000756200000, 0x0000000756200000|100%| O|  |TAMS 0x0000000756000000| PB 0x0000000756000000| Untracked 
| 177|0x0000000756200000, 0x0000000756400000, 0x0000000756400000|100%| O|  |TAMS 0x0000000756200000| PB 0x0000000756200000| Untracked 
| 178|0x0000000756400000, 0x0000000756600000, 0x0000000756600000|100%| O|  |TAMS 0x0000000756400000| PB 0x0000000756400000| Untracked 
| 179|0x0000000756600000, 0x0000000756800000, 0x0000000756800000|100%| O|  |TAMS 0x0000000756600000| PB 0x0000000756600000| Untracked 
| 180|0x0000000756800000, 0x0000000756a00000, 0x0000000756a00000|100%| O|  |TAMS 0x0000000756800000| PB 0x0000000756800000| Untracked 
| 181|0x0000000756a00000, 0x0000000756c00000, 0x0000000756c00000|100%| O|  |TAMS 0x0000000756a00000| PB 0x0000000756a00000| Untracked 
| 182|0x0000000756c00000, 0x0000000756e00000, 0x0000000756e00000|100%| O|  |TAMS 0x0000000756c00000| PB 0x0000000756c00000| Untracked 
| 183|0x0000000756e00000, 0x0000000757000000, 0x0000000757000000|100%| O|  |TAMS 0x0000000756e00000| PB 0x0000000756e00000| Untracked 
| 184|0x0000000757000000, 0x0000000757200000, 0x0000000757200000|100%| O|  |TAMS 0x0000000757000000| PB 0x0000000757000000| Untracked 
| 185|0x0000000757200000, 0x0000000757400000, 0x0000000757400000|100%| O|  |TAMS 0x0000000757200000| PB 0x0000000757200000| Untracked 
| 186|0x0000000757400000, 0x0000000757600000, 0x0000000757600000|100%| O|  |TAMS 0x0000000757400000| PB 0x0000000757400000| Untracked 
| 187|0x0000000757600000, 0x0000000757800000, 0x0000000757800000|100%| O|Cm|TAMS 0x0000000757600000| PB 0x0000000757600000| Complete 
| 188|0x0000000757800000, 0x0000000757a00000, 0x0000000757a00000|100%| O|Cm|TAMS 0x0000000757800000| PB 0x0000000757800000| Complete 
| 189|0x0000000757a00000, 0x0000000757c00000, 0x0000000757c00000|100%| O|Cm|TAMS 0x0000000757a00000| PB 0x0000000757a00000| Complete 
| 190|0x0000000757c00000, 0x0000000757e00000, 0x0000000757e00000|100%| O|Cm|TAMS 0x0000000757c00000| PB 0x0000000757c00000| Complete 
| 191|0x0000000757e00000, 0x0000000758000000, 0x0000000758000000|100%| O|Cm|TAMS 0x0000000757e00000| PB 0x0000000757e00000| Complete 
| 192|0x0000000758000000, 0x0000000758200000, 0x0000000758200000|100%| O|  |TAMS 0x0000000758000000| PB 0x0000000758000000| Untracked 
| 193|0x0000000758200000, 0x0000000758400000, 0x0000000758400000|100%| O|  |TAMS 0x0000000758200000| PB 0x0000000758200000| Untracked 
| 194|0x0000000758400000, 0x0000000758600000, 0x0000000758600000|100%| O|  |TAMS 0x0000000758400000| PB 0x0000000758400000| Untracked 
| 195|0x0000000758600000, 0x0000000758800000, 0x0000000758800000|100%| O|  |TAMS 0x0000000758600000| PB 0x0000000758600000| Untracked 
| 196|0x0000000758800000, 0x0000000758a00000, 0x0000000758a00000|100%| O|Cm|TAMS 0x0000000758800000| PB 0x0000000758800000| Complete 
| 197|0x0000000758a00000, 0x0000000758c00000, 0x0000000758c00000|100%| O|Cm|TAMS 0x0000000758a00000| PB 0x0000000758a00000| Complete 
| 198|0x0000000758c00000, 0x0000000758e00000, 0x0000000758e00000|100%| O|  |TAMS 0x0000000758c00000| PB 0x0000000758c00000| Untracked 
| 199|0x0000000758e00000, 0x0000000759000000, 0x0000000759000000|100%| O|  |TAMS 0x0000000758e00000| PB 0x0000000758e00000| Untracked 
| 200|0x0000000759000000, 0x0000000759200000, 0x0000000759200000|100%| O|  |TAMS 0x0000000759000000| PB 0x0000000759000000| Untracked 
| 201|0x0000000759200000, 0x0000000759400000, 0x0000000759400000|100%| O|  |TAMS 0x0000000759200000| PB 0x0000000759200000| Untracked 
| 202|0x0000000759400000, 0x0000000759600000, 0x0000000759600000|100%| O|  |TAMS 0x0000000759400000| PB 0x0000000759400000| Untracked 
| 203|0x0000000759600000, 0x0000000759800000, 0x0000000759800000|100%| O|  |TAMS 0x0000000759600000| PB 0x0000000759600000| Untracked 
| 204|0x0000000759800000, 0x0000000759a00000, 0x0000000759a00000|100%| O|Cm|TAMS 0x0000000759800000| PB 0x0000000759800000| Complete 
| 205|0x0000000759a00000, 0x0000000759c00000, 0x0000000759c00000|100%| O|Cm|TAMS 0x0000000759a00000| PB 0x0000000759a00000| Complete 
| 206|0x0000000759c00000, 0x0000000759e00000, 0x0000000759e00000|100%| O|Cm|TAMS 0x0000000759c00000| PB 0x0000000759c00000| Complete 
| 207|0x0000000759e00000, 0x000000075a000000, 0x000000075a000000|100%| O|Cm|TAMS 0x0000000759e00000| PB 0x0000000759e00000| Complete 
| 208|0x000000075a000000, 0x000000075a200000, 0x000000075a200000|100%| O|Cm|TAMS 0x000000075a000000| PB 0x000000075a000000| Complete 
| 209|0x000000075a200000, 0x000000075a400000, 0x000000075a400000|100%| O|Cm|TAMS 0x000000075a200000| PB 0x000000075a200000| Complete 
| 210|0x000000075a400000, 0x000000075a600000, 0x000000075a600000|100%| O|Cm|TAMS 0x000000075a400000| PB 0x000000075a400000| Complete 
| 211|0x000000075a600000, 0x000000075a800000, 0x000000075a800000|100%| O|  |TAMS 0x000000075a600000| PB 0x000000075a600000| Untracked 
| 212|0x000000075a800000, 0x000000075aa00000, 0x000000075aa00000|100%| O|  |TAMS 0x000000075a800000| PB 0x000000075a800000| Untracked 
| 213|0x000000075aa00000, 0x000000075ac00000, 0x000000075ac00000|100%| O|  |TAMS 0x000000075aa00000| PB 0x000000075aa00000| Untracked 
| 214|0x000000075ac00000, 0x000000075ae00000, 0x000000075ae00000|100%| O|  |TAMS 0x000000075ac00000| PB 0x000000075ac00000| Untracked 
| 215|0x000000075ae00000, 0x000000075b000000, 0x000000075b000000|100%| O|  |TAMS 0x000000075ae00000| PB 0x000000075ae00000| Untracked 
| 216|0x000000075b000000, 0x000000075b200000, 0x000000075b200000|100%| O|  |TAMS 0x000000075b000000| PB 0x000000075b000000| Untracked 
| 217|0x000000075b200000, 0x000000075b400000, 0x000000075b400000|100%| O|  |TAMS 0x000000075b200000| PB 0x000000075b200000| Untracked 
| 218|0x000000075b400000, 0x000000075b600000, 0x000000075b600000|100%| O|  |TAMS 0x000000075b400000| PB 0x000000075b400000| Untracked 
| 219|0x000000075b600000, 0x000000075b800000, 0x000000075b800000|100%| O|  |TAMS 0x000000075b600000| PB 0x000000075b600000| Untracked 
| 220|0x000000075b800000, 0x000000075ba00000, 0x000000075ba00000|100%| O|  |TAMS 0x000000075b800000| PB 0x000000075b800000| Untracked 
| 221|0x000000075ba00000, 0x000000075bc00000, 0x000000075bc00000|100%| O|  |TAMS 0x000000075ba00000| PB 0x000000075ba00000| Untracked 
| 222|0x000000075bc00000, 0x000000075bc00000, 0x000000075be00000|  0%| F|  |TAMS 0x000000075bc00000| PB 0x000000075bc00000| Untracked 
| 223|0x000000075be00000, 0x000000075be00000, 0x000000075c000000|  0%| F|  |TAMS 0x000000075be00000| PB 0x000000075be00000| Untracked 
| 224|0x000000075c000000, 0x000000075c000000, 0x000000075c200000|  0%| F|  |TAMS 0x000000075c000000| PB 0x000000075c000000| Untracked 
| 225|0x000000075c200000, 0x000000075c200000, 0x000000075c400000|  0%| F|  |TAMS 0x000000075c200000| PB 0x000000075c200000| Untracked 
| 226|0x000000075c400000, 0x000000075c400000, 0x000000075c600000|  0%| F|  |TAMS 0x000000075c400000| PB 0x000000075c400000| Untracked 
| 227|0x000000075c600000, 0x000000075c800000, 0x000000075c800000|100%| O|  |TAMS 0x000000075c600000| PB 0x000000075c600000| Untracked 
| 228|0x000000075c800000, 0x000000075ca00000, 0x000000075ca00000|100%| O|  |TAMS 0x000000075c800000| PB 0x000000075c800000| Untracked 
| 229|0x000000075ca00000, 0x000000075ca00000, 0x000000075cc00000|  0%| F|  |TAMS 0x000000075ca00000| PB 0x000000075ca00000| Untracked 
| 230|0x000000075cc00000, 0x000000075cc00000, 0x000000075ce00000|  0%| F|  |TAMS 0x000000075cc00000| PB 0x000000075cc00000| Untracked 
| 231|0x000000075ce00000, 0x000000075ce00000, 0x000000075d000000|  0%| F|  |TAMS 0x000000075ce00000| PB 0x000000075ce00000| Untracked 
| 232|0x000000075d000000, 0x000000075d000000, 0x000000075d200000|  0%| F|  |TAMS 0x000000075d000000| PB 0x000000075d000000| Untracked 
| 233|0x000000075d200000, 0x000000075d200000, 0x000000075d400000|  0%| F|  |TAMS 0x000000075d200000| PB 0x000000075d200000| Untracked 
| 234|0x000000075d400000, 0x000000075d400000, 0x000000075d600000|  0%| F|  |TAMS 0x000000075d400000| PB 0x000000075d400000| Untracked 
| 235|0x000000075d600000, 0x000000075d600000, 0x000000075d800000|  0%| F|  |TAMS 0x000000075d600000| PB 0x000000075d600000| Untracked 
| 236|0x000000075d800000, 0x000000075d800000, 0x000000075da00000|  0%| F|  |TAMS 0x000000075d800000| PB 0x000000075d800000| Untracked 
| 237|0x000000075da00000, 0x000000075da00000, 0x000000075dc00000|  0%| F|  |TAMS 0x000000075da00000| PB 0x000000075da00000| Untracked 
| 238|0x000000075dc00000, 0x000000075dc00000, 0x000000075de00000|  0%| F|  |TAMS 0x000000075dc00000| PB 0x000000075dc00000| Untracked 
| 239|0x000000075de00000, 0x000000075de00000, 0x000000075e000000|  0%| F|  |TAMS 0x000000075de00000| PB 0x000000075de00000| Untracked 
| 240|0x000000075e000000, 0x000000075e000000, 0x000000075e200000|  0%| F|  |TAMS 0x000000075e000000| PB 0x000000075e000000| Untracked 
| 241|0x000000075e200000, 0x000000075e200000, 0x000000075e400000|  0%| F|  |TAMS 0x000000075e200000| PB 0x000000075e200000| Untracked 
| 242|0x000000075e400000, 0x000000075e400000, 0x000000075e600000|  0%| F|  |TAMS 0x000000075e400000| PB 0x000000075e400000| Untracked 
| 243|0x000000075e600000, 0x000000075e600000, 0x000000075e800000|  0%| F|  |TAMS 0x000000075e600000| PB 0x000000075e600000| Untracked 
| 244|0x000000075e800000, 0x000000075ea00000, 0x000000075ea00000|100%| S|CS|TAMS 0x000000075e800000| PB 0x000000075e800000| Complete 
| 245|0x000000075ea00000, 0x000000075ec00000, 0x000000075ec00000|100%| S|CS|TAMS 0x000000075ea00000| PB 0x000000075ea00000| Complete 
| 246|0x000000075ec00000, 0x000000075ee00000, 0x000000075ee00000|100%| S|CS|TAMS 0x000000075ec00000| PB 0x000000075ec00000| Complete 
| 247|0x000000075ee00000, 0x000000075f000000, 0x000000075f000000|100%| S|CS|TAMS 0x000000075ee00000| PB 0x000000075ee00000| Complete 
| 248|0x000000075f000000, 0x000000075f200000, 0x000000075f200000|100%| S|CS|TAMS 0x000000075f000000| PB 0x000000075f000000| Complete 
| 249|0x000000075f200000, 0x000000075f400000, 0x000000075f400000|100%| S|CS|TAMS 0x000000075f200000| PB 0x000000075f200000| Complete 
| 250|0x000000075f400000, 0x000000075f400000, 0x000000075f600000|  0%| F|  |TAMS 0x000000075f400000| PB 0x000000075f400000| Untracked 
| 251|0x000000075f600000, 0x000000075f600000, 0x000000075f800000|  0%| F|  |TAMS 0x000000075f600000| PB 0x000000075f600000| Untracked 
| 252|0x000000075f800000, 0x000000075f800000, 0x000000075fa00000|  0%| F|  |TAMS 0x000000075f800000| PB 0x000000075f800000| Untracked 
| 253|0x000000075fa00000, 0x000000075fa00000, 0x000000075fc00000|  0%| F|  |TAMS 0x000000075fa00000| PB 0x000000075fa00000| Untracked 
| 254|0x000000075fc00000, 0x000000075fc00000, 0x000000075fe00000|  0%| F|  |TAMS 0x000000075fc00000| PB 0x000000075fc00000| Untracked 
| 255|0x000000075fe00000, 0x000000075fe00000, 0x0000000760000000|  0%| F|  |TAMS 0x000000075fe00000| PB 0x000000075fe00000| Untracked 
| 256|0x0000000760000000, 0x0000000760000000, 0x0000000760200000|  0%| F|  |TAMS 0x0000000760000000| PB 0x0000000760000000| Untracked 
| 257|0x0000000760200000, 0x0000000760200000, 0x0000000760400000|  0%| F|  |TAMS 0x0000000760200000| PB 0x0000000760200000| Untracked 
| 258|0x0000000760400000, 0x0000000760400000, 0x0000000760600000|  0%| F|  |TAMS 0x0000000760400000| PB 0x0000000760400000| Untracked 
| 259|0x0000000760600000, 0x0000000760600000, 0x0000000760800000|  0%| F|  |TAMS 0x0000000760600000| PB 0x0000000760600000| Untracked 
| 260|0x0000000760800000, 0x0000000760800000, 0x0000000760a00000|  0%| F|  |TAMS 0x0000000760800000| PB 0x0000000760800000| Untracked 
| 261|0x0000000760a00000, 0x0000000760a00000, 0x0000000760c00000|  0%| F|  |TAMS 0x0000000760a00000| PB 0x0000000760a00000| Untracked 
| 262|0x0000000760c00000, 0x0000000760c00000, 0x0000000760e00000|  0%| F|  |TAMS 0x0000000760c00000| PB 0x0000000760c00000| Untracked 
| 263|0x0000000760e00000, 0x0000000760e00000, 0x0000000761000000|  0%| F|  |TAMS 0x0000000760e00000| PB 0x0000000760e00000| Untracked 
| 264|0x0000000761000000, 0x0000000761000000, 0x0000000761200000|  0%| F|  |TAMS 0x0000000761000000| PB 0x0000000761000000| Untracked 
| 265|0x0000000761200000, 0x0000000761200000, 0x0000000761400000|  0%| F|  |TAMS 0x0000000761200000| PB 0x0000000761200000| Untracked 
| 266|0x0000000761400000, 0x0000000761400000, 0x0000000761600000|  0%| F|  |TAMS 0x0000000761400000| PB 0x0000000761400000| Untracked 
| 267|0x0000000761600000, 0x0000000761600000, 0x0000000761800000|  0%| F|  |TAMS 0x0000000761600000| PB 0x0000000761600000| Untracked 
| 268|0x0000000761800000, 0x0000000761800000, 0x0000000761a00000|  0%| F|  |TAMS 0x0000000761800000| PB 0x0000000761800000| Untracked 
| 269|0x0000000761a00000, 0x0000000761a00000, 0x0000000761c00000|  0%| F|  |TAMS 0x0000000761a00000| PB 0x0000000761a00000| Untracked 
| 270|0x0000000761c00000, 0x0000000761c00000, 0x0000000761e00000|  0%| F|  |TAMS 0x0000000761c00000| PB 0x0000000761c00000| Untracked 
| 271|0x0000000761e00000, 0x0000000761e00000, 0x0000000762000000|  0%| F|  |TAMS 0x0000000761e00000| PB 0x0000000761e00000| Untracked 
| 272|0x0000000762000000, 0x0000000762000000, 0x0000000762200000|  0%| F|  |TAMS 0x0000000762000000| PB 0x0000000762000000| Untracked 
| 273|0x0000000762200000, 0x0000000762200000, 0x0000000762400000|  0%| F|  |TAMS 0x0000000762200000| PB 0x0000000762200000| Untracked 
| 274|0x0000000762400000, 0x0000000762400000, 0x0000000762600000|  0%| F|  |TAMS 0x0000000762400000| PB 0x0000000762400000| Untracked 
| 275|0x0000000762600000, 0x0000000762600000, 0x0000000762800000|  0%| F|  |TAMS 0x0000000762600000| PB 0x0000000762600000| Untracked 
| 276|0x0000000762800000, 0x0000000762800000, 0x0000000762a00000|  0%| F|  |TAMS 0x0000000762800000| PB 0x0000000762800000| Untracked 
| 277|0x0000000762a00000, 0x0000000762a00000, 0x0000000762c00000|  0%| F|  |TAMS 0x0000000762a00000| PB 0x0000000762a00000| Untracked 
| 278|0x0000000762c00000, 0x0000000762c00000, 0x0000000762e00000|  0%| F|  |TAMS 0x0000000762c00000| PB 0x0000000762c00000| Untracked 
| 279|0x0000000762e00000, 0x0000000762e00000, 0x0000000763000000|  0%| F|  |TAMS 0x0000000762e00000| PB 0x0000000762e00000| Untracked 
| 280|0x0000000763000000, 0x0000000763000000, 0x0000000763200000|  0%| F|  |TAMS 0x0000000763000000| PB 0x0000000763000000| Untracked 
| 281|0x0000000763200000, 0x0000000763200000, 0x0000000763400000|  0%| F|  |TAMS 0x0000000763200000| PB 0x0000000763200000| Untracked 
| 282|0x0000000763400000, 0x0000000763400000, 0x0000000763600000|  0%| F|  |TAMS 0x0000000763400000| PB 0x0000000763400000| Untracked 
| 283|0x0000000763600000, 0x0000000763600000, 0x0000000763800000|  0%| F|  |TAMS 0x0000000763600000| PB 0x0000000763600000| Untracked 
| 284|0x0000000763800000, 0x0000000763800000, 0x0000000763a00000|  0%| F|  |TAMS 0x0000000763800000| PB 0x0000000763800000| Untracked 
| 285|0x0000000763a00000, 0x0000000763a00000, 0x0000000763c00000|  0%| F|  |TAMS 0x0000000763a00000| PB 0x0000000763a00000| Untracked 
| 286|0x0000000763c00000, 0x0000000763c00000, 0x0000000763e00000|  0%| F|  |TAMS 0x0000000763c00000| PB 0x0000000763c00000| Untracked 
| 287|0x0000000763e00000, 0x0000000763e00000, 0x0000000764000000|  0%| F|  |TAMS 0x0000000763e00000| PB 0x0000000763e00000| Untracked 
| 288|0x0000000764000000, 0x0000000764000000, 0x0000000764200000|  0%| F|  |TAMS 0x0000000764000000| PB 0x0000000764000000| Untracked 
| 289|0x0000000764200000, 0x0000000764200000, 0x0000000764400000|  0%| F|  |TAMS 0x0000000764200000| PB 0x0000000764200000| Untracked 
| 290|0x0000000764400000, 0x0000000764400000, 0x0000000764600000|  0%| F|  |TAMS 0x0000000764400000| PB 0x0000000764400000| Untracked 
| 291|0x0000000764600000, 0x0000000764600000, 0x0000000764800000|  0%| F|  |TAMS 0x0000000764600000| PB 0x0000000764600000| Untracked 
| 292|0x0000000764800000, 0x0000000764800000, 0x0000000764a00000|  0%| F|  |TAMS 0x0000000764800000| PB 0x0000000764800000| Untracked 
| 293|0x0000000764a00000, 0x0000000764a00000, 0x0000000764c00000|  0%| F|  |TAMS 0x0000000764a00000| PB 0x0000000764a00000| Untracked 
| 294|0x0000000764c00000, 0x0000000764c00000, 0x0000000764e00000|  0%| F|  |TAMS 0x0000000764c00000| PB 0x0000000764c00000| Untracked 
| 295|0x0000000764e00000, 0x0000000764e00000, 0x0000000765000000|  0%| F|  |TAMS 0x0000000764e00000| PB 0x0000000764e00000| Untracked 
| 296|0x0000000765000000, 0x0000000765000000, 0x0000000765200000|  0%| F|  |TAMS 0x0000000765000000| PB 0x0000000765000000| Untracked 
| 297|0x0000000765200000, 0x0000000765200000, 0x0000000765400000|  0%| F|  |TAMS 0x0000000765200000| PB 0x0000000765200000| Untracked 
| 298|0x0000000765400000, 0x0000000765400000, 0x0000000765600000|  0%| F|  |TAMS 0x0000000765400000| PB 0x0000000765400000| Untracked 
| 299|0x0000000765600000, 0x0000000765600000, 0x0000000765800000|  0%| F|  |TAMS 0x0000000765600000| PB 0x0000000765600000| Untracked 
| 300|0x0000000765800000, 0x0000000765800000, 0x0000000765a00000|  0%| F|  |TAMS 0x0000000765800000| PB 0x0000000765800000| Untracked 
| 301|0x0000000765a00000, 0x0000000765a00000, 0x0000000765c00000|  0%| F|  |TAMS 0x0000000765a00000| PB 0x0000000765a00000| Untracked 
| 302|0x0000000765c00000, 0x0000000765c00000, 0x0000000765e00000|  0%| F|  |TAMS 0x0000000765c00000| PB 0x0000000765c00000| Untracked 
| 303|0x0000000765e00000, 0x0000000765e00000, 0x0000000766000000|  0%| F|  |TAMS 0x0000000765e00000| PB 0x0000000765e00000| Untracked 
| 304|0x0000000766000000, 0x0000000766000000, 0x0000000766200000|  0%| F|  |TAMS 0x0000000766000000| PB 0x0000000766000000| Untracked 
| 305|0x0000000766200000, 0x0000000766200000, 0x0000000766400000|  0%| F|  |TAMS 0x0000000766200000| PB 0x0000000766200000| Untracked 
| 306|0x0000000766400000, 0x0000000766400000, 0x0000000766600000|  0%| F|  |TAMS 0x0000000766400000| PB 0x0000000766400000| Untracked 
| 307|0x0000000766600000, 0x0000000766600000, 0x0000000766800000|  0%| F|  |TAMS 0x0000000766600000| PB 0x0000000766600000| Untracked 
| 308|0x0000000766800000, 0x0000000766800000, 0x0000000766a00000|  0%| F|  |TAMS 0x0000000766800000| PB 0x0000000766800000| Untracked 
| 309|0x0000000766a00000, 0x0000000766a00000, 0x0000000766c00000|  0%| F|  |TAMS 0x0000000766a00000| PB 0x0000000766a00000| Untracked 
| 310|0x0000000766c00000, 0x0000000766c00000, 0x0000000766e00000|  0%| F|  |TAMS 0x0000000766c00000| PB 0x0000000766c00000| Untracked 
| 311|0x0000000766e00000, 0x0000000766e00000, 0x0000000767000000|  0%| F|  |TAMS 0x0000000766e00000| PB 0x0000000766e00000| Untracked 
| 312|0x0000000767000000, 0x0000000767000000, 0x0000000767200000|  0%| F|  |TAMS 0x0000000767000000| PB 0x0000000767000000| Untracked 
| 313|0x0000000767200000, 0x0000000767200000, 0x0000000767400000|  0%| F|  |TAMS 0x0000000767200000| PB 0x0000000767200000| Untracked 
| 314|0x0000000767400000, 0x0000000767400000, 0x0000000767600000|  0%| F|  |TAMS 0x0000000767400000| PB 0x0000000767400000| Untracked 
| 315|0x0000000767600000, 0x0000000767600000, 0x0000000767800000|  0%| F|  |TAMS 0x0000000767600000| PB 0x0000000767600000| Untracked 
| 316|0x0000000767800000, 0x0000000767800000, 0x0000000767a00000|  0%| F|  |TAMS 0x0000000767800000| PB 0x0000000767800000| Untracked 
| 317|0x0000000767a00000, 0x0000000767a00000, 0x0000000767c00000|  0%| F|  |TAMS 0x0000000767a00000| PB 0x0000000767a00000| Untracked 
| 318|0x0000000767c00000, 0x0000000767c00000, 0x0000000767e00000|  0%| F|  |TAMS 0x0000000767c00000| PB 0x0000000767c00000| Untracked 
| 319|0x0000000767e00000, 0x0000000767e00000, 0x0000000768000000|  0%| F|  |TAMS 0x0000000767e00000| PB 0x0000000767e00000| Untracked 
| 320|0x0000000768000000, 0x0000000768000000, 0x0000000768200000|  0%| F|  |TAMS 0x0000000768000000| PB 0x0000000768000000| Untracked 
| 321|0x0000000768200000, 0x0000000768200000, 0x0000000768400000|  0%| F|  |TAMS 0x0000000768200000| PB 0x0000000768200000| Untracked 
| 322|0x0000000768400000, 0x0000000768400000, 0x0000000768600000|  0%| F|  |TAMS 0x0000000768400000| PB 0x0000000768400000| Untracked 
| 323|0x0000000768600000, 0x0000000768600000, 0x0000000768800000|  0%| F|  |TAMS 0x0000000768600000| PB 0x0000000768600000| Untracked 
| 324|0x0000000768800000, 0x0000000768800000, 0x0000000768a00000|  0%| F|  |TAMS 0x0000000768800000| PB 0x0000000768800000| Untracked 
| 325|0x0000000768a00000, 0x0000000768a00000, 0x0000000768c00000|  0%| F|  |TAMS 0x0000000768a00000| PB 0x0000000768a00000| Untracked 
| 326|0x0000000768c00000, 0x0000000768c00000, 0x0000000768e00000|  0%| F|  |TAMS 0x0000000768c00000| PB 0x0000000768c00000| Untracked 
| 327|0x0000000768e00000, 0x0000000768e00000, 0x0000000769000000|  0%| F|  |TAMS 0x0000000768e00000| PB 0x0000000768e00000| Untracked 
| 328|0x0000000769000000, 0x0000000769000000, 0x0000000769200000|  0%| F|  |TAMS 0x0000000769000000| PB 0x0000000769000000| Untracked 
| 329|0x0000000769200000, 0x0000000769200000, 0x0000000769400000|  0%| F|  |TAMS 0x0000000769200000| PB 0x0000000769200000| Untracked 
| 330|0x0000000769400000, 0x0000000769400000, 0x0000000769600000|  0%| F|  |TAMS 0x0000000769400000| PB 0x0000000769400000| Untracked 
| 331|0x0000000769600000, 0x0000000769600000, 0x0000000769800000|  0%| F|  |TAMS 0x0000000769600000| PB 0x0000000769600000| Untracked 
| 332|0x0000000769800000, 0x0000000769800000, 0x0000000769a00000|  0%| F|  |TAMS 0x0000000769800000| PB 0x0000000769800000| Untracked 
| 333|0x0000000769a00000, 0x0000000769a00000, 0x0000000769c00000|  0%| F|  |TAMS 0x0000000769a00000| PB 0x0000000769a00000| Untracked 
| 334|0x0000000769c00000, 0x0000000769c00000, 0x0000000769e00000|  0%| F|  |TAMS 0x0000000769c00000| PB 0x0000000769c00000| Untracked 
| 335|0x0000000769e00000, 0x0000000769e00000, 0x000000076a000000|  0%| F|  |TAMS 0x0000000769e00000| PB 0x0000000769e00000| Untracked 
| 336|0x000000076a000000, 0x000000076a000000, 0x000000076a200000|  0%| F|  |TAMS 0x000000076a000000| PB 0x000000076a000000| Untracked 
| 337|0x000000076a200000, 0x000000076a200000, 0x000000076a400000|  0%| F|  |TAMS 0x000000076a200000| PB 0x000000076a200000| Untracked 
| 338|0x000000076a400000, 0x000000076a400000, 0x000000076a600000|  0%| F|  |TAMS 0x000000076a400000| PB 0x000000076a400000| Untracked 
| 339|0x000000076a600000, 0x000000076a600000, 0x000000076a800000|  0%| F|  |TAMS 0x000000076a600000| PB 0x000000076a600000| Untracked 
| 340|0x000000076a800000, 0x000000076a800000, 0x000000076aa00000|  0%| F|  |TAMS 0x000000076a800000| PB 0x000000076a800000| Untracked 
| 341|0x000000076aa00000, 0x000000076aa00000, 0x000000076ac00000|  0%| F|  |TAMS 0x000000076aa00000| PB 0x000000076aa00000| Untracked 
| 342|0x000000076ac00000, 0x000000076ac00000, 0x000000076ae00000|  0%| F|  |TAMS 0x000000076ac00000| PB 0x000000076ac00000| Untracked 
| 343|0x000000076ae00000, 0x000000076ae00000, 0x000000076b000000|  0%| F|  |TAMS 0x000000076ae00000| PB 0x000000076ae00000| Untracked 
| 344|0x000000076b000000, 0x000000076b000000, 0x000000076b200000|  0%| F|  |TAMS 0x000000076b000000| PB 0x000000076b000000| Untracked 
| 345|0x000000076b200000, 0x000000076b200000, 0x000000076b400000|  0%| F|  |TAMS 0x000000076b200000| PB 0x000000076b200000| Untracked 
| 346|0x000000076b400000, 0x000000076b400000, 0x000000076b600000|  0%| F|  |TAMS 0x000000076b400000| PB 0x000000076b400000| Untracked 
| 347|0x000000076b600000, 0x000000076b600000, 0x000000076b800000|  0%| F|  |TAMS 0x000000076b600000| PB 0x000000076b600000| Untracked 
| 348|0x000000076b800000, 0x000000076b800000, 0x000000076ba00000|  0%| F|  |TAMS 0x000000076b800000| PB 0x000000076b800000| Untracked 
| 349|0x000000076ba00000, 0x000000076ba00000, 0x000000076bc00000|  0%| F|  |TAMS 0x000000076ba00000| PB 0x000000076ba00000| Untracked 
| 350|0x000000076bc00000, 0x000000076bc00000, 0x000000076be00000|  0%| F|  |TAMS 0x000000076bc00000| PB 0x000000076bc00000| Untracked 
| 351|0x000000076be00000, 0x000000076be00000, 0x000000076c000000|  0%| F|  |TAMS 0x000000076be00000| PB 0x000000076be00000| Untracked 
| 352|0x000000076c000000, 0x000000076c000000, 0x000000076c200000|  0%| F|  |TAMS 0x000000076c000000| PB 0x000000076c000000| Untracked 
| 353|0x000000076c200000, 0x000000076c200000, 0x000000076c400000|  0%| F|  |TAMS 0x000000076c200000| PB 0x000000076c200000| Untracked 
| 354|0x000000076c400000, 0x000000076c400000, 0x000000076c600000|  0%| F|  |TAMS 0x000000076c400000| PB 0x000000076c400000| Untracked 
| 355|0x000000076c600000, 0x000000076c600000, 0x000000076c800000|  0%| F|  |TAMS 0x000000076c600000| PB 0x000000076c600000| Untracked 
| 356|0x000000076c800000, 0x000000076c800000, 0x000000076ca00000|  0%| F|  |TAMS 0x000000076c800000| PB 0x000000076c800000| Untracked 
| 357|0x000000076ca00000, 0x000000076ca00000, 0x000000076cc00000|  0%| F|  |TAMS 0x000000076ca00000| PB 0x000000076ca00000| Untracked 
| 358|0x000000076cc00000, 0x000000076cc00000, 0x000000076ce00000|  0%| F|  |TAMS 0x000000076cc00000| PB 0x000000076cc00000| Untracked 
| 359|0x000000076ce00000, 0x000000076cfa3d88, 0x000000076d000000| 82%| E|  |TAMS 0x000000076ce00000| PB 0x000000076ce00000| Complete 
| 360|0x000000076d000000, 0x000000076d200000, 0x000000076d200000|100%| E|CS|TAMS 0x000000076d000000| PB 0x000000076d000000| Complete 
| 361|0x000000076d200000, 0x000000076d400000, 0x000000076d400000|100%| E|CS|TAMS 0x000000076d200000| PB 0x000000076d200000| Complete 
| 362|0x000000076d400000, 0x000000076d600000, 0x000000076d600000|100%| E|CS|TAMS 0x000000076d400000| PB 0x000000076d400000| Complete 
| 363|0x000000076d600000, 0x000000076d800000, 0x000000076d800000|100%| E|CS|TAMS 0x000000076d600000| PB 0x000000076d600000| Complete 
| 364|0x000000076d800000, 0x000000076da00000, 0x000000076da00000|100%| E|CS|TAMS 0x000000076d800000| PB 0x000000076d800000| Complete 
| 365|0x000000076da00000, 0x000000076dc00000, 0x000000076dc00000|100%| E|CS|TAMS 0x000000076da00000| PB 0x000000076da00000| Complete 
| 366|0x000000076dc00000, 0x000000076de00000, 0x000000076de00000|100%| E|CS|TAMS 0x000000076dc00000| PB 0x000000076dc00000| Complete 
| 367|0x000000076de00000, 0x000000076e000000, 0x000000076e000000|100%| E|CS|TAMS 0x000000076de00000| PB 0x000000076de00000| Complete 
| 368|0x000000076e000000, 0x000000076e200000, 0x000000076e200000|100%| E|CS|TAMS 0x000000076e000000| PB 0x000000076e000000| Complete 
| 369|0x000000076e200000, 0x000000076e400000, 0x000000076e400000|100%| E|CS|TAMS 0x000000076e200000| PB 0x000000076e200000| Complete 
| 370|0x000000076e400000, 0x000000076e600000, 0x000000076e600000|100%| E|CS|TAMS 0x000000076e400000| PB 0x000000076e400000| Complete 
| 371|0x000000076e600000, 0x000000076e800000, 0x000000076e800000|100%| E|CS|TAMS 0x000000076e600000| PB 0x000000076e600000| Complete 
| 372|0x000000076e800000, 0x000000076ea00000, 0x000000076ea00000|100%| E|CS|TAMS 0x000000076e800000| PB 0x000000076e800000| Complete 
| 373|0x000000076ea00000, 0x000000076ec00000, 0x000000076ec00000|100%| E|CS|TAMS 0x000000076ea00000| PB 0x000000076ea00000| Complete 
| 374|0x000000076ec00000, 0x000000076ee00000, 0x000000076ee00000|100%| E|CS|TAMS 0x000000076ec00000| PB 0x000000076ec00000| Complete 
| 375|0x000000076ee00000, 0x000000076f000000, 0x000000076f000000|100%| E|CS|TAMS 0x000000076ee00000| PB 0x000000076ee00000| Complete 
| 376|0x000000076f000000, 0x000000076f200000, 0x000000076f200000|100%| E|CS|TAMS 0x000000076f000000| PB 0x000000076f000000| Complete 
| 377|0x000000076f200000, 0x000000076f400000, 0x000000076f400000|100%| E|CS|TAMS 0x000000076f200000| PB 0x000000076f200000| Complete 
| 378|0x000000076f400000, 0x000000076f600000, 0x000000076f600000|100%| E|CS|TAMS 0x000000076f400000| PB 0x000000076f400000| Complete 
| 379|0x000000076f600000, 0x000000076f800000, 0x000000076f800000|100%| E|CS|TAMS 0x000000076f600000| PB 0x000000076f600000| Complete 
| 380|0x000000076f800000, 0x000000076fa00000, 0x000000076fa00000|100%| E|CS|TAMS 0x000000076f800000| PB 0x000000076f800000| Complete 
| 381|0x000000076fa00000, 0x000000076fc00000, 0x000000076fc00000|100%| E|CS|TAMS 0x000000076fa00000| PB 0x000000076fa00000| Complete 
| 382|0x000000076fc00000, 0x000000076fe00000, 0x000000076fe00000|100%| E|CS|TAMS 0x000000076fc00000| PB 0x000000076fc00000| Complete 
| 383|0x000000076fe00000, 0x0000000770000000, 0x0000000770000000|100%| E|CS|TAMS 0x000000076fe00000| PB 0x000000076fe00000| Complete 
| 384|0x0000000770000000, 0x0000000770200000, 0x0000000770200000|100%| E|CS|TAMS 0x0000000770000000| PB 0x0000000770000000| Complete 
| 385|0x0000000770200000, 0x0000000770400000, 0x0000000770400000|100%| E|CS|TAMS 0x0000000770200000| PB 0x0000000770200000| Complete 
| 386|0x0000000770400000, 0x0000000770600000, 0x0000000770600000|100%| E|CS|TAMS 0x0000000770400000| PB 0x0000000770400000| Complete 
| 387|0x0000000770600000, 0x0000000770800000, 0x0000000770800000|100%| E|CS|TAMS 0x0000000770600000| PB 0x0000000770600000| Complete 
| 388|0x0000000770800000, 0x0000000770a00000, 0x0000000770a00000|100%| E|CS|TAMS 0x0000000770800000| PB 0x0000000770800000| Complete 
| 389|0x0000000770a00000, 0x0000000770c00000, 0x0000000770c00000|100%| E|CS|TAMS 0x0000000770a00000| PB 0x0000000770a00000| Complete 
| 390|0x0000000770c00000, 0x0000000770e00000, 0x0000000770e00000|100%| E|CS|TAMS 0x0000000770c00000| PB 0x0000000770c00000| Complete 
| 391|0x0000000770e00000, 0x0000000771000000, 0x0000000771000000|100%| E|CS|TAMS 0x0000000770e00000| PB 0x0000000770e00000| Complete 
|1527|0x00000007fee00000, 0x00000007ff000000, 0x00000007ff000000|100%| E|CS|TAMS 0x00000007fee00000| PB 0x00000007fee00000| Complete 
|1528|0x00000007ff000000, 0x00000007ff200000, 0x00000007ff200000|100%| E|CS|TAMS 0x00000007ff000000| PB 0x00000007ff000000| Complete 
|1529|0x00000007ff200000, 0x00000007ff400000, 0x00000007ff400000|100%| E|CS|TAMS 0x00000007ff200000| PB 0x00000007ff200000| Complete 
|1530|0x00000007ff400000, 0x00000007ff600000, 0x00000007ff600000|100%| E|CS|TAMS 0x00000007ff400000| PB 0x00000007ff400000| Complete 
|1531|0x00000007ff600000, 0x00000007ff800000, 0x00000007ff800000|100%| O|Cm|TAMS 0x00000007ff600000| PB 0x00000007ff600000| Complete 
|1532|0x00000007ff800000, 0x00000007ffa00000, 0x00000007ffa00000|100%| E|CS|TAMS 0x00000007ff800000| PB 0x00000007ff800000| Complete 
|1533|0x00000007ffa00000, 0x00000007ffc00000, 0x00000007ffc00000|100%| E|CS|TAMS 0x00000007ffa00000| PB 0x00000007ffa00000| Complete 
|1534|0x00000007ffc00000, 0x00000007ffe00000, 0x00000007ffe00000|100%| O|  |TAMS 0x00000007ffc00000| PB 0x00000007ffc00000| Untracked 
|1535|0x00000007ffe00000, 0x0000000800000000, 0x0000000800000000|100%| E|CS|TAMS 0x00000007ffe00000| PB 0x00000007ffe00000| Complete 

Card table byte_map: [0x000001f7c8a80000,0x000001f7c9080000] _byte_map_base: 0x000001f7c5080000

Marking Bits: (CMBitMap*) 0x000001f7b5a670d0
 Bits: [0x000001f7c9080000, 0x000001f7cc080000)

Polling page: 0x000001f7b3800000

Metaspace:

Usage:
  Non-class:     65.47 MB used.
      Class:      8.49 MB used.
       Both:     73.96 MB used.

Virtual space:
  Non-class space:      128.00 MB reserved,      67.00 MB ( 52%) committed,  2 nodes.
      Class space:        1.00 GB reserved,       9.56 MB ( <1%) committed,  1 nodes.
             Both:        1.12 GB reserved,      76.56 MB (  7%) committed. 

Chunk freelists:
   Non-Class:  12.14 MB
       Class:  6.36 MB
        Both:  18.50 MB

MaxMetaspaceSize: unlimited
CompressedClassSpaceSize: 1.00 GB
Initial GC threshold: 21.00 MB
Current GC threshold: 125.62 MB
CDS: on
 - commit_granule_bytes: 65536.
 - commit_granule_words: 8192.
 - virtual_space_node_default_size: 8388608.
 - enlarge_chunks_in_place: 1.
 - use_allocation_guard: 0.


Internal statistics:

num_allocs_failed_limit: 17.
num_arena_births: 1774.
num_arena_deaths: 0.
num_vsnodes_births: 3.
num_vsnodes_deaths: 0.
num_space_committed: 1224.
num_space_uncommitted: 0.
num_chunks_returned_to_freelist: 17.
num_chunks_taken_from_freelist: 5120.
num_chunk_merges: 12.
num_chunk_splits: 3206.
num_chunks_enlarged: 1858.
num_inconsistent_stats: 0.

CodeHeap 'non-profiled nmethods': size=119168Kb used=10049Kb max_used=11008Kb free=109118Kb
 bounds [0x000001f7c07a0000, 0x000001f7c1280000, 0x000001f7c7c00000]
CodeHeap 'profiled nmethods': size=119104Kb used=22089Kb max_used=26612Kb free=97014Kb
 bounds [0x000001f7b8c00000, 0x000001f7ba600000, 0x000001f7c0050000]
CodeHeap 'non-nmethods': size=7488Kb used=3884Kb max_used=3955Kb free=3603Kb
 bounds [0x000001f7c0050000, 0x000001f7c0440000, 0x000001f7c07a0000]
 total_blobs=12498 nmethods=11364 adapters=1034
 compilation: enabled
              stopped_count=0, restarted_count=0
 full_count=0

Compilation events (20 events):
Event: 12.222 Thread 0x000001f8216b80a0 nmethod 14713 0x000001f7b9088e90 code [0x000001f7b90890a0, 0x000001f7b90896c0]
Event: 12.222 Thread 0x000001f8216b80a0 14717       3       java.util.Optional::filter (35 bytes)
Event: 12.223 Thread 0x000001f8216b8770 14718       3       org.cef.OS::getOSType (82 bytes)
Event: 12.223 Thread 0x000001f8216b80a0 nmethod 14717 0x000001f7b9591c10 code [0x000001f7b9591e00, 0x000001f7b9592300]
Event: 12.223 Thread 0x000001f8216b8770 nmethod 14718 0x000001f7b8d53690 code [0x000001f7b8d53940, 0x000001f7b8d54478]
Event: 12.223 Thread 0x000001f8216b8770 14719       1       java.nio.file.FileTreeWalker$Event::file (5 bytes)
Event: 12.223 Thread 0x000001f8216b8770 nmethod 14719 0x000001f7c109f190 code [0x000001f7c109f320, 0x000001f7c109f3f0]
Event: 12.235 Thread 0x000001f8216b80a0 14720       3       java.util.logging.LogManager$LoggerContext::requiresDefaultLoggers (29 bytes)
Event: 12.236 Thread 0x000001f8216b80a0 nmethod 14720 0x000001f7b9f38790 code [0x000001f7b9f38940, 0x000001f7b9f38b48]
Event: 12.237 Thread 0x000001f7cf038e40 14722       4       org.eclipse.swt.widgets.Control::getShell (12 bytes)
Event: 12.238 Thread 0x000001f8216b8770 14723       3       java.lang.StringUTF16::indexOf (44 bytes)
Event: 12.238 Thread 0x000001f7cf038e40 nmethod 14722 0x000001f7c09e3290 code [0x000001f7c09e3420, 0x000001f7c09e34f8]
Event: 12.238 Thread 0x000001f7cf03a1a0 14724       3       java.lang.StringUTF16::indexOfChar (14 bytes)
Event: 12.238 Thread 0x000001f7cf03a1a0 nmethod 14724 0x000001f7b9066d10 code [0x000001f7b9066f00, 0x000001f7b90673a0]
Event: 12.238 Thread 0x000001f8216b8770 nmethod 14723 0x000001f7b97eba90 code [0x000001f7b97ebcc0, 0x000001f7b97ec3e8]
Event: 12.251 Thread 0x000001f8216b8770 14725       3       org.cef.CefApp$6::accept (31 bytes)
Event: 12.252 Thread 0x000001f8216b8770 nmethod 14725 0x000001f7ba481f90 code [0x000001f7ba482160, 0x000001f7ba4823e8]
Event: 12.261 Thread 0x000001f8216b3c80 14726       4       org.cef.CefApp$6::accept (31 bytes)
Event: 12.263 Thread 0x000001f8216b3c80 nmethod 14726 0x000001f7c105a990 code [0x000001f7c105ab60, 0x000001f7c105ad78]
Event: 12.290 Thread 0x000001f8216b6c30 


GC Heap History (20 events):
Event: 5.449 GC heap before
{Heap before GC invocations=8 (full 0):
 garbage-first heap   total 524288K, used 118155K [0x0000000740000000, 0x0000000800000000)
  region size 2048K, 36 young (73728K), 19 survivors (38912K)
 Metaspace       used 34688K, committed 35968K, reserved 1114112K
  class space    used 3736K, committed 4288K, reserved 1048576K
}
Event: 5.459 GC heap after
{Heap after GC invocations=9 (full 0):
 garbage-first heap   total 524288K, used 70417K [0x0000000740000000, 0x0000000800000000)
  region size 2048K, 5 young (10240K), 5 survivors (10240K)
 Metaspace       used 34688K, committed 35968K, reserved 1114112K
  class space    used 3736K, committed 4288K, reserved 1048576K
}
Event: 7.635 GC heap before
{Heap before GC invocations=10 (full 0):
 garbage-first heap   total 524288K, used 209681K [0x0000000740000000, 0x0000000800000000)
  region size 2048K, 75 young (153600K), 5 survivors (10240K)
 Metaspace       used 58313K, committed 60288K, reserved 1114112K
  class space    used 6531K, committed 7360K, reserved 1048576K
}
Event: 7.642 GC heap after
{Heap after GC invocations=11 (full 0):
 garbage-first heap   total 524288K, used 80332K [0x0000000740000000, 0x0000000800000000)
  region size 2048K, 10 young (20480K), 10 survivors (20480K)
 Metaspace       used 58313K, committed 60288K, reserved 1114112K
  class space    used 6531K, committed 7360K, reserved 1048576K
}
Event: 7.685 GC heap before
{Heap before GC invocations=11 (full 0):
 garbage-first heap   total 524288K, used 86476K [0x0000000740000000, 0x0000000800000000)
  region size 2048K, 14 young (28672K), 10 survivors (20480K)
 Metaspace       used 58623K, committed 60608K, reserved 1114112K
  class space    used 6594K, committed 7424K, reserved 1048576K
}
Event: 7.689 GC heap after
{Heap after GC invocations=12 (full 0):
 garbage-first heap   total 524288K, used 80846K [0x0000000740000000, 0x0000000800000000)
  region size 2048K, 10 young (20480K), 10 survivors (20480K)
 Metaspace       used 58623K, committed 60608K, reserved 1114112K
  class space    used 6594K, committed 7424K, reserved 1048576K
}
Event: 7.734 GC heap before
{Heap before GC invocations=12 (full 0):
 garbage-first heap   total 524288K, used 84942K [0x0000000740000000, 0x0000000800000000)
  region size 2048K, 13 young (26624K), 10 survivors (20480K)
 Metaspace       used 58945K, committed 60928K, reserved 1114112K
  class space    used 6641K, committed 7488K, reserved 1048576K
}
Event: 7.738 GC heap after
{Heap after GC invocations=13 (full 0):
 garbage-first heap   total 524288K, used 80471K [0x0000000740000000, 0x0000000800000000)
  region size 2048K, 9 young (18432K), 9 survivors (18432K)
 Metaspace       used 58945K, committed 60928K, reserved 1114112K
  class space    used 6641K, committed 7488K, reserved 1048576K
}
Event: 9.737 GC heap before
{Heap before GC invocations=14 (full 0):
 garbage-first heap   total 524288K, used 373335K [0x0000000740000000, 0x0000000800000000)
  region size 2048K, 153 young (313344K), 9 survivors (18432K)
 Metaspace       used 68354K, committed 70592K, reserved 1114112K
  class space    used 7834K, committed 8704K, reserved 1048576K
}
Event: 9.756 GC heap after
{Heap after GC invocations=15 (full 0):
 garbage-first heap   total 524288K, used 174411K [0x0000000740000000, 0x0000000800000000)
  region size 2048K, 20 young (40960K), 20 survivors (40960K)
 Metaspace       used 68354K, committed 70592K, reserved 1114112K
  class space    used 7834K, committed 8704K, reserved 1048576K
}
Event: 10.401 GC heap before
{Heap before GC invocations=15 (full 0):
 garbage-first heap   total 524288K, used 393547K [0x0000000740000000, 0x0000000800000000)
  region size 2048K, 127 young (260096K), 20 survivors (40960K)
 Metaspace       used 68369K, committed 70592K, reserved 1114112K
  class space    used 7834K, committed 8704K, reserved 1048576K
}
Event: 10.423 GC heap after
{Heap after GC invocations=16 (full 0):
 garbage-first heap   total 542720K, used 277504K [0x0000000740000000, 0x0000000800000000)
  region size 2048K, 16 young (32768K), 16 survivors (32768K)
 Metaspace       used 68369K, committed 70592K, reserved 1114112K
  class space    used 7834K, committed 8704K, reserved 1048576K
}
Event: 10.787 GC heap before
{Heap before GC invocations=16 (full 0):
 garbage-first heap   total 542720K, used 416768K [0x0000000740000000, 0x0000000800000000)
  region size 2048K, 84 young (172032K), 16 survivors (32768K)
 Metaspace       used 68371K, committed 70592K, reserved 1114112K
  class space    used 7834K, committed 8704K, reserved 1048576K
}
Event: 10.803 GC heap after
{Heap after GC invocations=17 (full 0):
 garbage-first heap   total 542720K, used 351232K [0x0000000740000000, 0x0000000800000000)
  region size 2048K, 11 young (22528K), 11 survivors (22528K)
 Metaspace       used 68371K, committed 70592K, reserved 1114112K
  class space    used 7834K, committed 8704K, reserved 1048576K
}
Event: 11.094 GC heap before
{Heap before GC invocations=18 (full 0):
 garbage-first heap   total 587776K, used 441344K [0x0000000740000000, 0x0000000800000000)
  region size 2048K, 55 young (112640K), 11 survivors (22528K)
 Metaspace       used 68371K, committed 70592K, reserved 1114112K
  class space    used 7834K, committed 8704K, reserved 1048576K
}
Event: 11.106 GC heap after
{Heap after GC invocations=19 (full 0):
 garbage-first heap   total 587776K, used 402432K [0x0000000740000000, 0x0000000800000000)
  region size 2048K, 7 young (14336K), 7 survivors (14336K)
 Metaspace       used 68371K, committed 70592K, reserved 1114112K
  class space    used 7834K, committed 8704K, reserved 1048576K
}
Event: 11.321 GC heap before
{Heap before GC invocations=19 (full 0):
 garbage-first heap   total 587776K, used 488448K [0x0000000740000000, 0x0000000800000000)
  region size 2048K, 49 young (100352K), 7 survivors (14336K)
 Metaspace       used 68463K, committed 70656K, reserved 1114112K
  class space    used 7841K, committed 8704K, reserved 1048576K
}
Event: 11.332 GC heap after
{Heap after GC invocations=20 (full 0):
 garbage-first heap   total 587776K, used 431884K [0x0000000740000000, 0x0000000800000000)
  region size 2048K, 7 young (14336K), 7 survivors (14336K)
 Metaspace       used 68463K, committed 70656K, reserved 1114112K
  class space    used 7841K, committed 8704K, reserved 1048576K
}
Event: 11.773 GC heap before
{Heap before GC invocations=20 (full 0):
 garbage-first heap   total 587776K, used 503564K [0x0000000740000000, 0x0000000800000000)
  region size 2048K, 42 young (86016K), 7 survivors (14336K)
 Metaspace       used 74530K, committed 77184K, reserved 1179648K
  class space    used 8556K, committed 9600K, reserved 1048576K
}
Event: 11.782 GC heap after
{Heap after GC invocations=21 (full 0):
 garbage-first heap   total 821248K, used 475136K [0x0000000740000000, 0x0000000800000000)
  region size 2048K, 6 young (12288K), 6 survivors (12288K)
 Metaspace       used 74530K, committed 77184K, reserved 1179648K
  class space    used 8556K, committed 9600K, reserved 1048576K
}

Dll operation events (18 events):
Event: 0.004 Loaded shared library D:\ra_ra6m5\RA\eclipse\plugins\org.eclipse.justj.openjdk.hotspot.jre.full.stripped.win32.x86_64_21.0.7.v20250502-0916\jre\bin\java.dll
Event: 0.020 Loaded shared library D:\ra_ra6m5\RA\eclipse\plugins\org.eclipse.justj.openjdk.hotspot.jre.full.stripped.win32.x86_64_21.0.7.v20250502-0916\jre\bin\zip.dll
Event: 0.053 Loaded shared library D:\ra_ra6m5\RA\eclipse\plugins\org.eclipse.justj.openjdk.hotspot.jre.full.stripped.win32.x86_64_21.0.7.v20250502-0916\jre\bin\net.dll
Event: 0.055 Loaded shared library D:\ra_ra6m5\RA\eclipse\plugins\org.eclipse.justj.openjdk.hotspot.jre.full.stripped.win32.x86_64_21.0.7.v20250502-0916\jre\bin\nio.dll
Event: 0.057 Loaded shared library D:\ra_ra6m5\RA\eclipse\plugins\org.eclipse.justj.openjdk.hotspot.jre.full.stripped.win32.x86_64_21.0.7.v20250502-0916\jre\bin\zip.dll
Event: 0.082 Loaded shared library D:\ra_ra6m5\RA\eclipse\plugins\org.eclipse.justj.openjdk.hotspot.jre.full.stripped.win32.x86_64_21.0.7.v20250502-0916\jre\bin\jimage.dll
Event: 1.237 Loaded shared library D:\ra_ra6m5\RA\eclipse\plugins\org.eclipse.justj.openjdk.hotspot.jre.full.stripped.win32.x86_64_21.0.7.v20250502-0916\jre\bin\verify.dll
Event: 4.665 Loaded shared library D:\ra_ra6m5\RA\eclipse\configuration\org.eclipse.osgi\366\0\.cp\swt-osversion-win32-4969r18.dll
Event: 4.670 Loaded shared library D:\ra_ra6m5\RA\eclipse\configuration\org.eclipse.osgi\366\0\.cp\swt-win32-4969r18.dll
Event: 4.711 Loaded shared library D:\ra_ra6m5\RA\eclipse\configuration\org.eclipse.osgi\366\0\.cp\swt-gdip-win32-4969r18.dll
Event: 5.779 Loaded shared library D:\ra_ra6m5\RA\eclipse\plugins\org.eclipse.justj.openjdk.hotspot.jre.full.stripped.win32.x86_64_21.0.7.v20250502-0916\jre\bin\awt.dll
Event: 6.463 Loaded shared library D:\ra_ra6m5\RA\eclipse\plugins\org.eclipse.justj.openjdk.hotspot.jre.full.stripped.win32.x86_64_21.0.7.v20250502-0916\jre\bin\mlib_image.dll
Event: 7.196 Loaded shared library C:\Users\dell\AppData\Local\Temp\jna-3079617\jna7921368305599974622.dll
Event: 7.448 Loaded shared library D:\ra_ra6m5\RA\eclipse\plugins\org.eclipse.justj.openjdk.hotspot.jre.full.stripped.win32.x86_64_21.0.7.v20250502-0916\jre\bin\sunmscapi.dll
Event: 7.741 Loaded shared library D:\ra_ra6m5\RA\eclipse\plugins\org.eclipse.justj.openjdk.hotspot.jre.full.stripped.win32.x86_64_21.0.7.v20250502-0916\jre\bin\extnet.dll
Event: 12.231 Loaded shared library D:\ra_ra6m5\RA\eclipse\plugins\com.equo.chromium.cef.win32.win32.x86_64_128.0.20\chromium-6613\chrome_elf.dll
Event: 12.233 Loaded shared library D:\ra_ra6m5\RA\eclipse\plugins\com.equo.chromium.cef.win32.win32.x86_64_128.0.20\chromium-6613\libcef.dll
Event: 12.235 Loaded shared library D:\ra_ra6m5\RA\eclipse\plugins\com.equo.chromium.cef.win32.win32.x86_64_128.0.20\chromium-6613\equochro.dll

Deoptimization events (20 events):
Event: 12.196 Thread 0x000001f7b33d3ae0 Uncommon trap: trap_request=0xffffffc6 fr.pc=0x000001f7c0ef6d48 relative=0x0000000000000ac8
Event: 12.196 Thread 0x000001f7b33d3ae0 Uncommon trap: reason=bimorphic_or_optimized_type_check action=maybe_recompile pc=0x000001f7c0ef6d48 method=org.apache.felix.resolver.util.OpenHashMap.getOrCompute(Ljava/lang/Object;)Ljava/lang/Object; @ 122 c2
Event: 12.196 Thread 0x000001f7b33d3ae0 DEOPT PACKING pc=0x000001f7c0ef6d48 sp=0x0000000c357ca410
Event: 12.196 Thread 0x000001f7b33d3ae0 DEOPT UNPACKING pc=0x000001f7c00a46a2 sp=0x0000000c357ca3c0 mode 2
Event: 12.196 Thread 0x000001f7b33d3ae0 Uncommon trap: trap_request=0xffffffc6 fr.pc=0x000001f7c0ef6d48 relative=0x0000000000000ac8
Event: 12.196 Thread 0x000001f7b33d3ae0 Uncommon trap: reason=bimorphic_or_optimized_type_check action=maybe_recompile pc=0x000001f7c0ef6d48 method=org.apache.felix.resolver.util.OpenHashMap.getOrCompute(Ljava/lang/Object;)Ljava/lang/Object; @ 122 c2
Event: 12.196 Thread 0x000001f7b33d3ae0 DEOPT PACKING pc=0x000001f7c0ef6d48 sp=0x0000000c357ca410
Event: 12.196 Thread 0x000001f7b33d3ae0 DEOPT UNPACKING pc=0x000001f7c00a46a2 sp=0x0000000c357ca3c0 mode 2
Event: 12.196 Thread 0x000001f7b33d3ae0 Uncommon trap: trap_request=0xffffffc6 fr.pc=0x000001f7c0ef6d48 relative=0x0000000000000ac8
Event: 12.196 Thread 0x000001f7b33d3ae0 Uncommon trap: reason=bimorphic_or_optimized_type_check action=maybe_recompile pc=0x000001f7c0ef6d48 method=org.apache.felix.resolver.util.OpenHashMap.getOrCompute(Ljava/lang/Object;)Ljava/lang/Object; @ 122 c2
Event: 12.196 Thread 0x000001f7b33d3ae0 DEOPT PACKING pc=0x000001f7c0ef6d48 sp=0x0000000c357ca410
Event: 12.196 Thread 0x000001f7b33d3ae0 DEOPT UNPACKING pc=0x000001f7c00a46a2 sp=0x0000000c357ca3c0 mode 2
Event: 12.196 Thread 0x000001f7b33d3ae0 Uncommon trap: trap_request=0xffffffc6 fr.pc=0x000001f7c0ef6d48 relative=0x0000000000000ac8
Event: 12.196 Thread 0x000001f7b33d3ae0 Uncommon trap: reason=bimorphic_or_optimized_type_check action=maybe_recompile pc=0x000001f7c0ef6d48 method=org.apache.felix.resolver.util.OpenHashMap.getOrCompute(Ljava/lang/Object;)Ljava/lang/Object; @ 122 c2
Event: 12.196 Thread 0x000001f7b33d3ae0 DEOPT PACKING pc=0x000001f7c0ef6d48 sp=0x0000000c357ca410
Event: 12.196 Thread 0x000001f7b33d3ae0 DEOPT UNPACKING pc=0x000001f7c00a46a2 sp=0x0000000c357ca3c0 mode 2
Event: 12.272 Thread 0x000001f7b33d3ae0 Uncommon trap: trap_request=0xffffff45 fr.pc=0x000001f7c11b9394 relative=0x0000000000000654
Event: 12.272 Thread 0x000001f7b33d3ae0 Uncommon trap: reason=unstable_if action=reinterpret pc=0x000001f7c11b9394 method=java.io.WinNTFileSystem.prefixLength(Ljava/lang/String;)I @ 11 c2
Event: 12.272 Thread 0x000001f7b33d3ae0 DEOPT PACKING pc=0x000001f7c11b9394 sp=0x0000000c357cb4b0
Event: 12.272 Thread 0x000001f7b33d3ae0 DEOPT UNPACKING pc=0x000001f7c00a46a2 sp=0x0000000c357cb410 mode 2

Classes loaded (20 events):
Event: 11.470 Loading class java/io/IOError
Event: 11.470 Loading class java/io/IOError done
Event: 11.488 Loading class java/util/LinkedList$DescendingIterator
Event: 11.489 Loading class java/util/LinkedList$DescendingIterator done
Event: 11.510 Loading class java/lang/VerifyError
Event: 11.510 Loading class java/lang/VerifyError done
Event: 11.518 Loading class java/util/Collections$UnmodifiableList$1
Event: 11.518 Loading class java/util/Collections$UnmodifiableList$1 done
Event: 12.220 Loading class java/nio/file/SimpleFileVisitor
Event: 12.220 Loading class java/nio/file/SimpleFileVisitor done
Event: 12.220 Loading class java/nio/file/Files$3
Event: 12.220 Loading class java/nio/file/Files$3 done
Event: 12.220 Loading class java/nio/file/FileVisitResult
Event: 12.220 Loading class java/nio/file/FileVisitResult done
Event: 12.221 Loading class java/nio/file/FileAlreadyExistsException
Event: 12.221 Loading class java/nio/file/FileAlreadyExistsException done
Event: 12.222 Loading class sun/nio/fs/WindowsFileCopy
Event: 12.222 Loading class sun/nio/fs/WindowsFileCopy done
Event: 12.223 Loading class sun/nio/fs/WindowsPath$1
Event: 12.223 Loading class sun/nio/fs/WindowsPath$1 done

Classes unloaded (0 events):
No events

Classes redefined (0 events):
No events

Internal exceptions (20 events):
Event: 11.464 Thread 0x000001f7b33d3ae0 Exception <a 'java/lang/NoSuchMethodError'{0x00000007fee0f528}: 'java.lang.Object java.lang.invoke.DirectMethodHandle$Holder.invokeStatic(java.lang.Object, java.lang.Object, java.lang.Object, java.lang.Object, java.lang.Object, int, java.lang.Object, java.lang.Object)'> (0x00000007fee0f528) 
thrown [s\src\hotspot\share\interpreter\linkResolver.cpp, line 773]
Event: 11.467 Thread 0x000001f7b33d3ae0 Exception <a 'java/lang/NoSuchMethodError'{0x00000007fee47fa8}: 'void java.lang.invoke.DirectMethodHandle$Holder.invokeSpecial(java.lang.Object, java.lang.Object, int, java.lang.Object)'> (0x00000007fee47fa8) 
thrown [s\src\hotspot\share\interpreter\linkResolver.cpp, line 773]
Event: 11.468 Thread 0x000001f7b33d3ae0 Exception <a 'java/lang/NoSuchMethodError'{0x00000007fee56300}: 'java.lang.Object java.lang.invoke.DirectMethodHandle$Holder.newInvokeSpecial(java.lang.Object, java.lang.Object, int, java.lang.Object, java.lang.Object, java.lang.Object)'> (0x00000007fee56300) 
thrown [s\src\hotspot\share\interpreter\linkResolver.cpp, line 773]
Event: 11.469 Thread 0x000001f7b33d3ae0 Exception <a 'java/lang/NoSuchMethodError'{0x00000007fee5a990}: 'java.lang.Object java.lang.invoke.DirectMethodHandle$Holder.invokeSpecial(java.lang.Object, java.lang.Object, java.lang.Object, int, java.lang.Object, java.lang.Object, java.lang.Object)'> (0x00000007fee5a990) 
thrown [s\src\hotspot\share\interpreter\linkResolver.cpp, line 773]
Event: 11.504 Thread 0x000001f7b33d3ae0 Exception <a 'java/lang/NoSuchMethodError'{0x0000000762b1d638}: 'java.lang.Class sun.misc.Unsafe.defineAnonymousClass(java.lang.Class, byte[], java.lang.Object[])'> (0x0000000762b1d638) 
thrown [s\src\hotspot\share\interpreter\linkResolver.cpp, line 773]
Event: 11.515 Thread 0x000001f7b33d3ae0 Exception <a 'java/lang/NoSuchMethodError'{0x000000076287c620}: 'java.lang.Object java.lang.invoke.Invokers$Holder.linkToTargetMethod(int, java.lang.Object, int, java.lang.Object)'> (0x000000076287c620) 
thrown [s\src\hotspot\share\interpreter\linkResolver.cpp, line 773]
Event: 11.531 Thread 0x000001f7b33d3ae0 Exception <a 'java/lang/NoSuchMethodError'{0x00000007629c1118}: 'java.lang.Object java.lang.invoke.DirectMethodHandle$Holder.invokeStatic(java.lang.Object, java.lang.Object, int, java.lang.Object)'> (0x00000007629c1118) 
thrown [s\src\hotspot\share\interpreter\linkResolver.cpp, line 773]
Event: 11.532 Thread 0x000001f7b33d3ae0 Exception <a 'java/lang/NoSuchMethodError'{0x00000007629c50e8}: 'java.lang.Object java.lang.invoke.DirectMethodHandle$Holder.invokeStaticInit(java.lang.Object, java.lang.Object, int, java.lang.Object)'> (0x00000007629c50e8) 
thrown [s\src\hotspot\share\interpreter\linkResolver.cpp, line 773]
Event: 11.536 Thread 0x000001f7b33d3ae0 Implicit null exception at 0x000001f7c109c116 to 0x000001f7c109d100
Event: 11.539 Thread 0x000001f7b33d3ae0 Implicit null exception at 0x000001f7c0a5cd06 to 0x000001f7c0a5ce40
Event: 11.539 Thread 0x000001f7b33d3ae0 Exception <a 'java/lang/NoSuchMethodError'{0x0000000762638e10}: 'java.lang.Object java.lang.invoke.Invokers$Holder.invoke_MT(java.lang.Object, java.lang.Object, java.lang.Object, java.lang.Object, java.lang.Object, java.lang.Object)'> (0x0000000762638e10) 
thrown [s\src\hotspot\share\interpreter\linkResolver.cpp, line 773]
Event: 11.539 Thread 0x000001f7b33d3ae0 Exception <a 'java/lang/NoSuchMethodError'{0x000000076263cd90}: 'java.lang.Object java.lang.invoke.DelegatingMethodHandle$Holder.reinvoke_L(java.lang.Object, java.lang.Object, java.lang.Object, java.lang.Object, int)'> (0x000000076263cd90) 
thrown [s\src\hotspot\share\interpreter\linkResolver.cpp, line 773]
Event: 11.540 Thread 0x000001f7b33d3ae0 Exception <a 'java/lang/NoSuchMethodError'{0x00000007626478a8}: 'void java.lang.invoke.Invokers$Holder.exactInvoker(java.lang.Object, java.lang.Object, java.lang.Object, java.lang.Object)'> (0x00000007626478a8) 
thrown [s\src\hotspot\share\interpreter\linkResolver.cpp, line 773]
Event: 11.540 Thread 0x000001f7b33d3ae0 Exception <a 'java/lang/NoSuchMethodError'{0x000000076264f498}: 'void java.lang.invoke.Invokers$Holder.linkToCallSite(java.lang.Object, java.lang.Object, java.lang.Object)'> (0x000000076264f498) 
thrown [s\src\hotspot\share\interpreter\linkResolver.cpp, line 773]
Event: 12.031 Thread 0x000001f7b33d3ae0 Implicit null exception at 0x000001f7c110cf6f to 0x000001f7c110cff4
Event: 12.117 Thread 0x000001f7b33d3ae0 Implicit null exception at 0x000001f7c1047013 to 0x000001f7c1047908
Event: 12.193 Thread 0x000001f7b33d3ae0 Exception <a 'java/io/FileNotFoundException'{0x000000076d7f7090}> (0x000000076d7f7090) 
thrown [s\src\hotspot\share\prims\jni.cpp, line 520]
Event: 12.210 Thread 0x000001f7b33d3ae0 Exception <a 'sun/nio/fs/WindowsException'{0x000000076d34a768}> (0x000000076d34a768) 
thrown [s\src\hotspot\share\prims\jni.cpp, line 520]
Event: 12.226 Thread 0x000001f7b33d3ae0 Exception <a 'sun/nio/fs/WindowsException'{0x000000076d02e990}> (0x000000076d02e990) 
thrown [s\src\hotspot\share\prims\jni.cpp, line 520]
Event: 12.227 Thread 0x000001f7b33d3ae0 Exception <a 'java/lang/NoSuchMethodError'{0x000000076d0480e8}: 'int java.lang.invoke.DelegatingMethodHandle$Holder.reinvoke_L(java.lang.Object)'> (0x000000076d0480e8) 
thrown [s\src\hotspot\share\interpreter\linkResolver.cpp, line 773]

ZGC Phase Switch (0 events):
No events

VM Operations (20 events):
Event: 11.321 Executing VM operation: G1CollectForAllocation (G1 Evacuation Pause)
Event: 11.332 Executing VM operation: G1CollectForAllocation (G1 Evacuation Pause) done
Event: 11.365 Executing VM operation: HandshakeAllThreads (Deoptimize)
Event: 11.365 Executing VM operation: HandshakeAllThreads (Deoptimize) done
Event: 11.418 Executing VM operation: HandshakeAllThreads (Deoptimize)
Event: 11.418 Executing VM operation: HandshakeAllThreads (Deoptimize) done
Event: 11.624 Executing VM operation: ICBufferFull
Event: 11.624 Executing VM operation: ICBufferFull done
Event: 11.773 Executing VM operation: G1CollectForAllocation (G1 Evacuation Pause)
Event: 11.782 Executing VM operation: G1CollectForAllocation (G1 Evacuation Pause) done
Event: 11.882 Executing VM operation: G1PauseRemark
Event: 11.886 Executing VM operation: G1PauseRemark done
Event: 12.010 Executing VM operation: G1PauseCleanup
Event: 12.010 Executing VM operation: G1PauseCleanup done
Event: 12.165 Executing VM operation: HandshakeAllThreads (Deoptimize)
Event: 12.165 Executing VM operation: HandshakeAllThreads (Deoptimize) done
Event: 12.195 Executing VM operation: HandshakeAllThreads (Deoptimize)
Event: 12.195 Executing VM operation: HandshakeAllThreads (Deoptimize) done
Event: 12.211 Executing VM operation: HandshakeAllThreads (Deoptimize)
Event: 12.211 Executing VM operation: HandshakeAllThreads (Deoptimize) done

Memory protections (0 events):
No events

Nmethod flushes (20 events):
Event: 11.886 Thread 0x000001f7cf0039a0 flushing  nmethod 0x000001f7b9870210
Event: 11.886 Thread 0x000001f7cf0039a0 flushing  nmethod 0x000001f7b9876710
Event: 11.886 Thread 0x000001f7cf0039a0 flushing  nmethod 0x000001f7b9a2db10
Event: 11.886 Thread 0x000001f7cf0039a0 flushing  nmethod 0x000001f7b9a5ee10
Event: 11.886 Thread 0x000001f7cf0039a0 flushing  nmethod 0x000001f7b9a83690
Event: 11.886 Thread 0x000001f7cf0039a0 flushing  nmethod 0x000001f7b9a84790
Event: 11.886 Thread 0x000001f7cf0039a0 flushing  nmethod 0x000001f7b9a86410
Event: 11.886 Thread 0x000001f7cf0039a0 flushing  nmethod 0x000001f7b9cc7a90
Event: 11.886 Thread 0x000001f7cf0039a0 flushing  nmethod 0x000001f7b9cca590
Event: 11.886 Thread 0x000001f7cf0039a0 flushing  nmethod 0x000001f7b9ccad10
Event: 11.886 Thread 0x000001f7cf0039a0 flushing  nmethod 0x000001f7b9ccb990
Event: 11.886 Thread 0x000001f7cf0039a0 flushing  nmethod 0x000001f7b9cd0a90
Event: 11.886 Thread 0x000001f7cf0039a0 flushing  nmethod 0x000001f7b9cd4a90
Event: 11.886 Thread 0x000001f7cf0039a0 flushing  nmethod 0x000001f7b9d2cf90
Event: 11.886 Thread 0x000001f7cf0039a0 flushing  nmethod 0x000001f7b9f75910
Event: 11.886 Thread 0x000001f7cf0039a0 flushing  nmethod 0x000001f7ba26b210
Event: 11.886 Thread 0x000001f7cf0039a0 flushing  nmethod 0x000001f7ba26bb90
Event: 11.886 Thread 0x000001f7cf0039a0 flushing  nmethod 0x000001f7ba452a90
Event: 11.886 Thread 0x000001f7cf0039a0 flushing  nmethod 0x000001f7ba453190
Event: 11.886 Thread 0x000001f7cf0039a0 flushing  nmethod 0x000001f7ba57cc10

Events (20 events):
Event: 9.225 Thread 0x000001f81d98a150 Thread added: 0x000001f81daa1730
Event: 9.792 Thread 0x000001f8216b3c80 Thread exited: 0x000001f8216b3c80
Event: 10.230 Thread 0x000001f81ffbf750 Thread exited: 0x000001f81ffbf750
Event: 10.370 Thread 0x000001f7cf21e860 Thread exited: 0x000001f7cf21e860
Event: 10.395 Thread 0x000001f7cfa38970 Thread exited: 0x000001f7cfa38970
Event: 10.665 Thread 0x000001f7cfa3d210 Thread exited: 0x000001f7cfa3d210
Event: 10.667 Thread 0x000001f7cfaec6d0 Thread exited: 0x000001f7cfaec6d0
Event: 10.692 Thread 0x000001f7cf21d370 Thread exited: 0x000001f7cf21d370
Event: 10.944 Thread 0x000001f7cf21ccd0 Thread exited: 0x000001f7cf21ccd0
Event: 11.175 Thread 0x000001f7cf21b5b0 Thread exited: 0x000001f7cf21b5b0
Event: 11.175 Thread 0x000001f7cf21ab00 Thread exited: 0x000001f7cf21ab00
Event: 11.315 Thread 0x000001f7cf03a1a0 Thread added: 0x000001f8216b3c80
Event: 11.358 Thread 0x000001f7cf03a1a0 Thread added: 0x000001f8216b57c0
Event: 11.545 Thread 0x000001f8216b57c0 Thread added: 0x000001f8216b2140
Event: 11.611 Thread 0x000001f7cf03a1a0 Thread added: 0x000001f8216b6560
Event: 11.629 Thread 0x000001f8216b57c0 Thread added: 0x000001f8216b8770
Event: 11.629 Thread 0x000001f8216b57c0 Thread added: 0x000001f8216b80a0
Event: 11.638 Thread 0x000001f8216b80a0 Thread added: 0x000001f8216b5e90
Event: 11.700 Thread 0x000001f8216b80a0 Thread added: 0x000001f8216b6c30
Event: 12.303 Thread 0x000001f7b33d3ae0 Thread added: 0x000001f82127fe40


Dynamic libraries:
0x00007ff7dcbe0000 - 0x00007ff7dcc69000 	D:\ra_ra6m5\RA\eclipse\rasc.exe
0x00007fff62a20000 - 0x00007fff62c87000 	C:\WINDOWS\SYSTEM32\ntdll.dll
0x00007fff60b00000 - 0x00007fff60bc9000 	C:\WINDOWS\System32\KERNEL32.DLL
0x00007fff5fda0000 - 0x00007fff6018f000 	C:\WINDOWS\System32\KERNELBASE.dll
0x00007fff60d20000 - 0x00007fff60ee5000 	C:\WINDOWS\System32\USER32.dll
0x00007fff601a0000 - 0x00007fff601c7000 	C:\WINDOWS\System32\win32u.dll
0x00007fff629b0000 - 0x00007fff629db000 	C:\WINDOWS\System32\GDI32.dll
0x00007fff603d0000 - 0x00007fff604fc000 	C:\WINDOWS\System32\gdi32full.dll
0x00007fff60320000 - 0x00007fff603c3000 	C:\WINDOWS\System32\msvcp_win.dll
0x00007fff601d0000 - 0x00007fff6031b000 	C:\WINDOWS\System32\ucrtbase.dll
0x00007fff42690000 - 0x00007fff42923000 	C:\WINDOWS\WinSxS\amd64_microsoft.windows.common-controls_6595b64144ccf1df_6.0.26100.7309_none_3e05feeae336a044\COMCTL32.dll
0x00007fff626b0000 - 0x00007fff62759000 	C:\WINDOWS\System32\msvcrt.dll
0x00007fff608e0000 - 0x00007fff60911000 	C:\WINDOWS\System32\IMM32.DLL
0x00007fff35d30000 - 0x00007fff35d75000 	D:\ra_ra6m5\RA\eclipse\plugins\org.eclipse.equinox.launcher.win32.win32.x86_64_1.2.1300.v20250331-1702\eclipse_11911.dll
0x00007fff62580000 - 0x00007fff62634000 	C:\WINDOWS\System32\ADVAPI32.dll
0x00007fff627f0000 - 0x00007fff62896000 	C:\WINDOWS\System32\sechost.dll
0x00007fff618f0000 - 0x00007fff61a08000 	C:\WINDOWS\System32\RPCRT4.dll
0x00007fff60f50000 - 0x00007fff610e7000 	C:\WINDOWS\System32\ole32.dll
0x00007fff61a10000 - 0x00007fff61d96000 	C:\WINDOWS\System32\combase.dll
0x00007fff554f0000 - 0x00007fff554fb000 	C:\WINDOWS\SYSTEM32\VERSION.dll
0x00007ffed2880000 - 0x00007ffed3610000 	D:\ra_ra6m5\RA\eclipse\plugins\org.eclipse.justj.openjdk.hotspot.jre.full.stripped.win32.x86_64_21.0.7.v20250502-0916\jre\bin\server\jvm.dll
0x00007fff61870000 - 0x00007fff618e4000 	C:\WINDOWS\System32\WS2_32.dll
0x00007fff5f9d0000 - 0x00007fff5fa2e000 	C:\WINDOWS\SYSTEM32\POWRPROF.dll
0x00007fff3a580000 - 0x00007fff3a58c000 	C:\WINDOWS\SYSTEM32\VCRUNTIME140_1.dll
0x00007fff42960000 - 0x00007fff4297e000 	C:\WINDOWS\SYSTEM32\VCRUNTIME140.dll
0x00007fff560e0000 - 0x00007fff56115000 	C:\WINDOWS\SYSTEM32\WINMM.dll
0x00007fff5f9b0000 - 0x00007fff5f9c4000 	C:\WINDOWS\SYSTEM32\UMPDC.dll
0x00007fff59f40000 - 0x00007fff59f4a000 	D:\ra_ra6m5\RA\eclipse\plugins\org.eclipse.justj.openjdk.hotspot.jre.full.stripped.win32.x86_64_21.0.7.v20250502-0916\jre\bin\jimage.dll
0x00007fff5d2c0000 - 0x00007fff5d502000 	C:\WINDOWS\SYSTEM32\DBGHELP.DLL
0x00007fff62230000 - 0x00007fff62306000 	C:\WINDOWS\System32\OLEAUT32.dll
0x00007fff3d010000 - 0x00007fff3d04c000 	C:\WINDOWS\SYSTEM32\dbgcore.DLL
0x00007fff5fcf0000 - 0x00007fff5fd95000 	C:\WINDOWS\System32\bcryptPrimitives.dll
0x00007fff57db0000 - 0x00007fff57dcf000 	D:\ra_ra6m5\RA\eclipse\plugins\org.eclipse.justj.openjdk.hotspot.jre.full.stripped.win32.x86_64_21.0.7.v20250502-0916\jre\bin\java.dll
0x00007fff5e920000 - 0x00007fff5e93b000 	C:\WINDOWS\SYSTEM32\kernel.appcore.dll
0x00007fff610f0000 - 0x00007fff61843000 	C:\WINDOWS\System32\SHELL32.dll
0x00007fff60590000 - 0x00007fff606fa000 	C:\WINDOWS\System32\wintypes.dll
0x00007fff5d790000 - 0x00007fff5dfee000 	C:\WINDOWS\SYSTEM32\windows.storage.dll
0x00007fff607c0000 - 0x00007fff608b5000 	C:\WINDOWS\System32\SHCORE.dll
0x00007fff62640000 - 0x00007fff626a6000 	C:\WINDOWS\System32\shlwapi.dll
0x00007fff5fa90000 - 0x00007fff5fab9000 	C:\WINDOWS\SYSTEM32\profapi.dll
0x00007fff44b80000 - 0x00007fff44b98000 	D:\ra_ra6m5\RA\eclipse\plugins\org.eclipse.justj.openjdk.hotspot.jre.full.stripped.win32.x86_64_21.0.7.v20250502-0916\jre\bin\zip.dll
0x00007fff57d50000 - 0x00007fff57d60000 	D:\ra_ra6m5\RA\eclipse\plugins\org.eclipse.justj.openjdk.hotspot.jre.full.stripped.win32.x86_64_21.0.7.v20250502-0916\jre\bin\net.dll
0x00007fff57460000 - 0x00007fff57588000 	C:\WINDOWS\SYSTEM32\WINHTTP.dll
0x00007fff5ee90000 - 0x00007fff5eefb000 	C:\WINDOWS\system32\mswsock.dll
0x00007fff44b10000 - 0x00007fff44b26000 	D:\ra_ra6m5\RA\eclipse\plugins\org.eclipse.justj.openjdk.hotspot.jre.full.stripped.win32.x86_64_21.0.7.v20250502-0916\jre\bin\nio.dll
0x00007fff5c7e0000 - 0x00007fff5c88b000 	C:\WINDOWS\system32\uxtheme.dll
0x00007fff62310000 - 0x00007fff6246e000 	C:\WINDOWS\System32\MSCTF.dll
0x00007fff60c60000 - 0x00007fff60d10000 	C:\WINDOWS\System32\clbcatq.dll
0x00007fff21f50000 - 0x00007fff22098000 	C:\WINDOWS\SYSTEM32\textinputframework.dll
0x00007fff59c50000 - 0x00007fff59d77000 	C:\WINDOWS\SYSTEM32\CoreMessaging.dll
0x00007fff55ae0000 - 0x00007fff55dc2000 	C:\WINDOWS\SYSTEM32\CoreUIComponents.dll
0x00007fff5f170000 - 0x00007fff5f17c000 	C:\WINDOWS\SYSTEM32\CRYPTBASE.DLL
0x00007ffef4030000 - 0x00007ffef4238000 	C:\WINDOWS\system32\SogouTSF.ime
0x00007fff42180000 - 0x00007fff42188000 	C:\WINDOWS\system32\MSIMG32.dll
0x00007ffef3700000 - 0x00007ffef402c000 	C:\WINDOWS\system32\SogouPy.ime
0x00007fff361b0000 - 0x00007fff36229000 	C:\WINDOWS\SYSTEM32\OLEACC.dll
0x00007fff5ea40000 - 0x00007fff5ea76000 	C:\WINDOWS\SYSTEM32\ntmarta.dll
0x0000000010000000 - 0x00000000101c1000 	D:\software\sogou_pinyin\SogouInput\11.1.0.5032\Resource.dll
0x00007fff5cc90000 - 0x00007fff5ccc0000 	C:\WINDOWS\SYSTEM32\dwmapi.dll
0x00007fff608d0000 - 0x00007fff608d8000 	C:\WINDOWS\System32\PSAPI.DLL
0x00007fff221c0000 - 0x00007fff22273000 	C:\WINDOWS\SYSTEM32\TextShaping.dll
0x00007fff46030000 - 0x00007fff46040000 	D:\ra_ra6m5\RA\eclipse\plugins\org.eclipse.justj.openjdk.hotspot.jre.full.stripped.win32.x86_64_21.0.7.v20250502-0916\jre\bin\verify.dll
0x00007fff36410000 - 0x00007fff36431000 	D:\ra_ra6m5\RA\eclipse\configuration\org.eclipse.osgi\366\0\.cp\swt-osversion-win32-4969r18.dll
0x00007fff2f4d0000 - 0x00007fff2f59a000 	D:\ra_ra6m5\RA\eclipse\configuration\org.eclipse.osgi\366\0\.cp\swt-win32-4969r18.dll
0x00007fff62480000 - 0x00007fff62570000 	C:\WINDOWS\System32\COMDLG32.dll
0x00007fff360f0000 - 0x00007fff361a1000 	C:\WINDOWS\SYSTEM32\WINSPOOL.DRV
0x00007fff1fb10000 - 0x00007fff1fb29000 	C:\WINDOWS\SYSTEM32\USP10.dll
0x00007fff3ebf0000 - 0x00007fff3ee78000 	C:\WINDOWS\SYSTEM32\WININET.dll
0x00007fff402b0000 - 0x00007fff40490000 	C:\WINDOWS\SYSTEM32\urlmon.dll
0x00007fff57e90000 - 0x00007fff57f93000 	C:\WINDOWS\SYSTEM32\PROPSYS.dll
0x00007fff5f6e0000 - 0x00007fff5f737000 	C:\WINDOWS\SYSTEM32\cfgmgr32.dll
0x00007fff3ffe0000 - 0x00007fff402a5000 	C:\WINDOWS\SYSTEM32\iertutil.dll
0x00007fff5e290000 - 0x00007fff5e29d000 	C:\WINDOWS\SYSTEM32\netutils.dll
0x00007fff3ffa0000 - 0x00007fff3ffc9000 	C:\WINDOWS\SYSTEM32\srvcli.dll
0x00007fff35c40000 - 0x00007fff35c6c000 	D:\ra_ra6m5\RA\eclipse\configuration\org.eclipse.osgi\366\0\.cp\swt-gdip-win32-4969r18.dll
0x00007fff36230000 - 0x00007fff36409000 	C:\WINDOWS\WinSxS\amd64_microsoft.windows.gdiplus_6595b64144ccf1df_1.1.26100.7309_none_6ef0f1d03dc91a12\gdiplus.dll
0x00007fff585e0000 - 0x00007fff58810000 	C:\WINDOWS\SYSTEM32\WindowsCodecs.dll
0x00007fff5f150000 - 0x00007fff5f16b000 	C:\WINDOWS\SYSTEM32\CRYPTSP.dll
0x00007fff5e880000 - 0x00007fff5e8ba000 	C:\WINDOWS\system32\rsaenh.dll
0x00007fff5ef40000 - 0x00007fff5ef6b000 	C:\WINDOWS\SYSTEM32\USERENV.dll
0x00007fff5fa60000 - 0x00007fff5fa8a000 	C:\WINDOWS\SYSTEM32\bcrypt.dll
0x00007fff5e380000 - 0x00007fff5e3b4000 	C:\WINDOWS\SYSTEM32\IPHLPAPI.DLL
0x00007fff62920000 - 0x00007fff6292a000 	C:\WINDOWS\System32\NSI.dll
0x00007fff21c30000 - 0x00007fff21dbe000 	D:\ra_ra6m5\RA\eclipse\plugins\org.eclipse.justj.openjdk.hotspot.jre.full.stripped.win32.x86_64_21.0.7.v20250502-0916\jre\bin\awt.dll
0x00007fff38040000 - 0x00007fff380c9000 	C:\WINDOWS\SYSTEM32\MSVCP140.dll
0x00007fff5a010000 - 0x00007fff5a0af000 	C:\WINDOWS\SYSTEM32\apphelp.dll
0x00007fff30a80000 - 0x00007fff30b02000 	D:\ra_ra6m5\RA\eclipse\plugins\org.eclipse.justj.openjdk.hotspot.jre.full.stripped.win32.x86_64_21.0.7.v20250502-0916\jre\bin\mlib_image.dll
0x00007fff58840000 - 0x00007fff58aa7000 	C:\WINDOWS\SYSTEM32\DWrite.dll
0x00007fff298e0000 - 0x00007fff29929000 	C:\Users\dell\AppData\Local\Temp\jna-3079617\jna7921368305599974622.dll
0x00007fff5fb70000 - 0x00007fff5fce7000 	C:\WINDOWS\System32\Crypt32.dll
0x00007fff5f760000 - 0x00007fff5f76a000 	C:\WINDOWS\System32\DPAPI.dll
0x00007fff45fe0000 - 0x00007fff45fee000 	D:\ra_ra6m5\RA\eclipse\plugins\org.eclipse.justj.openjdk.hotspot.jre.full.stripped.win32.x86_64_21.0.7.v20250502-0916\jre\bin\sunmscapi.dll
0x00007fff5f370000 - 0x00007fff5f3a0000 	C:\WINDOWS\SYSTEM32\ncrypt.dll
0x00007fff5f320000 - 0x00007fff5f35f000 	C:\WINDOWS\SYSTEM32\NTASN1.dll
0x00007fff5e420000 - 0x00007fff5e54c000 	C:\WINDOWS\SYSTEM32\DNSAPI.dll
0x00000000588f0000 - 0x00000000588fb000 	C:\Program Files\National Instruments\Shared\mDNS Responder\nimdnsNSP.dll
0x00000000588d0000 - 0x00000000588e1000 	C:\WINDOWS\SYSTEM32\nimdnsResponder.dll
0x00007fff56080000 - 0x00007fff5608b000 	C:\Windows\System32\rasadhlp.dll
0x00007fff57ad0000 - 0x00007fff57b56000 	C:\WINDOWS\System32\fwpuclnt.dll
0x00007fff45ed0000 - 0x00007fff45ed9000 	D:\ra_ra6m5\RA\eclipse\plugins\org.eclipse.justj.openjdk.hotspot.jre.full.stripped.win32.x86_64_21.0.7.v20250502-0916\jre\bin\extnet.dll
0x00007fff18860000 - 0x00007fff188a4000 	C:\WINDOWS\system32\mlang.dll
0x00007fff1e5f0000 - 0x00007fff1e751000 	D:\ra_ra6m5\RA\eclipse\plugins\com.equo.chromium.cef.win32.win32.x86_64_128.0.20\chromium-6613\chrome_elf.dll
0x00007ffe6b6a0000 - 0x00007ffe79eb7000 	D:\ra_ra6m5\RA\eclipse\plugins\com.equo.chromium.cef.win32.win32.x86_64_128.0.20\chromium-6613\libcef.dll
0x00007fff60500000 - 0x00007fff60580000 	C:\WINDOWS\System32\WINTRUST.dll
0x00007fff5a0c0000 - 0x00007fff5a0cd000 	C:\WINDOWS\SYSTEM32\Secur32.dll
0x00007fff57600000 - 0x00007fff57623000 	C:\WINDOWS\SYSTEM32\dhcpcsvc.DLL
0x00007fff5ebc0000 - 0x00007fff5ec09000 	C:\WINDOWS\SYSTEM32\SSPICLI.DLL
0x00007fff5f280000 - 0x00007fff5f293000 	C:\WINDOWS\SYSTEM32\MSASN1.dll
0x00007ffef59b0000 - 0x00007ffef5c78000 	D:\ra_ra6m5\RA\eclipse\plugins\com.equo.chromium.cef.win32.win32.x86_64_128.0.20\chromium-6613\equochro.dll

dbghelp: loaded successfully - version: 4.0.5 - missing functions: none
symbol engine: initialized successfully - sym options: 0x614 - pdb path: .;D:\ra_ra6m5\RA\eclipse;C:\WINDOWS\SYSTEM32;C:\WINDOWS\WinSxS\amd64_microsoft.windows.common-controls_6595b64144ccf1df_6.0.26100.7309_none_3e05feeae336a044;D:\ra_ra6m5\RA\eclipse\plugins\org.eclipse.equinox.launcher.win32.win32.x86_64_1.2.1300.v20250331-1702;D:\ra_ra6m5\RA\eclipse\plugins\org.eclipse.justj.openjdk.hotspot.jre.full.stripped.win32.x86_64_21.0.7.v20250502-0916\jre\bin\server;D:\ra_ra6m5\RA\eclipse\plugins\org.eclipse.justj.openjdk.hotspot.jre.full.stripped.win32.x86_64_21.0.7.v20250502-0916\jre\bin;D:\software\sogou_pinyin\SogouInput\11.1.0.5032;D:\ra_ra6m5\RA\eclipse\configuration\org.eclipse.osgi\366\0\.cp;C:\WINDOWS\WinSxS\amd64_microsoft.windows.gdiplus_6595b64144ccf1df_1.1.26100.7309_none_6ef0f1d03dc91a12;C:\Users\dell\AppData\Local\Temp\jna-3079617;C:\Program Files\National Instruments\Shared\mDNS Responder;D:\ra_ra6m5\RA\eclipse\plugins\com.equo.chromium.cef.win32.win32.x86_64_128.0.20\chromium-6613

VM Arguments:
jvm_args: -Declipse.p2.max.threads=10 -Dosgi.requiredJavaVersion=17 -Dorg.slf4j.simpleLogger.defaultLogLevel=off -XX:+UseG1GC -XX:+UseStringDeduplication -Xms512m -Xmx3g --add-modules=ALL-SYSTEM -Dcom.renesas.cdt.core.ui.menus.RenesasViewsMenuFactory.hide=true -Dswt.autoScale=quarter -Dswt.autoScale.method=smooth 
java_command: <unknown>
java_class_path (initial): D:\ra_ra6m5\RA\eclipse\\plugins/org.eclipse.equinox.launcher_1.7.0.v20250717-1148.jar
Launcher Type: generic

[Global flags]
     intx CICompilerCount                          = 12                                        {product} {ergonomic}
     uint ConcGCThreads                            = 3                                         {product} {ergonomic}
     uint G1ConcRefinementThreads                  = 13                                        {product} {ergonomic}
   size_t G1HeapRegionSize                         = 2097152                                   {product} {ergonomic}
    uintx GCDrainStackTargetSize                   = 64                                        {product} {ergonomic}
   size_t InitialHeapSize                          = 536870912                                 {product} {command line}
   size_t MarkStackSize                            = 4194304                                   {product} {ergonomic}
   size_t MaxHeapSize                              = 3221225472                                {product} {command line}
   size_t MaxNewSize                               = 1931476992                                {product} {ergonomic}
   size_t MinHeapDeltaBytes                        = 2097152                                   {product} {ergonomic}
   size_t MinHeapSize                              = 536870912                                 {product} {command line}
    uintx NonNMethodCodeHeapSize                   = 7602480                                {pd product} {ergonomic}
    uintx NonProfiledCodeHeapSize                  = 122027880                              {pd product} {ergonomic}
    uintx ProfiledCodeHeapSize                     = 122027880                              {pd product} {ergonomic}
    uintx ReservedCodeCacheSize                    = 251658240                              {pd product} {ergonomic}
     bool SegmentedCodeCache                       = true                                      {product} {ergonomic}
   size_t SoftMaxHeapSize                          = 3221225472                             {manageable} {ergonomic}
     bool UseCompressedOops                        = true                           {product lp64_product} {ergonomic}
     bool UseG1GC                                  = true                                      {product} {command line}
     bool UseLargePagesIndividualAllocation        = false                                  {pd product} {ergonomic}
     bool UseStringDeduplication                   = true                                      {product} {command line}

Logging:
Log output configuration:
 #0: stdout all=warning uptime,level,tags foldmultilines=false
 #1: stderr all=off uptime,level,tags foldmultilines=false

Environment Variables:
PATH=D:\software\keil\ARM\ARMCLANG\Bin;D:\software\Cuda\bin;D:\software\Cuda\libnvvp;C:\Program Files\Common Files\Oracle\Java\javapath;C:\Program Files (x86)\Common Files\Intel\Shared Libraries\redist\intel64_win\compiler;C:\Program Files (x86)\Common Files\Intel\Shared Libraries\redist\intel64\compiler;C:\Windows\system32;C:\Windows;C:\Windows\System32\Wbem;C:\Windows\System32\WindowsPowerShell\v1.0\;C:\Windows\System32\OpenSSH\;C:\Program Files (x86)\NVIDIA Corporation\PhysX\Common;C:\Program Files\dotnet\;E:\linux资料\linu远程访问\xshell\;E:\linux资料\linu远程访问\xftp\;C:\WINDOWS\system32;C:\WINDOWS;C:\WINDOWS\System32\Wbem;C:\WINDOWS\System32\WindowsPowerShell\v1.0\;C:\WINDOWS\System32\OpenSSH\;D:\Git\Git\cmd;C:\Program Files\Tesseract-OCR;E:\hadoop\hadoop-3.1.3\bin;C:\Program Files\NVIDIA Corporation\NVIDIA app\NvDLISR;C:\Program Files\NVIDIA Corporation\Nsight Compute 2024.3.2\;D:\software\Cuda\include;D:\software\Cuda\llib;D:\software\Cuda\extras\CUPTI\lib64;D:\桌面\比赛资料\软件资料\MU\bin;D:\python\py3.10.6\Scripts\;D:\python\py3.10.6\;C:\Users\dell\AppData\Local\Microsoft\WindowsApps;C:\Users\dell\AppData\Local\JetBrains\Toolbox\scripts;C:\Users\dell\AppData\Local\Microsoft\WindowsApps;C:\Program Files\Tesseract-OCR;D:\software\Google\Chrome\Application;D:\software\Google\Chrome\Application\chrome.exe;D:\python\Anaconda\python.exe;D:\software\VSC\Microsoft VS Code\bin;D:\MSYS2\mingw64\bin;;D:\STM32\DevEnv\GNU-tools-for-STM32\bin
USERNAME=dell
OS=Windows_NT
PROCESSOR_IDENTIFIER=Intel64 Family 6 Model 154 Stepping 3, GenuineIntel
TMP=C:\Users\dell\AppData\Local\Temp
TEMP=C:\Users\dell\AppData\Local\Temp




Periodic native trim disabled

---------------  S Y S T E M  ---------------

OS:
 Windows 11 , 64 bit Build 26100 (10.0.26100.7623)
OS uptime: 0 days 3:41 hours

CPU: total 16 (initial active 16) (8 cores per cpu, 2 threads per core) family 6 model 154 stepping 3 microcode 0x437, cx8, cmov, fxsr, ht, mmx, 3dnowpref, sse, sse2, sse3, ssse3, sse4.1, sse4.2, popcnt, lzcnt, tsc, tscinvbit, avx, avx2, aes, erms, clmul, bmi1, bmi2, adx, sha, fma, vzeroupper, clflush, clflushopt, clwb, serialize, rdtscp, rdpid, fsrm, f16c, pku, cet_ibt, cet_ss
Processor Information for processor 0
  Max Mhz: 2500, Current Mhz: 1532, Mhz Limit: 2500
Processor Information for processor 1
  Max Mhz: 2500, Current Mhz: 2500, Mhz Limit: 2500
Processor Information for processor 2
  Max Mhz: 2500, Current Mhz: 2500, Mhz Limit: 2500
Processor Information for processor 3
  Max Mhz: 2500, Current Mhz: 2500, Mhz Limit: 2500
Processor Information for processor 4
  Max Mhz: 2500, Current Mhz: 2500, Mhz Limit: 2500
Processor Information for processor 5
  Max Mhz: 2500, Current Mhz: 2500, Mhz Limit: 2500
Processor Information for processor 6
  Max Mhz: 2500, Current Mhz: 1532, Mhz Limit: 2500
Processor Information for processor 7
  Max Mhz: 2500, Current Mhz: 2500, Mhz Limit: 2500
Processor Information for processor 8
  Max Mhz: 2500, Current Mhz: 2500, Mhz Limit: 2500
Processor Information for processor 9
  Max Mhz: 2500, Current Mhz: 2500, Mhz Limit: 2500
Processor Information for processor 10
  Max Mhz: 2500, Current Mhz: 1527, Mhz Limit: 2500
Processor Information for processor 11
  Max Mhz: 2500, Current Mhz: 2500, Mhz Limit: 2500
Processor Information for processor 12
  Max Mhz: 2500, Current Mhz: 1527, Mhz Limit: 2500
Processor Information for processor 13
  Max Mhz: 2500, Current Mhz: 2500, Mhz Limit: 2500
Processor Information for processor 14
  Max Mhz: 2500, Current Mhz: 1527, Mhz Limit: 2500
Processor Information for processor 15
  Max Mhz: 2500, Current Mhz: 1527, Mhz Limit: 2500

Memory: 4k page, system-wide physical 16068M (2872M free)
TotalPageFile size 29380M (AvailPageFile size 10579M)
current process WorkingSet (physical memory assigned to process): 995M, peak: 998M
current process commit charge ("private bytes"): 1184M, peak: 1188M

vm_info: OpenJDK 64-Bit Server VM (21.0.7+6-LTS) for windows-amd64 JRE (21.0.7+6-LTS), built on 2025-04-15T00:00:00Z by "admin" with MS VC++ 17.7 (VS2022)

END.
